user_id,signup_date,channel,device,plan,email_verified,first_feature_used,paid_conversion,profile_completed,signup,team_invited,furthest_stage,furthest_stage_order,converted,hours_to_verify,hours_to_profile,hours_to_activate,hours_to_team,hours_to_paid,hours_to_convert
U00001,2024-02-02,organic,desktop,freemium,,,,,2024-02-02,,signup,0,0,,,,,,
U00002,2024-10-09,paid_search,mobile,free_trial,2024-10-09 00:06:00.000000,,,,2024-10-09,,email_verified,1,0,0.1,,,,,
U00003,2024-08-26,referral,desktop,free_trial,2024-08-26 02:26:35.685470,2024-08-29 17:47:02.139033,,2024-08-26 06:54:43.279572,2024-08-26,,first_feature_used,3,0,2.443245963888889,4.4687761394444445,82.87190540583333,,,
U00004,2024-06-09,referral,desktop,freemium,,,,,2024-06-09,,signup,0,0,,,,,,
U00005,2024-06-07,organic,desktop,freemium,2024-06-07 00:06:00.000000,2024-06-09 06:31:29.318797,,2024-06-07 02:25:07.571247,2024-06-07,,first_feature_used,3,0,0.1,2.318769790833333,52.10604098611111,,,
U00006,2024-11-09,organic,mobile,free_trial,2024-11-09 03:34:28.221630,,,,2024-11-09,,email_verified,1,0,3.5745060083333335,,,,,
U00007,2024-02-01,referral,tablet,freemium,2024-02-01 01:13:56.749385,,,,2024-02-01,,email_verified,1,0,1.2324303847222222,,,,,
U00008,2024-09-11,referral,mobile,free_trial,2024-09-11 02:27:48.385022,,,,2024-09-11,,email_verified,1,0,2.463440283888889,,,,,
U00009,2024-03-14,paid_search,mobile,freemium,2024-03-14 00:06:00.000000,2024-03-19 02:41:15.744029,,2024-03-14 06:51:19.838905,2024-03-14,,first_feature_used,3,0,0.1,6.755510806944445,115.83219586777777,,,
U00010,2024-02-04,paid_search,desktop,freemium,2024-02-04 00:06:00.000000,2024-02-04 13:57:40.233770,2024-02-11 21:41:08.704329,2024-02-04 06:09:16.038006,2024-02-04,2024-02-10 22:51:59.673312,paid_conversion,5,1,0.1,6.054455001666667,7.806721045555555,152.90539987277776,22.8191752825,189.6857512025
U00011,2024-07-11,paid_search,mobile,free_trial,2024-07-11 00:51:18.514859,,,,2024-07-11,,email_verified,1,0,0.8551430163888889,,,,,
U00012,2024-12-22,organic,desktop,free_trial,2024-12-22 00:06:00.000000,,,2024-12-22 09:47:13.128708,2024-12-22,,profile_completed,2,0,0.1,9.686980196666665,,,,
U00013,2024-09-25,organic,desktop,free_trial,2024-09-25 00:19:15.891219,,,,2024-09-25,,email_verified,1,0,0.3210808941666667,,,,,
U00014,2024-10-04,organic,mobile,freemium,2024-10-04 00:06:00.000000,,,,2024-10-04,,email_verified,1,0,0.1,,,,,
U00015,2024-09-18,organic,mobile,free_trial,,,,,2024-09-18,,signup,0,0,,,,,,
U00016,2024-10-13,referral,desktop,freemium,,,,,2024-10-13,,signup,0,0,,,,,,
U00017,2024-07-06,organic,mobile,free_trial,2024-07-06 00:06:00.000000,,,2024-07-06 04:16:12.593142,2024-07-06,,profile_completed,2,0,0.1,4.170164761666666,,,,
U00018,2024-02-16,organic,mobile,free_trial,2024-02-16 00:32:58.996192,,,,2024-02-16,,email_verified,1,0,0.5497211644444444,,,,,
U00019,2024-11-02,paid_search,desktop,free_trial,2024-11-02 00:06:00.000000,,,2024-11-02 11:12:56.443507,2024-11-02,,profile_completed,2,0,0.1,11.115678751944445,,,,
U00020,2024-06-13,organic,desktop,free_trial,2024-06-13 00:06:00.000000,,,,2024-06-13,,email_verified,1,0,0.1,,,,,
U00021,2024-07-01,organic,desktop,free_trial,2024-07-01 00:06:00.000000,,,2024-07-02 06:29:34.639109,2024-07-01,,profile_completed,2,0,0.1,30.392955308055555,,,,
U00022,2024-05-15,paid_search,desktop,freemium,2024-05-15 00:06:00.000000,,,2024-05-15 00:23:37.010027,2024-05-15,,profile_completed,2,0,0.1,0.2936138963888889,,,,
U00023,2024-03-07,organic,desktop,freemium,,,,,2024-03-07,,signup,0,0,,,,,,
U00024,2024-12-04,paid_search,desktop,free_trial,2024-12-04 01:18:47.888094,2024-12-04 01:30:47.888094,,2024-12-04 01:24:47.888094,2024-12-04,,first_feature_used,3,0,1.3133022483333332,0.1,0.1,,,
U00025,2024-10-12,referral,desktop,freemium,2024-10-12 01:22:01.701411,,,,2024-10-12,,email_verified,1,0,1.3671392808333334,,,,,
U00026,2024-08-23,organic,desktop,free_trial,2024-08-23 00:06:00.000000,,,,2024-08-23,,email_verified,1,0,0.1,,,,,
U00027,2024-05-26,referral,mobile,freemium,,,,,2024-05-26,,signup,0,0,,,,,,
U00028,2024-10-27,referral,mobile,free_trial,2024-10-27 00:06:00.000000,,,2024-10-27 13:56:37.470684,2024-10-27,,profile_completed,2,0,0.1,13.843741856666666,,,,
U00029,2024-07-18,referral,desktop,freemium,,,,,2024-07-18,,signup,0,0,,,,,,
U00030,2024-06-10,paid_search,desktop,free_trial,2024-06-10 00:06:00.000000,2024-06-10 23:55:53.119096,,2024-06-10 23:42:41.779332,2024-06-10,,first_feature_used,3,0,0.1,23.611605370000003,0.2198166011111111,,,
U00031,2024-06-13,paid_search,desktop,free_trial,2024-06-13 00:19:36.548880,2024-06-13 13:32:00.181189,,2024-06-13 13:26:00.181189,2024-06-13,,first_feature_used,3,0,0.32681913333333334,13.106564530277778,0.1,,,
U00032,2024-03-23,paid_search,desktop,freemium,2024-03-23 00:06:00.000000,2024-03-23 00:18:00.000000,,2024-03-23 00:12:00.000000,2024-03-23,,first_feature_used,3,0,0.1,0.1,0.1,,,
U00033,2024-02-03,paid_search,desktop,free_trial,,,,,2024-02-03,,signup,0,0,,,,,,
U00034,2024-07-21,organic,desktop,free_trial,2024-07-21 00:06:00.000000,2024-07-23 05:39:00.294418,,2024-07-22 00:42:04.378241,2024-07-21,,first_feature_used,3,0,0.1,24.601216178055555,28.948865604722226,,,
U00035,2024-11-20,referral,desktop,free_trial,2024-11-20 01:38:12.190271,2024-11-21 03:30:30.901921,,2024-11-20 01:44:12.190271,2024-11-20,,first_feature_used,3,0,1.6367195197222224,0.1,25.77186434722222,,,
U00036,2024-01-24,paid_search,tablet,freemium,2024-01-24 02:16:47.599980,2024-01-24 02:28:47.599980,,2024-01-24 02:22:47.599980,2024-01-24,,first_feature_used,3,0,2.2798888833333337,0.1,0.1,,,
U00037,2024-11-09,paid_search,desktop,free_trial,2024-11-09 00:06:00.000000,2024-11-09 13:04:24.204687,,2024-11-09 12:58:24.204687,2024-11-09,,first_feature_used,3,0,0.1,12.873390190833332,0.1,,,
U00038,2024-10-29,organic,mobile,free_trial,2024-10-29 03:56:34.894381,,,,2024-10-29,,email_verified,1,0,3.9430262169444443,,,,,
U00039,2024-04-11,organic,desktop,freemium,,,,,2024-04-11,,signup,0,0,,,,,,
U00040,2024-08-18,paid_search,desktop,freemium,2024-08-18 00:06:00.000000,,,,2024-08-18,,email_verified,1,0,0.1,,,,,
U00041,2024-03-01,paid_search,tablet,free_trial,2024-03-01 02:09:40.389760,2024-03-02 00:11:57.744588,,2024-03-01 10:34:59.872371,2024-03-01,2024-03-02 00:17:57.744588,team_invited,4,0,2.161219377777778,8.422078503055555,13.616075615833333,0.1,,
U00042,2024-10-03,organic,desktop,freemium,2024-10-03 05:06:59.053133,,,2024-10-03 05:12:59.053133,2024-10-03,,profile_completed,2,0,5.116403648055556,0.1,,,,
U00043,2024-09-12,organic,mobile,free_trial,,,,,2024-09-12,,signup,0,0,,,,,,
U00044,2024-05-09,organic,tablet,free_trial,2024-05-09 01:33:45.732324,2024-05-10 23:16:49.686735,,2024-05-09 02:39:28.671201,2024-05-09,2024-05-15 05:17:29.213277,team_invited,4,0,1.5627034233333332,1.0952607991666667,44.622504315,102.010979595,,
U00045,2024-01-25,paid_search,desktop,free_trial,2024-01-25 00:06:00.000000,,,,2024-01-25,,email_verified,1,0,0.1,,,,,
U00046,2024-12-20,organic,desktop,freemium,2024-12-20 03:36:08.375914,,,,2024-12-20,,email_verified,1,0,3.602326642777778,,,,,
U00047,2024-06-11,referral,desktop,freemium,2024-06-11 02:07:49.010075,,,2024-06-11 02:13:49.010075,2024-06-11,,profile_completed,2,0,2.130280576388889,0.1,,,,
U00048,2024-11-21,organic,desktop,free_trial,2024-11-21 00:06:00.000000,,,2024-11-21 22:44:39.836204,2024-11-21,,profile_completed,2,0,0.1,22.644398945555558,,,,
U00049,2024-09-04,organic,desktop,free_trial,2024-09-04 01:51:53.915641,2024-09-05 07:52:26.922612,,2024-09-04 14:04:36.834417,2024-09-04,,first_feature_used,3,0,1.8649765669444442,12.211921882222223,17.797246720833332,,,
U00050,2024-10-11,organic,desktop,free_trial,,,,,2024-10-11,,signup,0,0,,,,,,
U00051,2024-10-04,paid_search,mobile,free_trial,2024-10-04 00:32:10.046995,,,,2024-10-04,,email_verified,1,0,0.5361241652777777,,,,,
U00052,2024-03-12,paid_search,mobile,free_trial,2024-03-12 01:32:06.708319,,,2024-03-12 05:43:59.055774,2024-03-12,,profile_completed,2,0,1.5351967552777779,4.1978742930555555,,,,
U00053,2024-05-12,paid_search,desktop,freemium,2024-05-12 00:34:32.877673,,,2024-05-12 00:40:32.877673,2024-05-12,,profile_completed,2,0,0.5757993536111111,0.1,,,,
U00054,2024-06-19,referral,desktop,free_trial,2024-06-19 01:05:06.237819,,,2024-06-19 01:11:06.237819,2024-06-19,,profile_completed,2,0,1.0850660608333333,0.1,,,,
U00055,2024-06-30,organic,mobile,freemium,2024-06-30 01:42:51.822274,2024-06-30 19:08:02.223735,,2024-06-30 11:29:23.321564,2024-06-30,2024-07-08 00:20:34.420094,team_invited,4,0,1.714395076111111,9.775416469444444,7.644139491944445,173.20894343305557,,
U00056,2024-01-16,paid_search,tablet,free_trial,,,,,2024-01-16,,signup,0,0,,,,,,
U00057,2024-07-18,organic,desktop,free_trial,2024-07-18 00:06:00.000000,,,,2024-07-18,,email_verified,1,0,0.1,,,,,
U00058,2024-02-26,organic,desktop,free_trial,2024-02-26 00:06:00.000000,2024-02-26 00:18:00.000000,,2024-02-26 00:12:00.000000,2024-02-26,2024-02-29 13:49:39.837057,team_invited,4,0,0.1,0.1,0.1,85.52773251583334,,
U00059,2024-09-28,paid_search,mobile,freemium,2024-09-28 03:54:45.513535,,,2024-09-28 11:06:30.512639,2024-09-28,,profile_completed,2,0,3.912642648611111,7.195833084444444,,,,
U00060,2024-09-06,organic,mobile,free_trial,2024-09-06 03:17:47.365950,,,,2024-09-06,,email_verified,1,0,3.2964905416666666,,,,,
U00061,2024-12-02,paid_search,tablet,free_trial,2024-12-02 02:02:51.627977,,,,2024-12-02,,email_verified,1,0,2.0476744380555556,,,,,
U00062,2024-09-28,paid_search,desktop,free_trial,2024-09-28 00:38:38.340015,2024-10-01 13:53:46.655110,,2024-09-28 00:44:38.340015,2024-09-28,2024-10-01 13:59:46.655110,team_invited,4,0,0.6439833375,0.1,85.15230974861112,0.1,,
U00063,2024-05-13,paid_search,desktop,freemium,2024-05-13 00:06:00.000000,2024-05-13 22:54:13.395966,,2024-05-13 00:12:00.000000,2024-05-13,2024-05-15 10:19:19.565147,team_invited,4,0,0.1,0.1,22.703721101666666,35.418380328055555,,
U00064,2024-12-19,paid_search,desktop,freemium,,,,,2024-12-19,,signup,0,0,,,,,,
U00065,2024-05-29,paid_search,desktop,free_trial,2024-05-29 03:16:10.128714,,,2024-05-30 06:11:22.599491,2024-05-29,,profile_completed,2,0,3.2694801983333335,26.920130771388887,,,,
U00066,2024-04-28,organic,mobile,free_trial,,,,,2024-04-28,,signup,0,0,,,,,,
U00067,2024-11-26,organic,desktop,free_trial,2024-11-26 01:32:18.316117,2024-11-27 14:30:30.253537,,2024-11-26 08:42:43.245199,2024-11-26,2024-11-27 14:36:30.253537,team_invited,4,0,1.5384211436111113,7.173591411666666,29.796391205,0.1,,
U00068,2024-05-15,organic,mobile,free_trial,,,,,2024-05-15,,signup,0,0,,,,,,
U00069,2024-01-28,paid_search,tablet,freemium,2024-01-28 00:35:12.471962,,,,2024-01-28,,email_verified,1,0,0.5867977672222222,,,,,
U00070,2024-06-20,referral,tablet,free_trial,2024-06-20 00:06:00.000000,2024-06-23 03:21:39.487034,,2024-06-20 00:12:00.000000,2024-06-20,,first_feature_used,3,0,0.1,0.1,75.16096862055555,,,
U00071,2024-10-17,organic,mobile,freemium,,,,,2024-10-17,,signup,0,0,,,,,,
U00072,2024-03-10,paid_search,tablet,freemium,2024-03-10 03:38:05.005373,,,2024-03-10 03:44:05.005373,2024-03-10,,profile_completed,2,0,3.634723714722222,0.1,,,,
U00073,2024-06-17,paid_search,desktop,freemium,2024-06-17 01:36:13.973944,,,,2024-06-17,,email_verified,1,0,1.6038816511111111,,,,,
U00074,2024-02-17,referral,desktop,free_trial,2024-02-17 01:50:38.212975,2024-02-17 02:02:38.212975,,2024-02-17 01:56:38.212975,2024-02-17,2024-02-24 06:43:09.765250,team_invited,4,0,1.8439480486111113,0.1,0.1,172.6754311875,,
U00075,2024-09-07,paid_search,desktop,freemium,,,,,2024-09-07,,signup,0,0,,,,,,
U00076,2024-06-22,paid_search,tablet,free_trial,2024-06-22 00:33:44.471966,2024-06-24 17:00:27.691737,2024-07-10 00:06:19.758073,2024-06-22 18:01:09.139324,2024-06-22,2024-07-02 21:34:02.637515,paid_conversion,5,1,0.5623533238888889,17.456852043888887,46.988486781388886,196.55970716055558,170.5380890438889,432.1054883536111
U00077,2024-04-30,paid_search,tablet,free_trial,2024-04-30 00:06:00.000000,2024-04-30 03:47:34.249094,2024-05-19 00:15:46.962672,2024-04-30 03:41:34.249094,2024-04-30,2024-04-30 03:53:34.249094,paid_conversion,5,1,0.1,3.5928469705555557,0.1,0.1,452.3701982161111,456.26304518666666
U00078,2024-03-23,referral,desktop,freemium,2024-03-23 02:19:58.186249,,,,2024-03-23,,email_verified,1,0,2.3328295136111112,,,,,
U00079,2024-07-25,organic,desktop,free_trial,2024-07-25 01:54:58.461099,,,,2024-07-25,,email_verified,1,0,1.9162391941666668,,,,,
U00080,2024-09-01,referral,desktop,free_trial,2024-09-01 02:08:27.265732,2024-09-04 16:09:10.605965,,2024-09-01 02:14:27.265732,2024-09-01,,first_feature_used,3,0,2.140907147777778,0.1,85.91203895361112,,,
U00081,2024-12-09,organic,desktop,free_trial,2024-12-09 00:06:00.000000,,,,2024-12-09,,email_verified,1,0,0.1,,,,,
U00082,2024-06-08,referral,mobile,free_trial,2024-06-08 00:06:00.000000,,,,2024-06-08,,email_verified,1,0,0.1,,,,,
U00083,2024-02-28,organic,desktop,freemium,,,,,2024-02-28,,signup,0,0,,,,,,
U00084,2024-10-30,organic,mobile,freemium,,,,,2024-10-30,,signup,0,0,,,,,,
U00085,2024-08-17,organic,desktop,freemium,,,,,2024-08-17,,signup,0,0,,,,,,
U00086,2024-09-12,organic,desktop,free_trial,2024-09-12 00:06:00.000000,2024-09-17 08:05:12.618748,,2024-09-12 08:33:36.580431,2024-09-12,,first_feature_used,3,0,0.1,8.460161230833332,119.52667731027779,,,
U00087,2024-02-05,organic,desktop,free_trial,2024-02-05 00:06:00.000000,2024-02-05 06:39:24.864146,,2024-02-05 06:33:24.864146,2024-02-05,,first_feature_used,3,0,0.1,6.456906707222222,0.1,,,
U00088,2024-04-24,organic,tablet,free_trial,,,,,2024-04-24,,signup,0,0,,,,,,
U00089,2024-10-07,paid_search,mobile,free_trial,2024-10-07 00:06:00.000000,,,,2024-10-07,,email_verified,1,0,0.1,,,,,
U00090,2024-10-30,organic,desktop,freemium,2024-10-30 00:57:39.135027,2024-10-31 03:39:29.740765,,2024-10-30 20:11:13.094592,2024-10-30,,first_feature_used,3,0,0.9608708408333333,19.226099879166664,7.471290603611111,,,
U00091,2024-06-07,paid_search,desktop,freemium,2024-06-07 01:12:18.232512,,,2024-06-07 01:18:18.232512,2024-06-07,,profile_completed,2,0,1.2050645866666665,0.1,,,,
U00092,2024-10-20,referral,tablet,freemium,2024-10-20 00:06:00.000000,,,,2024-10-20,,email_verified,1,0,0.1,,,,,
U00093,2024-11-03,paid_search,mobile,freemium,,,,,2024-11-03,,signup,0,0,,,,,,
U00094,2024-05-21,organic,mobile,free_trial,2024-05-21 00:06:00.000000,,,2024-05-22 01:47:26.838694,2024-05-21,,profile_completed,2,0,0.1,25.690788526111113,,,,
U00095,2024-11-23,organic,mobile,freemium,2024-11-23 00:27:28.032669,,,,2024-11-23,,email_verified,1,0,0.4577868525,,,,,
U00096,2024-04-15,referral,mobile,freemium,,,,,2024-04-15,,signup,0,0,,,,,,
U00097,2024-03-28,organic,desktop,freemium,,,,,2024-03-28,,signup,0,0,,,,,,
U00098,2024-09-06,organic,mobile,free_trial,2024-09-06 00:25:46.097294,2024-09-06 19:45:56.449176,,2024-09-06 00:31:46.097294,2024-09-06,,first_feature_used,3,0,0.4294714705555555,0.1,19.236208856111112,,,
U00099,2024-08-20,referral,desktop,freemium,2024-08-20 00:06:00.000000,2024-08-21 10:53:34.573983,,2024-08-20 15:47:42.242993,2024-08-20,2024-08-21 10:59:34.573983,team_invited,4,0,0.1,15.695067498055556,19.097869719444446,0.1,,
U00100,2024-02-21,referral,desktop,free_trial,2024-02-21 00:14:10.307669,2024-02-21 19:59:55.332252,,2024-02-21 00:20:10.307669,2024-02-21,2024-02-28 06:40:04.585641,team_invited,4,0,0.23619657472222222,0.1,19.662506828611114,154.6692370525,,
U00101,2024-10-30,organic,tablet,freemium,2024-10-30 00:06:00.000000,,,,2024-10-30,,email_verified,1,0,0.1,,,,,
U00102,2024-03-13,paid_search,tablet,freemium,2024-03-13 00:06:00.000000,,,,2024-03-13,,email_verified,1,0,0.1,,,,,
U00103,2024-10-20,paid_search,desktop,freemium,2024-10-20 03:12:00.382447,2024-10-20 05:37:01.032073,,2024-10-20 03:18:00.382447,2024-10-20,,first_feature_used,3,0,3.2001062352777776,0.1,2.3168471183333335,,,
U00104,2024-01-03,paid_search,desktop,free_trial,2024-01-03 00:45:42.864501,2024-01-04 22:34:13.386253,,2024-01-03 20:27:19.883855,2024-01-03,2024-01-04 22:40:13.386253,team_invited,4,0,0.7619068058333334,19.693616487222222,26.11486177722222,0.1,,
U00105,2024-10-17,organic,mobile,free_trial,2024-10-17 01:27:14.322115,,,2024-10-17 01:33:14.322115,2024-10-17,,profile_completed,2,0,1.4539783652777778,0.1,,,,
U00106,2024-10-14,organic,tablet,freemium,,,,,2024-10-14,,signup,0,0,,,,,,
U00107,2024-10-11,paid_search,mobile,freemium,2024-10-11 03:43:25.741246,,,,2024-10-11,,email_verified,1,0,3.723817012777778,,,,,
U00108,2024-08-30,organic,desktop,freemium,2024-08-30 01:37:09.874413,2024-09-01 10:32:22.777931,,2024-08-30 01:43:09.874413,2024-08-30,,first_feature_used,3,0,1.6194095591666666,0.1,56.82025097722222,,,
U00109,2024-06-21,paid_search,desktop,free_trial,2024-06-21 00:06:00.000000,2024-06-22 20:10:54.307988,,2024-06-21 21:14:49.168127,2024-06-21,,first_feature_used,3,0,0.1,21.14699114638889,22.934761072500002,,,
U00110,2024-09-14,organic,mobile,freemium,,,,,2024-09-14,,signup,0,0,,,,,,
U00111,2024-04-11,referral,mobile,freemium,2024-04-11 00:37:55.242225,2024-04-13 13:27:12.328718,,2024-04-11 00:43:55.242225,2024-04-11,2024-04-18 09:49:56.700630,team_invited,4,0,0.6320117291666667,0.1,60.72141291472222,116.37899219777778,,
U00112,2024-10-11,referral,mobile,free_trial,2024-10-11 01:20:51.702985,2024-10-11 09:38:48.655919,2024-10-16 11:48:20.808909,2024-10-11 09:32:48.655919,2024-10-11,2024-10-12 14:04:46.295170,paid_conversion,5,1,1.3476952736111112,8.199153592777778,0.1,28.432677569722223,93.72625381638889,131.8057802525
U00113,2024-07-21,paid_search,mobile,free_trial,2024-07-21 01:36:25.425063,,,,2024-07-21,,email_verified,1,0,1.6070625175,,,,,
U00114,2024-06-16,paid_search,desktop,freemium,,,,,2024-06-16,,signup,0,0,,,,,,
U00115,2024-07-03,organic,desktop,free_trial,2024-07-03 01:26:18.744265,2024-07-05 00:07:56.685869,,2024-07-03 01:32:18.744265,2024-07-03,,first_feature_used,3,0,1.4385400736111111,0.1,46.593872667777774,,,
U00116,2024-07-26,paid_search,mobile,freemium,,,,,2024-07-26,,signup,0,0,,,,,,
U00117,2024-01-14,organic,desktop,freemium,,,,,2024-01-14,,signup,0,0,,,,,,
U00118,2024-02-21,referral,mobile,free_trial,2024-02-21 00:06:00.000000,,,2024-02-21 04:25:35.507011,2024-02-21,,profile_completed,2,0,0.1,4.326529725277778,,,,
U00119,2024-03-30,referral,mobile,free_trial,2024-03-30 00:06:00.000000,2024-03-31 05:28:52.339119,2024-04-07 00:47:58.970707,2024-03-30 00:12:00.000000,2024-03-30,2024-04-04 01:16:16.046108,paid_conversion,5,1,0.1,0.1,29.281205310833332,91.78991860805556,71.52859016638888,192.79971408527777
U00120,2024-02-11,referral,mobile,freemium,2024-02-11 00:34:46.731990,,,2024-02-11 00:40:46.731990,2024-02-11,,profile_completed,2,0,0.5796477750000001,0.1,,,,
U00121,2024-06-09,referral,desktop,freemium,2024-06-09 00:06:00.000000,,,,2024-06-09,,email_verified,1,0,0.1,,,,,
U00122,2024-08-31,referral,mobile,freemium,,,,,2024-08-31,,signup,0,0,,,,,,
U00123,2024-08-26,organic,desktop,freemium,2024-08-26 00:06:00.000000,,,,2024-08-26,,email_verified,1,0,0.1,,,,,
U00124,2024-06-20,referral,desktop,freemium,2024-06-20 00:06:00.000000,2024-06-20 22:10:34.937667,,2024-06-20 00:12:00.000000,2024-06-20,2024-06-27 20:44:32.631931,team_invited,4,0,0.1,0.1,21.976371574166667,166.56602618444447,,
U00125,2024-11-08,paid_search,desktop,freemium,,,,,2024-11-08,,signup,0,0,,,,,,
U00126,2024-07-25,organic,desktop,freemium,2024-07-25 01:18:55.250390,2024-07-25 10:11:27.423262,,2024-07-25 10:05:27.423262,2024-07-25,,first_feature_used,3,0,1.3153473305555556,8.775603575555555,0.1,,,
U00127,2024-01-29,paid_search,tablet,free_trial,2024-01-29 00:06:00.000000,2024-01-29 18:04:20.781805,,2024-01-29 17:58:20.781805,2024-01-29,,first_feature_used,3,0,0.1,17.872439390277776,0.1,,,
U00128,2024-10-06,organic,tablet,free_trial,2024-10-06 00:06:00.000000,,,2024-10-06 00:12:00.000000,2024-10-06,,profile_completed,2,0,0.1,0.1,,,,
U00129,2024-07-28,organic,desktop,free_trial,,,,,2024-07-28,,signup,0,0,,,,,,
U00130,2024-08-19,organic,mobile,freemium,,,,,2024-08-19,,signup,0,0,,,,,,
U00131,2024-07-25,organic,desktop,free_trial,,,,,2024-07-25,,signup,0,0,,,,,,
U00132,2024-07-21,paid_search,mobile,freemium,2024-07-21 00:06:00.000000,,,,2024-07-21,,email_verified,1,0,0.1,,,,,
U00133,2024-02-03,referral,mobile,freemium,,,,,2024-02-03,,signup,0,0,,,,,,
U00134,2024-07-23,paid_search,desktop,free_trial,2024-07-23 00:06:00.000000,,,2024-07-23 03:58:25.041677,2024-07-23,,profile_completed,2,0,0.1,3.8736226880555553,,,,
U00135,2024-10-17,paid_search,desktop,free_trial,2024-10-17 00:06:00.000000,2024-10-17 02:05:53.354762,,2024-10-17 01:59:53.354762,2024-10-17,,first_feature_used,3,0,0.1,1.8981541005555556,0.1,,,
U00136,2024-04-20,organic,desktop,freemium,2024-04-20 04:02:58.354404,,,,2024-04-20,,email_verified,1,0,4.04954289,,,,,
U00137,2024-08-08,paid_search,desktop,free_trial,2024-08-08 00:06:00.000000,2024-08-09 12:19:30.636439,,2024-08-08 06:28:14.516849,2024-08-08,2024-08-16 02:56:21.419476,team_invited,4,0,0.1,6.370699124722222,29.85447766388889,158.61410639916667,,
U00138,2024-01-12,organic,tablet,freemium,,,,,2024-01-12,,signup,0,0,,,,,,
U00139,2024-05-06,referral,desktop,free_trial,2024-05-06 00:06:00.000000,2024-05-08 05:15:07.343098,,2024-05-06 00:12:00.000000,2024-05-06,2024-05-13 17:42:02.936104,team_invited,4,0,0.1,0.1,53.05203974944445,132.448775835,,
U00140,2024-06-08,organic,desktop,free_trial,2024-06-08 04:39:57.462941,,,2024-06-08 04:45:57.462941,2024-06-08,,profile_completed,2,0,4.665961928055556,0.1,,,,
U00141,2024-12-24,paid_search,desktop,freemium,,,,,2024-12-24,,signup,0,0,,,,,,
U00142,2024-03-19,paid_search,tablet,free_trial,,,,,2024-03-19,,signup,0,0,,,,,,
U00143,2024-04-10,paid_search,desktop,free_trial,2024-04-10 00:44:41.455717,,,2024-04-10 00:50:41.455717,2024-04-10,,profile_completed,2,0,0.7448488102777777,0.1,,,,
U00144,2024-05-29,referral,mobile,free_trial,2024-05-29 00:06:00.000000,2024-05-29 00:18:00.000000,,2024-05-29 00:12:00.000000,2024-05-29,,first_feature_used,3,0,0.1,0.1,0.1,,,
U00145,2024-12-28,organic,mobile,free_trial,2024-12-28 00:06:00.000000,,,,2024-12-28,,email_verified,1,0,0.1,,,,,
U00146,2024-11-07,referral,desktop,freemium,2024-11-07 02:27:45.758483,,,2024-11-07 10:29:40.027601,2024-11-07,,profile_completed,2,0,2.462710689722222,8.031741421666666,,,,
U00147,2024-01-13,paid_search,desktop,free_trial,2024-01-13 01:17:51.306652,2024-01-13 01:29:51.306652,,2024-01-13 01:23:51.306652,2024-01-13,,first_feature_used,3,0,1.2975851811111112,0.1,0.1,,,
U00148,2024-03-26,paid_search,desktop,free_trial,2024-03-26 00:06:00.000000,,,2024-03-26 00:12:00.000000,2024-03-26,,profile_completed,2,0,0.1,0.1,,,,
U00149,2024-10-26,paid_search,desktop,free_trial,2024-10-26 00:06:00.000000,2024-10-31 11:03:02.856972,,2024-10-26 17:34:42.634716,2024-10-26,,first_feature_used,3,0,0.1,17.478509643333332,113.47228396,,,
U00150,2024-01-22,referral,mobile,free_trial,2024-01-22 00:25:59.921773,,,2024-01-22 08:51:46.258081,2024-01-22,,profile_completed,2,0,0.4333116036111111,8.429537863333334,,,,
U00151,2024-11-08,referral,mobile,free_trial,2024-11-08 00:56:21.958670,2024-11-12 20:24:07.109111,,2024-11-08 01:02:21.958670,2024-11-08,,first_feature_used,3,0,0.9394329638888889,0.1,115.36254178916667,,,
U00152,2024-04-12,organic,desktop,freemium,,,,,2024-04-12,,signup,0,0,,,,,,
U00153,2024-11-30,referral,desktop,free_trial,2024-11-30 00:06:00.000000,2024-11-30 13:48:52.028057,,2024-11-30 12:01:16.335839,2024-11-30,2024-12-01 09:11:09.065518,team_invited,4,0,0.1,11.921204399722223,1.7932478383333335,19.371399294722224,,
U00154,2024-04-17,paid_search,desktop,freemium,2024-04-17 04:30:50.596088,2024-04-17 04:42:50.596088,,2024-04-17 04:36:50.596088,2024-04-17,2024-04-17 11:39:20.089706,team_invited,4,0,4.514054468888889,0.1,0.1,6.941526005,,
U00155,2024-06-07,paid_search,desktop,free_trial,2024-06-07 02:40:46.067396,2024-06-09 17:57:08.532760,,2024-06-07 02:46:46.067396,2024-06-07,,first_feature_used,3,0,2.6794631655555556,0.1,63.172907045555554,,,
U00156,2024-08-29,referral,mobile,free_trial,2024-08-29 00:10:56.697167,2024-08-29 14:30:05.273252,,2024-08-29 12:47:44.853630,2024-08-29,,first_feature_used,3,0,0.18241587972222223,12.613376795277778,1.7056721172222222,,,
U00157,2024-02-16,organic,mobile,free_trial,2024-02-16 03:14:07.022417,,,,2024-02-16,,email_verified,1,0,3.235284004722222,,,,,
U00158,2024-07-22,paid_search,mobile,freemium,2024-07-22 00:06:00.000000,,,,2024-07-22,,email_verified,1,0,0.1,,,,,
U00159,2024-07-03,organic,desktop,freemium,2024-07-03 00:06:00.000000,,,2024-07-03 05:15:10.624250,2024-07-03,,profile_completed,2,0,0.1,5.152951180555556,,,,
U00160,2024-10-13,organic,desktop,free_trial,2024-10-13 00:45:15.511731,2024-10-13 02:23:27.898957,,2024-10-13 00:51:15.511731,2024-10-13,,first_feature_used,3,0,0.7543088141666667,0.1,1.5367742294444444,,,
U00161,2024-12-29,referral,desktop,freemium,2024-12-29 02:40:01.792319,,,,2024-12-29,,email_verified,1,0,2.667164533055556,,,,,
U00162,2024-08-30,organic,tablet,free_trial,,,,,2024-08-30,,signup,0,0,,,,,,
U00163,2024-05-29,organic,mobile,freemium,,,,,2024-05-29,,signup,0,0,,,,,,
U00164,2024-05-28,organic,tablet,freemium,,,,,2024-05-28,,signup,0,0,,,,,,
U00165,2024-06-01,paid_search,desktop,free_trial,,,,,2024-06-01,,signup,0,0,,,,,,
U00166,2024-10-24,referral,desktop,free_trial,2024-10-24 01:20:19.211747,2024-10-24 22:34:54.873263,,2024-10-24 01:26:19.211747,2024-10-24,2024-10-27 23:35:24.408097,team_invited,4,0,1.3386699297222222,0.1,21.14323931,73.00820412055555,,
U00167,2024-04-27,referral,mobile,free_trial,2024-04-27 00:06:00.000000,,,2024-04-27 08:32:04.942123,2024-04-27,,profile_completed,2,0,0.1,8.434706145277778,,,,
U00168,2024-03-01,organic,desktop,freemium,2024-03-01 00:59:46.781697,2024-03-01 17:07:03.323648,,2024-03-01 17:01:03.323648,2024-03-01,,first_feature_used,3,0,0.9963282491666666,16.021261653055554,0.1,,,
U00169,2024-05-02,paid_search,mobile,free_trial,2024-05-02 00:56:20.827152,,,,2024-05-02,,email_verified,1,0,0.9391186533333333,,,,,
U00170,2024-01-09,paid_search,desktop,freemium,,,,,2024-01-09,,signup,0,0,,,,,,
U00171,2024-02-08,paid_search,tablet,free_trial,2024-02-08 04:55:18.066873,,,2024-02-08 05:01:18.066873,2024-02-08,,profile_completed,2,0,4.9216852425,0.1,,,,
U00172,2024-02-02,organic,desktop,freemium,,,,,2024-02-02,,signup,0,0,,,,,,
U00173,2024-10-08,organic,tablet,free_trial,2024-10-08 01:55:29.517746,2024-10-08 02:07:29.517746,,2024-10-08 02:01:29.517746,2024-10-08,,first_feature_used,3,0,1.9248660405555558,0.1,0.1,,,
U00174,2024-09-20,paid_search,desktop,freemium,2024-09-20 01:32:52.519442,,,2024-09-20 01:38:52.519442,2024-09-20,,profile_completed,2,0,1.5479220672222223,0.1,,,,
U00175,2024-09-11,paid_search,desktop,free_trial,2024-09-11 06:47:44.313239,2024-09-13 19:09:18.060479,2024-09-19 12:16:55.407437,2024-09-11 18:44:01.887400,2024-09-11,2024-09-17 19:17:43.870496,paid_conversion,5,1,6.795642566388889,11.938215044722222,48.421159188611114,96.14050278250001,40.98653803916667,204.28205762138887
U00176,2024-06-17,paid_search,desktop,free_trial,2024-06-17 03:25:14.855473,2024-06-23 15:17:01.916649,2024-07-10 12:51:17.287610,2024-06-18 01:08:51.276634,2024-06-17,2024-06-27 08:21:19.842716,paid_conversion,5,1,3.420793186944444,21.726783655833334,134.13628889305556,89.07164612972223,316.4992902483333,564.8548021138889
U00177,2024-09-18,paid_search,desktop,free_trial,2024-09-18 01:49:35.440920,2024-09-20 03:37:21.937514,,2024-09-18 01:55:35.440920,2024-09-18,,first_feature_used,3,0,1.8265113666666666,0.1,49.69624905388889,,,
U00178,2024-02-28,referral,tablet,freemium,,,,,2024-02-28,,signup,0,0,,,,,,
U00179,2024-11-24,paid_search,tablet,free_trial,2024-11-24 00:06:00.000000,,,,2024-11-24,,email_verified,1,0,0.1,,,,,
U00180,2024-07-01,organic,tablet,freemium,,,,,2024-07-01,,signup,0,0,,,,,,
U00181,2024-12-08,referral,tablet,freemium,,,,,2024-12-08,,signup,0,0,,,,,,
U00182,2024-02-25,referral,mobile,free_trial,2024-02-25 00:06:00.000000,,,2024-02-25 02:17:52.252130,2024-02-25,,profile_completed,2,0,0.1,2.197847813888889,,,,
U00183,2024-06-30,organic,desktop,free_trial,2024-06-30 01:56:01.347782,,,,2024-06-30,,email_verified,1,0,1.9337077172222221,,,,,
U00184,2024-09-11,paid_search,mobile,free_trial,2024-09-11 00:06:00.000000,,,,2024-09-11,,email_verified,1,0,0.1,,,,,
U00185,2024-06-29,organic,desktop,free_trial,2024-06-29 00:06:00.000000,2024-06-30 18:45:20.488786,,2024-06-29 00:12:00.000000,2024-06-29,,first_feature_used,3,0,0.1,0.1,42.55569132944444,,,
U00186,2024-06-11,paid_search,mobile,free_trial,,,,,2024-06-11,,signup,0,0,,,,,,
U00187,2024-03-01,organic,desktop,freemium,,,,,2024-03-01,,signup,0,0,,,,,,
U00188,2024-05-19,paid_search,mobile,free_trial,2024-05-19 00:06:00.000000,2024-05-19 00:18:00.000000,,2024-05-19 00:12:00.000000,2024-05-19,2024-05-23 09:34:29.806519,team_invited,4,0,0.1,0.1,0.1,105.27494625527777,,
U00189,2024-03-28,organic,desktop,free_trial,,,,,2024-03-28,,signup,0,0,,,,,,
U00190,2024-04-20,paid_search,desktop,freemium,2024-04-20 02:09:28.392720,,,2024-04-20 03:20:05.523143,2024-04-20,,profile_completed,2,0,2.1578868666666664,1.1769806730555554,,,,
U00191,2024-09-06,referral,desktop,free_trial,2024-09-06 02:24:27.897259,2024-09-08 06:58:27.885495,2024-09-14 10:19:22.024755,2024-09-06 02:30:27.897259,2024-09-06,2024-09-08 07:04:27.885495,paid_conversion,5,1,2.407749238611111,0.1,52.46666339888889,0.1,147.24837201666665,202.32278465416667
U00192,2024-08-18,organic,desktop,freemium,,,,,2024-08-18,,signup,0,0,,,,,,
U00193,2024-08-09,referral,desktop,freemium,2024-08-09 01:09:58.296448,2024-08-09 01:21:58.296448,,2024-08-09 01:15:58.296448,2024-08-09,,first_feature_used,3,0,1.1661934577777777,0.1,0.1,,,
U00194,2024-05-12,referral,desktop,free_trial,2024-05-12 01:31:48.046479,2024-05-12 22:48:32.400545,2024-06-01 22:01:54.470846,2024-05-12 22:42:32.400545,2024-05-12,2024-05-18 03:31:44.638505,paid_conversion,5,1,1.5300129108333331,21.178987240555557,0.1,124.7200661,354.5027312058333,502.0317974572222
U00195,2024-12-16,referral,desktop,free_trial,2024-12-16 03:47:22.037290,2024-12-16 05:57:58.506782,,2024-12-16 05:51:58.506782,2024-12-16,,first_feature_used,3,0,3.7894548027777777,2.076797081111111,0.1,,,
U00196,2024-02-01,organic,desktop,freemium,,,,,2024-02-01,,signup,0,0,,,,,,
U00197,2024-05-05,referral,desktop,freemium,2024-05-05 00:55:46.548038,,,2024-05-05 01:51:21.429066,2024-05-05,,profile_completed,2,0,0.9295966772222222,0.926355841111111,,,,
U00198,2024-02-13,organic,mobile,freemium,,,,,2024-02-13,,signup,0,0,,,,,,
U00199,2024-05-03,organic,desktop,freemium,2024-05-03 00:06:00.000000,,,,2024-05-03,,email_verified,1,0,0.1,,,,,
U00200,2024-12-17,referral,desktop,free_trial,2024-12-17 01:12:54.422941,2024-12-19 12:10:08.690036,,2024-12-17 01:18:54.422941,2024-12-17,,first_feature_used,3,0,1.2151174836111112,0.1,58.85396308194444,,,
U00201,2024-05-13,paid_search,desktop,free_trial,2024-05-13 00:06:00.000000,2024-05-16 18:21:32.960888,,2024-05-13 04:18:43.049650,2024-05-13,2024-05-16 18:27:32.960888,team_invited,4,0,0.1,4.211958236111111,86.04719756611111,0.1,,
U00202,2024-11-27,paid_search,desktop,freemium,2024-11-27 00:06:00.000000,2024-11-28 10:33:03.035702,,2024-11-27 00:12:00.000000,2024-11-27,2024-11-29 15:42:16.275943,team_invited,4,0,0.1,0.1,34.350843250555556,29.153677844722225,,
U00203,2024-06-29,organic,desktop,freemium,2024-06-29 00:21:37.256353,,,,2024-06-29,,email_verified,1,0,0.36034898694444445,,,,,
U00204,2024-09-12,referral,mobile,freemium,2024-09-12 03:32:39.037955,2024-09-14 00:58:54.093341,,2024-09-12 03:38:39.037955,2024-09-12,,first_feature_used,3,0,3.544177209722222,0.1,45.337515384999996,,,
U00205,2024-06-15,paid_search,desktop,free_trial,2024-06-15 00:06:00.000000,,,,2024-06-15,,email_verified,1,0,0.1,,,,,
U00206,2024-04-07,paid_search,desktop,freemium,2024-04-07 00:44:00.162485,,,,2024-04-07,,email_verified,1,0,0.7333784680555555,,,,,
U00207,2024-10-05,referral,desktop,free_trial,2024-10-05 00:06:00.000000,2024-10-05 10:55:21.824051,,2024-10-05 10:49:21.824051,2024-10-05,2024-10-12 04:15:55.866355,team_invited,4,0,0.1,10.722728903055556,0.1,161.3427895288889,,
U00208,2024-12-19,organic,desktop,free_trial,2024-12-19 00:06:00.000000,2024-12-19 00:18:00.000000,,2024-12-19 00:12:00.000000,2024-12-19,,first_feature_used,3,0,0.1,0.1,0.1,,,
U00209,2024-04-06,organic,desktop,free_trial,,,,,2024-04-06,,signup,0,0,,,,,,
U00210,2024-10-11,paid_search,mobile,free_trial,2024-10-11 00:06:00.000000,,,,2024-10-11,,email_verified,1,0,0.1,,,,,
U00211,2024-04-05,referral,desktop,freemium,2024-04-05 01:22:49.836350,,,2024-04-05 01:28:49.836350,2024-04-05,,profile_completed,2,0,1.3805100972222222,0.1,,,,
U00212,2024-09-18,organic,mobile,free_trial,,,,,2024-09-18,,signup,0,0,,,,,,
U00213,2024-10-14,organic,desktop,freemium,,,,,2024-10-14,,signup,0,0,,,,,,
U00214,2024-06-13,organic,desktop,free_trial,2024-06-13 00:06:00.000000,2024-06-13 18:07:58.287689,,2024-06-13 08:13:57.387181,2024-06-13,,first_feature_used,3,0,0.1,8.132607550277777,9.90025014111111,,,
U00215,2024-09-25,referral,desktop,free_trial,2024-09-25 02:04:47.291554,2024-09-27 11:57:49.140906,,2024-09-25 02:12:40.034289,2024-09-25,2024-10-01 04:14:55.394964,team_invited,4,0,2.0798032094444445,0.13131742638888888,57.75252961583334,88.28507057166667,,
U00216,2024-04-09,organic,desktop,free_trial,2024-04-09 00:06:00.000000,,,,2024-04-09,,email_verified,1,0,0.1,,,,,
U00217,2024-01-29,paid_search,desktop,free_trial,2024-01-29 00:09:45.647824,,,2024-01-29 18:44:17.699696,2024-01-29,,profile_completed,2,0,0.1626799511111111,18.575569964444444,,,,
U00218,2024-02-05,referral,mobile,freemium,2024-02-05 00:24:32.146376,,,2024-02-05 15:24:24.313500,2024-02-05,,profile_completed,2,0,0.4089295488888889,14.997824201111111,,,,
U00219,2024-06-12,organic,mobile,free_trial,,,,,2024-06-12,,signup,0,0,,,,,,
U00220,2024-11-25,paid_search,desktop,free_trial,2024-11-25 00:06:00.000000,,,,2024-11-25,,email_verified,1,0,0.1,,,,,
U00221,2024-02-16,paid_search,desktop,free_trial,2024-02-16 00:57:39.582332,2024-02-20 10:05:10.115224,,2024-02-16 01:03:39.582332,2024-02-16,,first_feature_used,3,0,0.9609950922222222,0.1,105.02514802555555,,,
U00222,2024-06-15,referral,mobile,free_trial,2024-06-15 00:06:00.000000,,,,2024-06-15,,email_verified,1,0,0.1,,,,,
U00223,2024-09-13,organic,desktop,free_trial,,,,,2024-09-13,,signup,0,0,,,,,,
U00224,2024-03-14,organic,desktop,freemium,2024-03-14 01:02:15.047562,2024-03-16 03:14:58.639800,,2024-03-14 01:08:15.047562,2024-03-14,,first_feature_used,3,0,1.0375132116666668,0.1,50.112108955000004,,,
U00225,2024-09-20,organic,mobile,free_trial,,,,,2024-09-20,,signup,0,0,,,,,,
U00226,2024-04-21,paid_search,desktop,free_trial,2024-04-21 00:47:15.674465,2024-04-23 17:52:50.294669,2024-04-28 10:19:46.126446,2024-04-21 12:51:33.863050,2024-04-21,2024-04-26 17:11:14.560914,paid_conversion,5,1,0.7876873513888889,12.07171905138889,53.021231005277784,71.30674062361112,41.14210153666667,178.3294795683333
U00227,2024-10-22,paid_search,desktop,freemium,2024-10-22 00:06:00.000000,,,,2024-10-22,,email_verified,1,0,0.1,,,,,
U00228,2024-07-30,organic,desktop,freemium,2024-07-30 00:06:00.000000,,,,2024-07-30,,email_verified,1,0,0.1,,,,,
U00229,2024-07-18,organic,mobile,free_trial,2024-07-18 01:36:12.597494,,,,2024-07-18,,email_verified,1,0,1.6034993038888887,,,,,
U00230,2024-03-05,referral,desktop,freemium,,,,,2024-03-05,,signup,0,0,,,,,,
U00231,2024-06-18,organic,mobile,freemium,2024-06-18 03:04:19.659215,,,,2024-06-18,,email_verified,1,0,3.072127559722222,,,,,
U00232,2024-11-08,organic,desktop,free_trial,2024-11-08 00:06:00.000000,2024-11-09 20:55:04.838017,,2024-11-08 08:34:22.360971,2024-11-08,,first_feature_used,3,0,0.1,8.4728780475,36.34513251277778,,,
U00233,2024-01-08,paid_search,desktop,free_trial,2024-01-08 00:24:27.030169,2024-01-10 11:30:01.114834,2024-01-23 01:55:24.324312,2024-01-08 13:34:01.089610,2024-01-08,2024-01-17 20:30:29.588827,paid_conversion,5,1,0.40750838027777775,13.159460955833334,45.93334034,177.0079094425,125.4152043013889,361.92342342
U00234,2024-10-03,organic,desktop,freemium,2024-10-03 03:51:08.478888,,,,2024-10-03,,email_verified,1,0,3.8523552466666664,,,,,
U00235,2024-06-28,organic,mobile,freemium,,,,,2024-06-28,,signup,0,0,,,,,,
U00236,2024-09-19,paid_search,desktop,freemium,2024-09-19 03:39:32.530571,,,2024-09-19 14:15:22.752639,2024-09-19,,profile_completed,2,0,3.659036269722222,10.59728390777778,,,,
U00237,2024-08-30,organic,mobile,free_trial,2024-08-30 01:31:19.567113,2024-08-30 07:16:27.719150,,2024-08-30 07:10:27.719150,2024-08-30,,first_feature_used,3,0,1.5221019758333334,5.652264454722222,0.1,,,
U00238,2024-06-06,paid_search,desktop,freemium,,,,,2024-06-06,,signup,0,0,,,,,,
U00239,2024-04-22,paid_search,desktop,free_trial,2024-04-22 00:06:00.000000,,,2024-04-22 21:32:24.062930,2024-04-22,,profile_completed,2,0,0.1,21.440017480555557,,,,
U00240,2024-08-16,paid_search,desktop,freemium,2024-08-16 02:22:04.905436,2024-08-16 03:45:20.009182,,2024-08-16 03:39:20.009182,2024-08-16,,first_feature_used,3,0,2.3680292877777775,1.2875288183333333,0.1,,,
U00241,2024-02-21,organic,desktop,freemium,,,,,2024-02-21,,signup,0,0,,,,,,
U00242,2024-08-01,referral,desktop,free_trial,2024-08-01 02:01:26.656578,2024-08-04 23:20:16.662532,,2024-08-01 15:23:32.297044,2024-08-01,2024-08-12 20:07:41.805581,team_invited,4,0,2.0240712716666667,13.368233462777777,79.94565707999999,188.7903175136111,,
U00243,2024-02-04,organic,mobile,free_trial,2024-02-04 00:06:00.000000,,,,2024-02-04,,email_verified,1,0,0.1,,,,,
U00244,2024-08-25,paid_search,tablet,freemium,,,,,2024-08-25,,signup,0,0,,,,,,
U00245,2024-08-17,organic,mobile,freemium,,,,,2024-08-17,,signup,0,0,,,,,,
U00246,2024-01-31,paid_search,desktop,free_trial,2024-01-31 00:41:39.264446,,,2024-01-31 00:47:39.264446,2024-01-31,,profile_completed,2,0,0.6942401238888889,0.1,,,,
U00247,2024-10-03,organic,desktop,freemium,2024-10-03 00:06:00.000000,,,,2024-10-03,,email_verified,1,0,0.1,,,,,
U00248,2024-05-31,organic,mobile,free_trial,2024-05-31 01:43:33.901289,2024-05-31 01:55:33.901289,,2024-05-31 01:49:33.901289,2024-05-31,,first_feature_used,3,0,1.726083691388889,0.1,0.1,,,
U00249,2024-10-14,paid_search,desktop,free_trial,2024-10-14 00:06:00.000000,2024-10-14 00:18:00.000000,,2024-10-14 00:12:00.000000,2024-10-14,2024-10-14 00:24:00.000000,team_invited,4,0,0.1,0.1,0.1,0.1,,
U00250,2024-01-16,organic,mobile,free_trial,2024-01-16 03:52:23.325835,2024-01-16 04:04:23.325835,,2024-01-16 03:58:23.325835,2024-01-16,2024-01-24 00:02:33.619510,team_invited,4,0,3.8731460652777776,0.1,0.1,187.9695260208333,,
U00251,2024-03-06,organic,mobile,freemium,,,,,2024-03-06,,signup,0,0,,,,,,
U00252,2024-06-29,paid_search,desktop,free_trial,2024-06-29 00:21:23.487612,2024-06-29 00:33:23.487612,,2024-06-29 00:27:23.487612,2024-06-29,2024-06-29 11:42:15.027223,team_invited,4,0,0.35652433666666666,0.1,0.1,11.147649891944445,,
U00253,2024-03-09,referral,tablet,freemium,,,,,2024-03-09,,signup,0,0,,,,,,
U00254,2024-04-30,organic,mobile,free_trial,,,,,2024-04-30,,signup,0,0,,,,,,
U00255,2024-08-29,referral,desktop,freemium,,,,,2024-08-29,,signup,0,0,,,,,,
U00256,2024-02-22,paid_search,tablet,freemium,2024-02-22 00:06:00.000000,,,,2024-02-22,,email_verified,1,0,0.1,,,,,
U00257,2024-09-04,referral,desktop,free_trial,,,,,2024-09-04,,signup,0,0,,,,,,
U00258,2024-02-07,paid_search,desktop,free_trial,2024-02-07 00:06:00.000000,,,2024-02-07 00:12:00.000000,2024-02-07,,profile_completed,2,0,0.1,0.1,,,,
U00259,2024-03-04,paid_search,desktop,free_trial,2024-03-04 02:18:56.017131,,,2024-03-05 10:28:13.788521,2024-03-04,,profile_completed,2,0,2.315560314166667,32.154936497222224,,,,
U00260,2024-08-02,paid_search,desktop,free_trial,2024-08-02 00:06:00.000000,2024-08-02 12:25:00.616383,,2024-08-02 12:19:00.616383,2024-08-02,2024-08-08 23:01:08.779361,team_invited,4,0,0.1,12.216837884166667,0.1,154.6022674938889,,
U00261,2024-10-16,paid_search,desktop,freemium,2024-10-16 00:07:19.909200,,,,2024-10-16,,email_verified,1,0,0.122197,,,,,
U00262,2024-03-03,referral,tablet,freemium,2024-03-03 00:06:00.000000,,,,2024-03-03,,email_verified,1,0,0.1,,,,,
U00263,2024-04-19,organic,desktop,free_trial,,,,,2024-04-19,,signup,0,0,,,,,,
U00264,2024-12-03,organic,desktop,freemium,2024-12-03 00:22:41.362460,,,,2024-12-03,,email_verified,1,0,0.3781562388888889,,,,,
U00265,2024-12-27,organic,mobile,free_trial,2024-12-27 00:39:45.815993,,,,2024-12-27,,email_verified,1,0,0.6627266647222223,,,,,
U00266,2024-07-31,referral,desktop,free_trial,2024-07-31 02:29:57.464426,2024-07-31 20:31:56.515935,,2024-07-31 11:58:10.997102,2024-07-31,,first_feature_used,3,0,2.499295673888889,9.470425743333333,8.562644120277778,,,
U00267,2024-06-12,organic,mobile,free_trial,2024-06-12 01:55:53.113744,,,,2024-06-12,,email_verified,1,0,1.9314204844444445,,,,,
U00268,2024-05-06,paid_search,desktop,free_trial,2024-05-06 00:06:00.000000,,,2024-05-06 20:24:25.074248,2024-05-06,,profile_completed,2,0,0.1,20.30696506888889,,,,
U00269,2024-08-11,referral,tablet,freemium,2024-08-11 00:06:00.000000,,,2024-08-11 04:49:39.635393,2024-08-11,,profile_completed,2,0,0.1,4.727676498055556,,,,
U00270,2024-08-03,referral,mobile,free_trial,,,,,2024-08-03,,signup,0,0,,,,,,
U00271,2024-04-17,organic,desktop,freemium,2024-04-17 02:42:45.259553,,,2024-04-17 02:48:45.259553,2024-04-17,,profile_completed,2,0,2.7125720980555554,0.1,,,,
U00272,2024-01-09,paid_search,desktop,free_trial,2024-01-09 00:06:00.000000,2024-01-09 23:53:46.452947,,2024-01-09 13:20:37.134902,2024-01-09,2024-01-17 04:40:42.256517,team_invited,4,0,0.1,13.243648583888888,10.552588345833334,172.78216765833332,,
U00273,2024-02-25,referral,desktop,freemium,2024-02-25 01:15:24.876517,,,,2024-02-25,,email_verified,1,0,1.256910143611111,,,,,
U00274,2024-12-15,organic,tablet,free_trial,,,,,2024-12-15,,signup,0,0,,,,,,
U00275,2024-06-01,paid_search,mobile,free_trial,2024-06-01 00:06:00.000000,,,,2024-06-01,,email_verified,1,0,0.1,,,,,
U00276,2024-06-25,organic,desktop,free_trial,2024-06-25 03:00:28.976704,,,2024-06-25 05:45:39.831299,2024-06-25,,profile_completed,2,0,3.0080490844444445,2.753015165277778,,,,
U00277,2024-06-19,paid_search,desktop,free_trial,2024-06-19 00:06:00.000000,,,2024-06-19 00:12:00.000000,2024-06-19,,profile_completed,2,0,0.1,0.1,,,,
U00278,2024-10-12,paid_search,mobile,free_trial,2024-10-12 01:32:17.002412,,,2024-10-12 02:25:40.440954,2024-10-12,,profile_completed,2,0,1.5380562255555554,0.8898440394444445,,,,
U00279,2024-01-24,organic,desktop,free_trial,2024-01-24 01:43:41.274089,2024-01-24 01:55:41.274089,,2024-01-24 01:49:41.274089,2024-01-24,,first_feature_used,3,0,1.7281316913888887,0.1,0.1,,,
U00280,2024-01-31,organic,mobile,freemium,2024-01-31 02:43:49.475735,,,,2024-01-31,,email_verified,1,0,2.730409926388889,,,,,
U00281,2024-04-10,organic,mobile,free_trial,2024-04-10 00:06:00.000000,,,,2024-04-10,,email_verified,1,0,0.1,,,,,
U00282,2024-06-26,organic,desktop,freemium,2024-06-26 00:06:00.000000,,,,2024-06-26,,email_verified,1,0,0.1,,,,,
U00283,2024-09-01,paid_search,desktop,freemium,2024-09-01 02:35:12.341318,,,2024-09-01 10:52:25.435379,2024-09-01,,profile_completed,2,0,2.5867614772222223,8.2869705725,,,,
U00284,2024-06-28,organic,desktop,free_trial,2024-06-28 00:06:00.000000,,,2024-06-28 00:12:00.000000,2024-06-28,,profile_completed,2,0,0.1,0.1,,,,
U00285,2024-06-10,organic,desktop,freemium,2024-06-10 02:40:12.506793,,,2024-06-10 02:46:12.506793,2024-06-10,,profile_completed,2,0,2.6701407758333335,0.1,,,,
U00286,2024-12-08,paid_search,tablet,free_trial,2024-12-08 02:10:27.233355,,,2024-12-08 02:16:27.233355,2024-12-08,,profile_completed,2,0,2.1742314875,0.1,,,,
U00287,2024-02-28,paid_search,mobile,freemium,2024-02-28 00:06:00.000000,,,2024-02-29 02:44:12.128652,2024-02-28,,profile_completed,2,0,0.1,26.636702403333334,,,,
U00288,2024-07-27,paid_search,mobile,freemium,,,,,2024-07-27,,signup,0,0,,,,,,
U00289,2024-07-16,referral,desktop,freemium,2024-07-16 02:06:27.911382,,,2024-07-16 02:12:27.911382,2024-07-16,,profile_completed,2,0,2.107753161666667,0.1,,,,
U00290,2024-06-21,organic,desktop,free_trial,2024-06-21 00:06:00.000000,2024-06-21 00:18:00.000000,2024-06-30 08:54:38.151550,2024-06-21 00:12:00.000000,2024-06-21,2024-06-21 00:24:00.000000,paid_conversion,5,1,0.1,0.1,0.1,0.1,224.51059765277776,224.91059765277777
U00291,2024-10-21,referral,mobile,freemium,,,,,2024-10-21,,signup,0,0,,,,,,
U00292,2024-04-07,organic,desktop,free_trial,2024-04-07 01:36:43.143389,2024-04-08 09:59:11.198074,,2024-04-07 02:41:29.980577,2024-04-07,2024-04-08 10:05:11.198074,team_invited,4,0,1.6119842747222222,1.0796769966666666,31.29478263805556,0.1,,
U00293,2024-12-14,paid_search,desktop,free_trial,2024-12-14 00:06:00.000000,,,2024-12-14 00:12:00.000000,2024-12-14,,profile_completed,2,0,0.1,0.1,,,,
U00294,2024-05-01,referral,desktop,free_trial,2024-05-01 02:39:13.840996,,,2024-05-01 02:45:13.840996,2024-05-01,,profile_completed,2,0,2.653844721111111,0.1,,,,
U00295,2024-07-17,referral,mobile,free_trial,2024-07-17 00:22:49.246949,2024-07-21 16:37:08.886427,2024-07-21 16:49:08.886427,2024-07-17 07:39:14.295853,2024-07-17,2024-07-21 16:43:08.886427,paid_conversion,5,1,0.38034637472222227,7.273624695555555,104.96516404833332,0.1,0.1,112.81913511861111
U00296,2024-07-09,paid_search,mobile,freemium,,,,,2024-07-09,,signup,0,0,,,,,,
U00297,2024-11-06,paid_search,desktop,freemium,,,,,2024-11-06,,signup,0,0,,,,,,
U00298,2024-06-09,organic,mobile,free_trial,,,,,2024-06-09,,signup,0,0,,,,,,
U00299,2024-04-13,paid_search,desktop,freemium,2024-04-13 02:52:24.550728,,,,2024-04-13,,email_verified,1,0,2.8734863133333333,,,,,
U00300,2024-01-08,paid_search,desktop,freemium,,,,,2024-01-08,,signup,0,0,,,,,,
U00301,2024-05-12,referral,desktop,freemium,2024-05-12 00:06:00.000000,,,,2024-05-12,,email_verified,1,0,0.1,,,,,
U00302,2024-10-28,paid_search,mobile,freemium,,,,,2024-10-28,,signup,0,0,,,,,,
U00303,2024-01-04,organic,desktop,free_trial,2024-01-04 00:06:00.000000,2024-01-05 07:11:29.177455,,2024-01-04 00:12:00.000000,2024-01-04,,first_feature_used,3,0,0.1,0.1,30.991438181944442,,,
U00304,2024-11-23,paid_search,desktop,free_trial,,,,,2024-11-23,,signup,0,0,,,,,,
U00305,2024-07-17,organic,desktop,freemium,2024-07-17 01:08:54.462231,,,2024-07-17 11:51:14.066127,2024-07-17,,profile_completed,2,0,1.1484617308333334,10.705445526666667,,,,
U00306,2024-02-21,organic,mobile,free_trial,2024-02-21 01:05:00.049943,,,2024-02-21 02:40:21.127991,2024-02-21,,profile_completed,2,0,1.083347206388889,1.5891883466666668,,,,
U00307,2024-04-20,organic,mobile,freemium,2024-04-20 00:32:04.461139,,,,2024-04-20,,email_verified,1,0,0.5345725386111111,,,,,
U00308,2024-07-21,paid_search,desktop,freemium,2024-07-21 00:06:00.000000,2024-07-23 21:31:12.457252,,2024-07-21 06:14:11.139346,2024-07-21,,first_feature_used,3,0,0.1,6.136427596111111,63.283699418333335,,,
U00309,2024-04-25,organic,tablet,freemium,2024-04-25 01:48:25.554737,,,2024-04-25 01:54:25.554737,2024-04-25,,profile_completed,2,0,1.8070985380555558,0.1,,,,
U00310,2024-02-09,organic,desktop,free_trial,2024-02-09 00:06:00.000000,2024-02-12 05:47:09.610642,,2024-02-09 03:28:50.842008,2024-02-09,2024-02-12 05:53:09.610642,team_invited,4,0,0.1,3.3807894466666664,74.30521350944444,0.1,,
U00311,2024-08-31,organic,desktop,freemium,2024-08-31 00:06:00.000000,,,,2024-08-31,,email_verified,1,0,0.1,,,,,
U00312,2024-09-02,referral,desktop,freemium,2024-09-02 02:29:46.559797,2024-09-04 07:25:50.156189,,2024-09-02 02:35:46.559797,2024-09-02,2024-09-04 11:28:13.795693,team_invited,4,0,2.496266610277778,0.1,52.83433233111111,4.039899862222223,,
U00313,2024-02-13,paid_search,mobile,free_trial,2024-02-13 03:03:32.790935,2024-02-13 18:58:47.296764,2024-02-29 04:04:56.244010,2024-02-13 03:35:09.901990,2024-02-13,2024-02-18 16:04:22.962930,paid_conversion,5,1,3.059108593055556,0.5269752930555556,15.393720770555555,117.09324060166666,252.00924474444443,388.08229000277777
U00314,2024-04-12,organic,desktop,free_trial,2024-04-12 02:26:32.660618,,,,2024-04-12,,email_verified,1,0,2.4424057272222224,,,,,
U00315,2024-03-30,organic,desktop,free_trial,2024-03-30 00:28:53.145783,,,,2024-03-30,,email_verified,1,0,0.48142938416666664,,,,,
U00316,2024-08-28,paid_search,desktop,free_trial,2024-08-28 00:06:00.000000,,,2024-08-28 00:12:00.000000,2024-08-28,,profile_completed,2,0,0.1,0.1,,,,
U00317,2024-09-23,organic,desktop,freemium,,,,,2024-09-23,,signup,0,0,,,,,,
U00318,2024-09-22,paid_search,mobile,freemium,2024-09-22 01:23:43.701180,,,2024-09-22 01:29:43.701180,2024-09-22,,profile_completed,2,0,1.39547255,0.1,,,,
U00319,2024-12-08,organic,tablet,free_trial,2024-12-08 00:06:00.000000,,,,2024-12-08,,email_verified,1,0,0.1,,,,,
U00320,2024-10-07,referral,desktop,free_trial,,,,,2024-10-07,,signup,0,0,,,,,,
U00321,2024-04-27,organic,mobile,free_trial,2024-04-27 00:28:39.992978,,,2024-04-27 11:58:52.036061,2024-04-27,,profile_completed,2,0,0.4777758272222222,11.503345300833333,,,,
U00322,2024-02-09,paid_search,desktop,free_trial,2024-02-09 00:30:59.044081,,,2024-02-09 09:37:06.903408,2024-02-09,,profile_completed,2,0,0.5164011336111111,9.102183146388889,,,,
U00323,2024-08-12,organic,desktop,free_trial,2024-08-12 02:45:07.335701,,,2024-08-12 23:40:22.004020,2024-08-12,,profile_completed,2,0,2.752037694722222,20.920741199722222,,,,
U00324,2024-11-30,referral,desktop,freemium,2024-11-30 02:36:46.108485,2024-11-30 02:48:46.108485,,2024-11-30 02:42:46.108485,2024-11-30,2024-11-30 02:54:46.108485,team_invited,4,0,2.6128079125,0.1,0.1,0.1,,
U00325,2024-12-21,referral,tablet,freemium,2024-12-21 00:06:00.000000,,,,2024-12-21,,email_verified,1,0,0.1,,,,,
U00326,2024-03-25,paid_search,desktop,freemium,2024-03-25 00:06:00.000000,,,2024-03-25 04:38:56.778409,2024-03-25,,profile_completed,2,0,0.1,4.549105113611112,,,,
U00327,2024-03-27,paid_search,mobile,freemium,,,,,2024-03-27,,signup,0,0,,,,,,
U00328,2024-01-14,organic,desktop,free_trial,2024-01-14 00:06:00.000000,2024-01-15 16:15:40.282105,,2024-01-14 10:53:58.903165,2024-01-14,,first_feature_used,3,0,0.1,10.799695323611113,29.36149415,,,
U00329,2024-02-21,referral,mobile,freemium,,,,,2024-02-21,,signup,0,0,,,,,,
U00330,2024-07-21,paid_search,desktop,free_trial,2024-07-21 00:56:09.141830,2024-07-23 01:48:48.034526,,2024-07-21 18:31:58.025540,2024-07-21,,first_feature_used,3,0,0.9358727305555555,17.596912141666667,31.280558051666667,,,
U00331,2024-07-18,organic,tablet,free_trial,,,,,2024-07-18,,signup,0,0,,,,,,
U00332,2024-05-15,paid_search,mobile,free_trial,2024-05-15 02:30:55.220323,,,,2024-05-15,,email_verified,1,0,2.515338978611111,,,,,
U00333,2024-04-23,paid_search,desktop,free_trial,2024-04-23 03:17:22.645968,2024-04-26 05:56:25.401876,,2024-04-23 23:53:49.219729,2024-04-23,,first_feature_used,3,0,3.28962388,20.60738160027778,54.043383929722225,,,
U00334,2024-10-29,referral,mobile,free_trial,2024-10-29 02:24:20.521328,,,2024-10-29 02:30:20.521328,2024-10-29,,profile_completed,2,0,2.405700368888889,0.1,,,,
U00335,2024-06-16,paid_search,mobile,free_trial,2024-06-16 02:01:53.739817,,,,2024-06-16,,email_verified,1,0,2.031594393611111,,,,,
U00336,2024-10-22,paid_search,desktop,free_trial,2024-10-22 00:06:00.000000,,,2024-10-22 18:01:29.332605,2024-10-22,,profile_completed,2,0,0.1,17.9248146125,,,,
U00337,2024-12-17,paid_search,desktop,freemium,2024-12-17 00:46:46.605590,,,,2024-12-17,,email_verified,1,0,0.779612663888889,,,,,
U00338,2024-04-25,organic,mobile,free_trial,,,,,2024-04-25,,signup,0,0,,,,,,
U00339,2024-03-14,organic,mobile,free_trial,,,,,2024-03-14,,signup,0,0,,,,,,
U00340,2024-12-13,organic,desktop,freemium,,,,,2024-12-13,,signup,0,0,,,,,,
U00341,2024-08-19,paid_search,mobile,freemium,2024-08-19 00:06:00.000000,,,,2024-08-19,,email_verified,1,0,0.1,,,,,
U00342,2024-04-16,organic,desktop,free_trial,2024-04-16 00:06:00.000000,2024-04-16 21:14:37.362467,2024-04-29 02:20:09.509007,2024-04-16 04:14:44.944056,2024-04-16,2024-04-16 21:20:37.362467,paid_conversion,5,1,0.1,4.145817793333333,16.997894003055556,0.1,292.9922629277778,314.33597472416665
U00343,2024-08-14,organic,desktop,freemium,2024-08-14 00:06:00.000000,,,2024-08-14 00:12:00.000000,2024-08-14,,profile_completed,2,0,0.1,0.1,,,,
U00344,2024-07-06,organic,desktop,free_trial,2024-07-06 01:48:47.678796,2024-07-08 00:03:12.357332,,2024-07-06 01:54:47.678796,2024-07-06,,first_feature_used,3,0,1.81324411,0.1,46.14018848222222,,,
U00345,2024-11-26,organic,desktop,free_trial,2024-11-26 00:06:00.000000,,,,2024-11-26,,email_verified,1,0,0.1,,,,,
U00346,2024-04-03,paid_search,desktop,free_trial,2024-04-03 00:58:02.007795,2024-04-06 20:17:25.032498,,2024-04-03 06:01:39.576204,2024-04-03,,first_feature_used,3,0,0.9672243875,5.060435669166666,86.26262674833333,,,
U00347,2024-12-27,organic,desktop,free_trial,2024-12-27 04:01:32.254231,2024-12-27 17:24:32.361885,,2024-12-27 04:07:32.254231,2024-12-27,,first_feature_used,3,0,4.025626175277778,0.1,13.283363237222222,,,
U00348,2024-12-07,organic,desktop,freemium,2024-12-07 02:00:42.655088,2024-12-12 04:31:38.367295,,2024-12-07 02:06:42.655088,2024-12-07,,first_feature_used,3,0,2.011848635555556,0.1,122.41547561305556,,,
U00349,2024-03-06,paid_search,desktop,free_trial,2024-03-06 00:06:00.000000,2024-03-07 12:23:36.602210,2024-03-20 02:13:18.724738,2024-03-06 13:03:38.165286,2024-03-06,2024-03-10 20:11:21.576142,paid_conversion,5,1,0.1,12.960601468333333,23.332899145555555,79.79582609222221,222.03254127666668,338.2218679827778
U00350,2024-03-01,organic,mobile,freemium,2024-03-01 00:06:00.000000,2024-03-02 14:08:38.934448,2024-03-15 19:05:12.724468,2024-03-01 00:12:00.000000,2024-03-01,2024-03-13 00:09:42.639427,paid_conversion,5,1,0.1,0.1,37.94414845777778,250.0176958275,66.9250236225,355.0868679077778
U00351,2024-07-13,organic,desktop,freemium,2024-07-13 03:30:14.565545,2024-07-14 04:37:10.478176,2024-07-26 18:49:33.535608,2024-07-13 13:33:24.105030,2024-07-13,2024-07-20 19:27:27.154343,paid_conversion,5,1,3.504045984722222,10.052649856944445,15.062881429444444,158.83796560194443,143.36843924027778,330.8259821133333
U00352,2024-01-17,organic,mobile,freemium,,,,,2024-01-17,,signup,0,0,,,,,,
U00353,2024-04-19,referral,desktop,free_trial,2024-04-19 00:06:25.910015,2024-04-20 15:51:04.961436,,2024-04-19 00:12:25.910015,2024-04-19,,first_feature_used,3,0,0.10719722638888889,0.1,39.64418095027778,,,
U00354,2024-06-07,organic,desktop,free_trial,,,,,2024-06-07,,signup,0,0,,,,,,
U00355,2024-12-19,paid_search,desktop,freemium,2024-12-19 00:06:00.000000,2024-12-19 03:16:20.022184,,2024-12-19 03:10:20.022184,2024-12-19,,first_feature_used,3,0,0.1,3.0722283844444442,0.1,,,
U00356,2024-12-28,referral,mobile,freemium,2024-12-28 00:50:50.077972,,,2024-12-28 15:39:11.874258,2024-12-28,,profile_completed,2,0,0.8472438811111112,14.806054523888887,,,,
U00357,2024-02-25,paid_search,desktop,free_trial,2024-02-25 06:17:57.523157,2024-02-26 05:50:46.468597,,2024-02-25 17:51:12.697802,2024-02-25,2024-03-01 05:37:55.612651,team_invited,4,0,6.299311988055555,11.554215179166667,11.992714109722222,95.78587334833333,,
U00358,2024-11-21,organic,desktop,free_trial,,,,,2024-11-21,,signup,0,0,,,,,,
U00359,2024-02-03,paid_search,mobile,freemium,,,,,2024-02-03,,signup,0,0,,,,,,
U00360,2024-09-30,paid_search,mobile,freemium,2024-09-30 00:06:00.000000,,,2024-09-30 00:12:00.000000,2024-09-30,,profile_completed,2,0,0.1,0.1,,,,
U00361,2024-11-04,organic,mobile,freemium,2024-11-04 00:06:00.000000,,,,2024-11-04,,email_verified,1,0,0.1,,,,,
U00362,2024-11-21,paid_search,desktop,freemium,2024-11-21 01:44:11.800229,,,,2024-11-21,,email_verified,1,0,1.7366111747222224,,,,,
U00363,2024-03-22,organic,desktop,free_trial,2024-03-22 00:06:00.000000,,,2024-03-22 00:12:00.000000,2024-03-22,,profile_completed,2,0,0.1,0.1,,,,
U00364,2024-11-22,organic,desktop,free_trial,2024-11-22 02:22:18.429647,,,2024-11-22 02:28:18.429647,2024-11-22,,profile_completed,2,0,2.371786013055556,0.1,,,,
U00365,2024-02-12,organic,mobile,freemium,,,,,2024-02-12,,signup,0,0,,,,,,
U00366,2024-07-08,organic,desktop,freemium,2024-07-08 00:06:00.000000,2024-07-08 00:18:00.000000,,2024-07-08 00:12:00.000000,2024-07-08,,first_feature_used,3,0,0.1,0.1,0.1,,,
U00367,2024-06-20,organic,desktop,free_trial,2024-06-20 00:06:00.000000,,,,2024-06-20,,email_verified,1,0,0.1,,,,,
U00368,2024-04-25,paid_search,desktop,freemium,2024-04-25 00:57:46.844752,,,,2024-04-25,,email_verified,1,0,0.9630124311111111,,,,,
U00369,2024-01-09,referral,desktop,free_trial,2024-01-09 00:06:00.000000,,,2024-01-09 00:12:00.000000,2024-01-09,,profile_completed,2,0,0.1,0.1,,,,
U00370,2024-10-08,organic,mobile,free_trial,2024-10-08 02:26:23.163631,,,,2024-10-08,,email_verified,1,0,2.4397676752777775,,,,,
U00371,2024-05-02,paid_search,desktop,freemium,2024-05-02 00:06:00.000000,,,,2024-05-02,,email_verified,1,0,0.1,,,,,
U00372,2024-08-29,paid_search,desktop,free_trial,2024-08-29 00:06:00.000000,2024-08-29 00:18:00.000000,,2024-08-29 00:12:00.000000,2024-08-29,,first_feature_used,3,0,0.1,0.1,0.1,,,
U00373,2024-05-29,organic,desktop,free_trial,,,,,2024-05-29,,signup,0,0,,,,,,
U00374,2024-05-16,organic,desktop,freemium,2024-05-16 00:06:00.000000,,,,2024-05-16,,email_verified,1,0,0.1,,,,,
U00375,2024-11-19,organic,desktop,free_trial,2024-11-19 04:38:18.151942,2024-11-19 04:50:18.151942,,2024-11-19 04:44:18.151942,2024-11-19,,first_feature_used,3,0,4.638375539444445,0.1,0.1,,,
U00376,2024-02-04,organic,desktop,free_trial,2024-02-04 00:06:00.000000,,,2024-02-04 00:34:57.723330,2024-02-04,,profile_completed,2,0,0.1,0.482700925,,,,
U00377,2024-09-25,organic,mobile,freemium,,,,,2024-09-25,,signup,0,0,,,,,,
U00378,2024-09-29,organic,mobile,free_trial,,,,,2024-09-29,,signup,0,0,,,,,,
U00379,2024-05-18,paid_search,tablet,freemium,,,,,2024-05-18,,signup,0,0,,,,,,
U00380,2024-04-05,organic,tablet,free_trial,2024-04-05 00:06:00.000000,,,2024-04-05 11:38:42.683021,2024-04-05,,profile_completed,2,0,0.1,11.545189728055554,,,,
U00381,2024-01-02,organic,desktop,free_trial,,,,,2024-01-02,,signup,0,0,,,,,,
U00382,2024-12-07,organic,desktop,freemium,,,,,2024-12-07,,signup,0,0,,,,,,
U00383,2024-12-11,paid_search,desktop,free_trial,,,,,2024-12-11,,signup,0,0,,,,,,
U00384,2024-03-28,organic,mobile,freemium,,,,,2024-03-28,,signup,0,0,,,,,,
U00385,2024-01-12,paid_search,desktop,freemium,2024-01-12 01:42:15.713734,,,2024-01-12 01:48:15.713734,2024-01-12,,profile_completed,2,0,1.7043649261111111,0.1,,,,
U00386,2024-02-14,organic,desktop,freemium,2024-02-14 01:32:16.692532,,,,2024-02-14,,email_verified,1,0,1.5379701477777779,,,,,
U00387,2024-01-25,organic,desktop,free_trial,2024-01-25 00:06:00.000000,,,2024-01-25 00:12:00.000000,2024-01-25,,profile_completed,2,0,0.1,0.1,,,,
U00388,2024-10-30,referral,desktop,free_trial,2024-10-30 00:06:00.000000,2024-11-01 08:32:07.587997,,2024-10-30 00:12:00.000000,2024-10-30,2024-11-04 05:53:07.108588,team_invited,4,0,0.1,0.1,56.33544111027778,69.34986683083334,,
U00389,2024-11-21,organic,mobile,freemium,,,,,2024-11-21,,signup,0,0,,,,,,
U00390,2024-02-25,organic,mobile,free_trial,2024-02-25 00:06:15.663904,2024-02-29 11:36:35.899580,,2024-02-25 00:12:15.663904,2024-02-25,,first_feature_used,3,0,0.10435108444444445,0.1,107.40562102111112,,,
U00391,2024-09-29,organic,desktop,freemium,,,,,2024-09-29,,signup,0,0,,,,,,
U00392,2024-03-06,referral,tablet,freemium,2024-03-06 00:18:10.570960,2024-03-06 13:22:47.541202,,2024-03-06 00:24:10.570960,2024-03-06,2024-03-06 13:28:47.541202,team_invited,4,0,0.30293637777777777,0.1,12.976936178333334,0.1,,
U00393,2024-05-14,paid_search,desktop,free_trial,2024-05-14 00:06:00.000000,,,2024-05-14 09:17:34.160465,2024-05-14,,profile_completed,2,0,0.1,9.19282235138889,,,,
U00394,2024-08-06,paid_search,desktop,free_trial,2024-08-06 00:37:35.508872,,,2024-08-06 11:29:25.639504,2024-08-06,,profile_completed,2,0,0.6265302422222222,10.863925175555556,,,,
U00395,2024-09-19,referral,desktop,freemium,2024-09-19 00:06:00.000000,2024-09-19 00:18:00.000000,,2024-09-19 00:12:00.000000,2024-09-19,,first_feature_used,3,0,0.1,0.1,0.1,,,
U00396,2024-11-15,organic,mobile,freemium,2024-11-15 03:14:35.330237,,,,2024-11-15,,email_verified,1,0,3.2431472880555554,,,,,
U00397,2024-01-17,referral,desktop,free_trial,2024-01-17 00:06:00.000000,2024-01-17 04:57:50.802138,2024-02-05 01:01:38.158512,2024-01-17 04:51:50.802138,2024-01-17,2024-01-24 19:15:41.865218,paid_conversion,5,1,0.1,4.7641117049999995,0.1,182.29751752222222,269.7656370261111,457.0272662533333
U00398,2024-03-12,organic,desktop,freemium,,,,,2024-03-12,,signup,0,0,,,,,,
U00399,2024-04-12,paid_search,tablet,freemium,2024-04-12 00:06:00.000000,,,2024-04-12 00:12:00.000000,2024-04-12,,profile_completed,2,0,0.1,0.1,,,,
U00400,2024-04-23,organic,desktop,free_trial,2024-04-23 03:49:31.640867,,,2024-04-23 12:23:06.553084,2024-04-23,,profile_completed,2,0,3.825455796388889,8.559697838055556,,,,
U00401,2024-12-30,organic,desktop,free_trial,2024-12-30 01:48:23.514061,,,2024-12-30 08:59:36.060186,2024-12-30,,profile_completed,2,0,1.8065316836111112,7.1868183680555555,,,,
U00402,2024-10-10,referral,mobile,freemium,,,,,2024-10-10,,signup,0,0,,,,,,
U00403,2024-04-26,organic,tablet,freemium,2024-04-26 01:23:54.755915,,,,2024-04-26,,email_verified,1,0,1.3985433097222222,,,,,
U00404,2024-12-20,referral,mobile,freemium,2024-12-20 00:06:00.000000,2024-12-23 19:32:50.218656,2025-01-11 13:33:28.476865,2024-12-21 05:01:35.433610,2024-12-20,2024-12-29 02:23:04.876567,paid_conversion,5,1,0.1,28.92650933611111,62.52077362388889,126.83740497527778,323.173222305,541.5579102402778
U00405,2024-07-01,organic,tablet,free_trial,2024-07-01 00:06:00.000000,2024-07-03 07:19:19.847235,,2024-07-01 07:08:58.982564,2024-07-01,2024-07-04 21:35:07.239595,team_invited,4,0,0.1,7.049717378888889,48.17246240861111,38.26316454444444,,
U00406,2024-07-01,paid_search,desktop,freemium,2024-07-01 00:06:00.000000,,,,2024-07-01,,email_verified,1,0,0.1,,,,,
U00407,2024-06-07,referral,mobile,freemium,2024-06-07 00:24:47.933473,,,,2024-06-07,,email_verified,1,0,0.41331485361111114,,,,,
U00408,2024-02-22,organic,mobile,freemium,2024-02-22 00:06:00.000000,,,,2024-02-22,,email_verified,1,0,0.1,,,,,
U00409,2024-12-07,referral,desktop,free_trial,2024-12-07 00:39:38.661002,,,2024-12-07 12:32:00.863316,2024-12-07,,profile_completed,2,0,0.6607391672222221,11.872833976111112,,,,
U00410,2024-01-06,paid_search,desktop,free_trial,2024-01-06 00:06:00.000000,,,,2024-01-06,,email_verified,1,0,0.1,,,,,
U00411,2024-03-04,paid_search,tablet,free_trial,2024-03-04 02:24:01.716297,,,2024-03-04 09:13:22.114022,2024-03-04,,profile_completed,2,0,2.4004767491666668,6.822332701388889,,,,
U00412,2024-03-24,organic,desktop,free_trial,2024-03-24 00:55:12.496713,,,,2024-03-24,,email_verified,1,0,0.9201379758333333,,,,,
U00413,2024-04-11,paid_search,desktop,free_trial,2024-04-11 01:20:04.100494,,,2024-04-11 01:26:04.100494,2024-04-11,,profile_completed,2,0,1.3344723594444445,0.1,,,,
U00414,2024-02-18,paid_search,mobile,freemium,,,,,2024-02-18,,signup,0,0,,,,,,
U00415,2024-01-07,paid_search,tablet,free_trial,2024-01-07 00:06:00.000000,,,2024-01-07 14:15:45.796011,2024-01-07,,profile_completed,2,0,0.1,14.162721114166667,,,,
U00416,2024-09-04,organic,tablet,freemium,2024-09-04 00:06:00.000000,2024-09-05 08:54:02.493924,,2024-09-05 02:48:37.622816,2024-09-04,,first_feature_used,3,0,0.1,26.710450782222225,6.090241974444444,,,
U00417,2024-12-19,organic,mobile,free_trial,2024-12-19 01:22:00.241004,,,,2024-12-19,,email_verified,1,0,1.3667336122222224,,,,,
U00418,2024-02-14,referral,desktop,freemium,,,,,2024-02-14,,signup,0,0,,,,,,
U00419,2024-04-18,organic,tablet,free_trial,2024-04-18 00:06:00.000000,2024-04-18 00:44:20.675041,2024-04-29 17:30:57.472332,2024-04-18 00:38:20.675041,2024-04-18,2024-04-28 16:05:11.030579,paid_conversion,5,1,0.1,0.5390764002777778,0.1,255.34732098277777,25.429567153611114,281.5159645366667
U00420,2024-07-03,paid_search,desktop,freemium,2024-07-03 00:06:00.000000,2024-07-04 06:38:48.122883,,2024-07-03 08:10:21.096724,2024-07-03,,first_feature_used,3,0,0.1,8.072526867777778,22.474173933055557,,,
U00421,2024-12-04,referral,mobile,freemium,,,,,2024-12-04,,signup,0,0,,,,,,
U00422,2024-09-10,organic,desktop,freemium,2024-09-10 00:06:00.000000,,,,2024-09-10,,email_verified,1,0,0.1,,,,,
U00423,2024-10-06,organic,mobile,free_trial,2024-10-06 00:06:00.000000,,,,2024-10-06,,email_verified,1,0,0.1,,,,,
U00424,2024-07-31,paid_search,desktop,free_trial,2024-07-31 04:11:03.897875,2024-07-31 16:19:06.243556,,2024-07-31 16:13:06.243556,2024-07-31,2024-08-02 17:11:14.354290,team_invited,4,0,4.184416076388889,12.033984911388888,0.1,48.86891964833333,,
U00425,2024-06-01,organic,mobile,freemium,2024-06-01 00:06:00.000000,,,2024-06-01 00:12:00.000000,2024-06-01,,profile_completed,2,0,0.1,0.1,,,,
U00426,2024-03-13,paid_search,desktop,free_trial,2024-03-13 00:06:00.000000,,,,2024-03-13,,email_verified,1,0,0.1,,,,,
U00427,2024-11-11,paid_search,desktop,freemium,,,,,2024-11-11,,signup,0,0,,,,,,
U00428,2024-10-20,paid_search,desktop,free_trial,2024-10-20 00:06:00.000000,2024-10-24 05:38:43.207614,,2024-10-20 10:14:38.542998,2024-10-20,,first_feature_used,3,0,0.1,10.144039721666665,91.40129572666667,,,
U00429,2024-01-10,organic,desktop,free_trial,2024-01-10 00:06:00.000000,2024-01-11 15:10:39.057622,,2024-01-10 00:12:00.000000,2024-01-10,,first_feature_used,3,0,0.1,0.1,38.97751600611111,,,
U00430,2024-09-18,paid_search,mobile,freemium,2024-09-18 00:06:00.000000,2024-09-25 05:52:20.831813,,2024-09-18 05:15:14.428095,2024-09-18,2024-10-03 13:12:15.291325,team_invited,4,0,0.1,5.154007804166667,168.61844547722222,199.33179430888887,,
U00431,2024-01-31,paid_search,desktop,freemium,,,,,2024-01-31,,signup,0,0,,,,,,
U00432,2024-09-26,organic,desktop,freemium,,,,,2024-09-26,,signup,0,0,,,,,,
U00433,2024-10-28,paid_search,desktop,free_trial,2024-10-28 00:06:00.000000,2024-10-31 04:59:16.585635,,2024-10-28 00:12:00.000000,2024-10-28,,first_feature_used,3,0,0.1,0.1,76.78794045416667,,,
U00434,2024-02-17,referral,desktop,freemium,2024-02-17 02:31:48.822521,,,,2024-02-17,,email_verified,1,0,2.5302284780555557,,,,,
U00435,2024-06-07,paid_search,mobile,freemium,,,,,2024-06-07,,signup,0,0,,,,,,
U00436,2024-02-15,paid_search,desktop,free_trial,2024-02-15 01:06:02.797339,,,2024-02-15 02:55:40.949072,2024-02-15,,profile_completed,2,0,1.100777038611111,1.8272643702777778,,,,
U00437,2024-07-26,organic,desktop,free_trial,2024-07-26 00:31:41.638266,2024-07-26 10:03:32.154749,,2024-07-26 09:57:32.154749,2024-07-26,,first_feature_used,3,0,0.5282328516666667,9.430699023055555,0.1,,,
U00438,2024-12-04,organic,desktop,free_trial,2024-12-04 00:06:00.000000,,,2024-12-04 00:12:00.000000,2024-12-04,,profile_completed,2,0,0.1,0.1,,,,
U00439,2024-01-30,organic,desktop,freemium,,,,,2024-01-30,,signup,0,0,,,,,,
U00440,2024-05-25,organic,mobile,free_trial,,,,,2024-05-25,,signup,0,0,,,,,,
U00441,2024-12-21,referral,desktop,freemium,2024-12-21 02:01:15.029721,2024-12-22 20:52:12.464850,,2024-12-21 10:31:04.154103,2024-12-21,,first_feature_used,3,0,2.0208415891666665,8.496978995000001,34.352308540833334,,,
U00442,2024-04-19,organic,desktop,free_trial,2024-04-19 00:06:00.000000,2024-04-20 19:36:48.470406,,2024-04-19 00:12:00.000000,2024-04-19,,first_feature_used,3,0,0.1,0.1,43.41346400166667,,,
U00443,2024-02-18,referral,mobile,freemium,2024-02-18 00:19:04.897940,,,,2024-02-18,,email_verified,1,0,0.3180272055555556,,,,,
U00444,2024-06-27,organic,desktop,freemium,,,,,2024-06-27,,signup,0,0,,,,,,
U00445,2024-07-04,organic,desktop,free_trial,2024-07-04 02:02:04.334127,,,2024-07-04 06:07:30.306657,2024-07-04,,profile_completed,2,0,2.0345372575,4.090547925,,,,
U00446,2024-08-29,organic,desktop,free_trial,2024-08-29 00:06:00.000000,2024-08-29 14:22:29.816518,,2024-08-29 00:12:00.000000,2024-08-29,2024-08-29 14:28:29.816518,team_invited,4,0,0.1,0.1,14.174949032777779,0.1,,
U00447,2024-04-24,organic,tablet,free_trial,2024-04-24 00:06:00.000000,,,,2024-04-24,,email_verified,1,0,0.1,,,,,
U00448,2024-12-14,paid_search,desktop,free_trial,2024-12-14 02:00:22.955814,,,,2024-12-14,,email_verified,1,0,2.006376615,,,,,
U00449,2024-07-09,referral,desktop,free_trial,2024-07-09 04:37:38.651683,,,2024-07-09 04:43:38.651683,2024-07-09,,profile_completed,2,0,4.627403245277778,0.1,,,,
U00450,2024-04-14,referral,tablet,freemium,2024-04-14 04:21:54.876555,,,,2024-04-14,,email_verified,1,0,4.3652434875,,,,,
U00451,2024-12-16,organic,mobile,free_trial,,,,,2024-12-16,,signup,0,0,,,,,,
U00452,2024-12-03,paid_search,mobile,free_trial,2024-12-03 01:23:42.518258,,,2024-12-03 18:51:25.429220,2024-12-03,,profile_completed,2,0,1.3951439605555556,17.461919711666667,,,,
U00453,2024-07-01,organic,mobile,free_trial,2024-07-01 01:08:21.777068,,,,2024-07-01,,email_verified,1,0,1.139382518888889,,,,,
U00454,2024-01-10,referral,desktop,free_trial,2024-01-10 00:06:00.000000,2024-01-12 01:52:46.049715,2024-01-21 03:18:55.846932,2024-01-10 00:12:00.000000,2024-01-10,2024-01-16 18:33:31.502382,paid_conversion,5,1,0.1,0.1,49.67945825416667,112.6792924075,104.756762375,267.3155130366667
U00455,2024-08-05,paid_search,mobile,freemium,2024-08-05 00:06:00.000000,2024-08-05 00:18:00.000000,,2024-08-05 00:12:00.000000,2024-08-05,,first_feature_used,3,0,0.1,0.1,0.1,,,
U00456,2024-07-21,organic,mobile,free_trial,,,,,2024-07-21,,signup,0,0,,,,,,
U00457,2024-02-24,organic,desktop,free_trial,2024-02-24 00:06:00.000000,,,2024-02-24 00:12:00.000000,2024-02-24,,profile_completed,2,0,0.1,0.1,,,,
U00458,2024-08-19,organic,desktop,free_trial,2024-08-19 04:16:11.804645,2024-08-21 08:57:03.935171,,2024-08-19 04:22:11.804645,2024-08-19,2024-08-21 09:03:03.935171,team_invited,4,0,4.2699457347222225,0.1,52.58114736833333,0.1,,
U00459,2024-11-02,organic,desktop,freemium,2024-11-02 02:55:38.452615,,,2024-11-02 07:28:18.076636,2024-11-02,,profile_completed,2,0,2.927347948611111,4.544340005833333,,,,
U00460,2024-02-08,referral,tablet,freemium,,,,,2024-02-08,,signup,0,0,,,,,,
U00461,2024-09-21,paid_search,desktop,free_trial,2024-09-21 01:11:16.469606,2024-09-22 17:21:44.725705,,2024-09-21 01:17:16.469606,2024-09-21,2024-09-23 06:21:13.396977,team_invited,4,0,1.1879082238888887,0.1,40.07451558305555,12.991297575555555,,
U00462,2024-02-21,referral,desktop,freemium,2024-02-21 01:42:27.244097,,,,2024-02-21,,email_verified,1,0,1.7075678047222222,,,,,
U00463,2024-09-30,organic,mobile,freemium,,,,,2024-09-30,,signup,0,0,,,,,,
U00464,2024-06-01,paid_search,mobile,freemium,2024-06-01 04:22:04.622655,,,2024-06-01 06:21:48.481911,2024-06-01,,profile_completed,2,0,4.3679507375,1.99551646,,,,
U00465,2024-01-03,organic,desktop,free_trial,2024-01-03 00:53:04.632337,,,2024-01-03 00:59:04.632337,2024-01-03,,profile_completed,2,0,0.8846200936111112,0.1,,,,
U00466,2024-12-18,paid_search,mobile,freemium,2024-12-18 00:06:00.000000,,,,2024-12-18,,email_verified,1,0,0.1,,,,,
U00467,2024-03-01,organic,desktop,freemium,2024-03-01 00:06:00.000000,,,2024-03-01 05:25:58.541953,2024-03-01,,profile_completed,2,0,0.1,5.3329283202777775,,,,
U00468,2024-08-05,organic,mobile,free_trial,,,,,2024-08-05,,signup,0,0,,,,,,
U00469,2024-03-07,paid_search,desktop,free_trial,,,,,2024-03-07,,signup,0,0,,,,,,
U00470,2024-12-06,organic,desktop,free_trial,2024-12-06 00:06:00.000000,2024-12-07 00:54:48.166113,,2024-12-06 07:32:28.925562,2024-12-06,2024-12-08 06:27:31.858306,team_invited,4,0,0.1,7.441368211666667,17.372011264166666,29.54547005361111,,
U00471,2024-09-26,paid_search,mobile,free_trial,2024-09-26 00:06:00.000000,2024-09-27 11:50:33.820833,2024-10-15 00:24:15.389909,2024-09-26 00:12:00.000000,2024-09-26,2024-09-28 23:00:37.667130,paid_conversion,5,1,0.1,0.1,35.64272800916667,35.1677350825,385.39381188305555,456.40427497472217
U00472,2024-10-20,paid_search,desktop,free_trial,2024-10-20 00:06:00.000000,,,,2024-10-20,,email_verified,1,0,0.1,,,,,
U00473,2024-06-06,organic,desktop,freemium,,,,,2024-06-06,,signup,0,0,,,,,,
U00474,2024-06-19,referral,desktop,freemium,2024-06-19 00:32:17.799714,2024-06-19 00:44:17.799714,2024-07-07 16:57:54.776237,2024-06-19 00:38:17.799714,2024-06-19,2024-06-27 17:59:45.816438,paid_conversion,5,1,0.5382776983333333,0.1,0.1,209.25778242333334,238.9691554997222,448.9652156213889
U00475,2024-08-19,paid_search,mobile,free_trial,,,,,2024-08-19,,signup,0,0,,,,,,
U00476,2024-10-13,referral,mobile,free_trial,,,,,2024-10-13,,signup,0,0,,,,,,
U00477,2024-11-05,paid_search,mobile,freemium,,,,,2024-11-05,,signup,0,0,,,,,,
U00478,2024-01-07,paid_search,tablet,free_trial,2024-01-07 00:47:11.708931,,,2024-01-07 00:53:11.708931,2024-01-07,,profile_completed,2,0,0.7865858141666667,0.1,,,,
U00479,2024-08-30,paid_search,tablet,free_trial,2024-08-30 01:25:32.978344,,,2024-08-30 14:23:39.514366,2024-08-30,,profile_completed,2,0,1.4258273177777778,12.968482228333333,,,,
U00480,2024-02-09,referral,desktop,freemium,2024-02-09 00:06:00.000000,,,2024-02-09 00:12:00.000000,2024-02-09,,profile_completed,2,0,0.1,0.1,,,,
U00481,2024-04-15,paid_search,desktop,free_trial,2024-04-15 00:06:00.000000,2024-04-15 00:18:00.000000,,2024-04-15 00:12:00.000000,2024-04-15,,first_feature_used,3,0,0.1,0.1,0.1,,,
U00482,2024-10-29,organic,mobile,free_trial,,,,,2024-10-29,,signup,0,0,,,,,,
U00483,2024-04-01,organic,tablet,freemium,2024-04-01 00:43:01.646898,,,,2024-04-01,,email_verified,1,0,0.7171241383333333,,,,,
U00484,2024-10-17,paid_search,tablet,freemium,,,,,2024-10-17,,signup,0,0,,,,,,
U00485,2024-06-17,organic,mobile,free_trial,2024-06-17 01:53:50.868958,,,,2024-06-17,,email_verified,1,0,1.8974635994444444,,,,,
U00486,2024-03-25,organic,desktop,freemium,2024-03-25 02:45:04.095166,2024-03-30 04:47:52.309520,,2024-03-25 07:19:35.750342,2024-03-25,2024-04-03 07:36:18.877833,team_invited,4,0,2.751137546111111,4.575459771111111,117.47126643833334,98.80738008694445,,
U00487,2024-05-01,organic,tablet,freemium,2024-05-01 00:06:00.000000,2024-05-04 00:10:23.297683,,2024-05-01 19:07:42.493228,2024-05-01,,first_feature_used,3,0,0.1,19.028470341111113,53.044667904166666,,,
U00488,2024-07-12,paid_search,tablet,free_trial,2024-07-12 00:22:44.352442,2024-07-13 04:44:21.730169,,2024-07-12 08:40:23.484271,2024-07-12,,first_feature_used,3,0,0.37898678944444447,8.294203285833333,20.06617941611111,,,
U00489,2024-10-06,organic,mobile,freemium,,,,,2024-10-06,,signup,0,0,,,,,,
U00490,2024-08-09,paid_search,mobile,free_trial,2024-08-09 00:06:00.000000,,,2024-08-10 04:11:48.365285,2024-08-09,,profile_completed,2,0,0.1,28.096768134722225,,,,
U00491,2024-12-06,paid_search,desktop,free_trial,2024-12-06 00:06:00.000000,2024-12-06 19:28:33.500006,,2024-12-06 19:22:33.500006,2024-12-06,,first_feature_used,3,0,0.1,19.27597222388889,0.1,,,
U00492,2024-11-12,referral,tablet,free_trial,2024-11-12 01:03:22.102248,,,2024-11-12 07:06:07.188141,2024-11-12,,profile_completed,2,0,1.0561395133333333,6.0458571925,,,,
U00493,2024-10-01,organic,desktop,free_trial,2024-10-01 00:06:00.000000,2024-10-03 05:39:35.213672,,2024-10-01 00:51:05.824763,2024-10-01,2024-10-12 11:24:39.751575,team_invited,4,0,0.1,0.7516179897222223,52.808163585833334,221.7512605286111,,
U00494,2024-08-08,paid_search,mobile,free_trial,2024-08-08 00:06:00.000000,2024-08-10 23:40:01.976402,,2024-08-08 19:57:50.558739,2024-08-08,,first_feature_used,3,0,0.1,19.864044094166665,51.703171573055556,,,
U00495,2024-04-15,paid_search,desktop,freemium,,,,,2024-04-15,,signup,0,0,,,,,,
U00496,2024-05-30,paid_search,desktop,free_trial,2024-05-30 00:06:00.000000,2024-05-31 13:40:29.164449,,2024-05-30 05:37:41.789303,2024-05-30,,first_feature_used,3,0,0.1,5.52827480638889,32.046493096111114,,,
U00497,2024-02-13,paid_search,desktop,freemium,2024-02-13 00:06:00.000000,,,2024-02-13 10:26:17.754038,2024-02-13,,profile_completed,2,0,0.1,10.338265010555554,,,,
U00498,2024-05-16,organic,desktop,free_trial,2024-05-16 01:21:34.995710,,,2024-05-16 22:33:09.630782,2024-05-16,,profile_completed,2,0,1.3597210305555556,21.192954186666668,,,,
U00499,2024-12-04,referral,desktop,freemium,,,,,2024-12-04,,signup,0,0,,,,,,
U00500,2024-06-04,organic,tablet,free_trial,2024-06-04 00:06:00.000000,,,2024-06-04 07:31:11.025560,2024-06-04,,profile_completed,2,0,0.1,7.419729322222222,,,,
U00501,2024-02-11,referral,desktop,free_trial,2024-02-11 00:06:00.000000,2024-02-11 13:57:04.269543,,2024-02-11 08:00:31.142634,2024-02-11,,first_feature_used,3,0,0.1,7.9086507316666665,5.9425352525,,,
U00502,2024-08-25,paid_search,mobile,freemium,,,,,2024-08-25,,signup,0,0,,,,,,
U00503,2024-12-17,organic,desktop,freemium,2024-12-17 03:37:48.324920,,,,2024-12-17,,email_verified,1,0,3.6300902555555554,,,,,
U00504,2024-11-12,paid_search,desktop,free_trial,2024-11-12 02:26:10.567951,2024-11-15 06:05:26.159412,,2024-11-12 02:32:10.567951,2024-11-12,2024-11-21 10:34:07.155478,team_invited,4,0,2.436268875277778,0.1,75.55433096138889,148.47805446277778,,
U00505,2024-04-10,organic,mobile,free_trial,,,,,2024-04-10,,signup,0,0,,,,,,
U00506,2024-06-14,paid_search,mobile,freemium,2024-06-14 03:41:51.742173,2024-06-17 10:35:01.278107,,2024-06-14 03:47:51.742173,2024-06-14,2024-06-18 05:49:42.807589,team_invited,4,0,3.6977061591666667,0.1,78.78598220388888,19.244869300555553,,
U00507,2024-07-12,paid_search,desktop,freemium,2024-07-12 00:06:00.000000,,,,2024-07-12,,email_verified,1,0,0.1,,,,,
U00508,2024-03-31,organic,mobile,free_trial,2024-03-31 01:22:26.912038,,,,2024-03-31,,email_verified,1,0,1.374142232777778,,,,,
U00509,2024-04-08,organic,mobile,freemium,,,,,2024-04-08,,signup,0,0,,,,,,
U00510,2024-03-27,paid_search,desktop,free_trial,2024-03-27 02:17:04.682532,2024-03-28 14:52:11.476759,2024-04-14 23:17:09.453499,2024-03-27 05:03:17.265908,2024-03-27,2024-03-28 14:58:11.476759,paid_conversion,5,1,2.2846340366666666,2.770162048888889,33.81505856972222,0.1,416.31610465,455.2859593052778
U00511,2024-12-29,organic,tablet,free_trial,,,,,2024-12-29,,signup,0,0,,,,,,
U00512,2024-09-29,referral,mobile,freemium,,,,,2024-09-29,,signup,0,0,,,,,,
U00513,2024-11-02,paid_search,mobile,freemium,2024-11-02 00:06:00.000000,2024-11-03 22:34:02.383876,,2024-11-02 00:12:00.000000,2024-11-02,,first_feature_used,3,0,0.1,0.1,46.367328854444445,,,
U00514,2024-10-25,paid_search,desktop,free_trial,2024-10-25 00:37:25.137001,2024-10-25 00:49:25.137001,,2024-10-25 00:43:25.137001,2024-10-25,2024-10-25 00:55:25.137001,team_invited,4,0,0.6236491669444445,0.1,0.1,0.1,,
U00515,2024-12-16,organic,desktop,free_trial,,,,,2024-12-16,,signup,0,0,,,,,,
U00516,2024-02-08,paid_search,desktop,free_trial,2024-02-08 02:09:28.479765,2024-02-13 15:49:04.571604,,2024-02-08 16:02:29.653106,2024-02-08,2024-02-20 01:08:01.371254,team_invited,4,0,2.1579110458333335,13.883659261388889,119.77636624944445,153.31577768055553,,
U00517,2024-11-17,referral,mobile,freemium,2024-11-17 01:14:24.096269,,,,2024-11-17,,email_verified,1,0,1.2400267413888888,,,,,
U00518,2024-01-25,organic,mobile,free_trial,2024-01-25 03:13:25.154511,,,2024-01-25 18:06:05.942817,2024-01-25,,profile_completed,2,0,3.2236540308333335,14.877996751666668,,,,
U00519,2024-06-22,organic,desktop,free_trial,,,,,2024-06-22,,signup,0,0,,,,,,
U00520,2024-08-04,organic,mobile,free_trial,2024-08-04 02:45:08.712032,2024-08-05 08:21:52.861616,2024-08-09 02:02:50.881675,2024-08-04 02:51:08.712032,2024-08-04,2024-08-05 08:27:52.861616,paid_conversion,5,1,2.7524200088888886,0.1,29.512263773333334,0.1,89.58278334972222,122.04746713194444
U00521,2024-05-10,organic,desktop,freemium,,,,,2024-05-10,,signup,0,0,,,,,,
U00522,2024-02-23,paid_search,desktop,free_trial,2024-02-23 02:09:56.612429,2024-02-24 09:19:56.744770,,2024-02-23 08:32:07.195846,2024-02-23,,first_feature_used,3,0,2.165725674722222,6.369606504722222,24.797096923333335,,,
U00523,2024-03-11,paid_search,tablet,freemium,,,,,2024-03-11,,signup,0,0,,,,,,
U00524,2024-10-28,paid_search,desktop,free_trial,2024-10-28 02:40:26.716863,,,2024-10-28 02:46:26.716863,2024-10-28,,profile_completed,2,0,2.6740880175,0.1,,,,
U00525,2024-04-26,organic,desktop,free_trial,,,,,2024-04-26,,signup,0,0,,,,,,
U00526,2024-04-23,organic,desktop,free_trial,2024-04-23 00:06:00.000000,2024-04-28 15:29:35.662344,,2024-04-23 00:12:00.000000,2024-04-23,2024-05-07 06:49:03.557526,team_invited,4,0,0.1,0.1,135.29323954,207.32441532833334,,
U00527,2024-12-03,organic,desktop,free_trial,,,,,2024-12-03,,signup,0,0,,,,,,
U00528,2024-02-22,referral,mobile,free_trial,2024-02-22 00:06:00.000000,,,,2024-02-22,,email_verified,1,0,0.1,,,,,
U00529,2024-11-30,paid_search,tablet,free_trial,2024-11-30 01:00:51.221388,,,,2024-11-30,,email_verified,1,0,1.0142281633333332,,,,,
U00530,2024-12-02,organic,desktop,free_trial,2024-12-02 01:29:56.479468,,,,2024-12-02,,email_verified,1,0,1.4990220744444445,,,,,
U00531,2024-08-06,paid_search,desktop,free_trial,2024-08-06 01:48:28.706880,,,,2024-08-06,,email_verified,1,0,1.8079741333333332,,,,,
U00532,2024-03-01,organic,desktop,free_trial,2024-03-01 00:06:00.000000,,,2024-03-01 04:26:31.530822,2024-03-01,,profile_completed,2,0,0.1,4.342091895,,,,
U00533,2024-02-26,organic,desktop,free_trial,2024-02-26 01:23:09.516493,2024-03-01 05:50:55.119729,,2024-02-26 01:29:09.516493,2024-02-26,2024-03-01 05:56:55.119729,team_invited,4,0,1.385976803611111,0.1,100.36266756555555,0.1,,
U00534,2024-04-13,organic,desktop,free_trial,,,,,2024-04-13,,signup,0,0,,,,,,
U00535,2024-07-29,referral,desktop,free_trial,2024-07-29 03:31:02.242486,,,2024-07-29 03:37:02.242486,2024-07-29,,profile_completed,2,0,3.5172895794444443,0.1,,,,
U00536,2024-02-26,paid_search,mobile,freemium,2024-02-26 01:54:40.434334,,,,2024-02-26,,email_verified,1,0,1.9112317594444443,,,,,
U00537,2024-06-15,paid_search,desktop,freemium,2024-06-15 00:06:00.000000,2024-06-15 00:18:00.000000,,2024-06-15 00:12:00.000000,2024-06-15,,first_feature_used,3,0,0.1,0.1,0.1,,,
U00538,2024-02-12,organic,desktop,freemium,2024-02-12 00:06:00.000000,2024-02-12 00:18:00.000000,,2024-02-12 00:12:00.000000,2024-02-12,,first_feature_used,3,0,0.1,0.1,0.1,,,
U00539,2024-07-16,organic,desktop,free_trial,2024-07-16 00:45:07.716194,,,2024-07-16 00:51:07.716194,2024-07-16,,profile_completed,2,0,0.7521433872222223,0.1,,,,
U00540,2024-01-08,paid_search,mobile,freemium,2024-01-08 01:21:28.179302,,,,2024-01-08,,email_verified,1,0,1.3578275838888887,,,,,
U00541,2024-09-15,organic,desktop,freemium,2024-09-15 00:06:00.000000,,,,2024-09-15,,email_verified,1,0,0.1,,,,,
U00542,2024-01-21,referral,desktop,free_trial,2024-01-21 01:52:49.638026,,,2024-01-21 08:07:22.801329,2024-01-21,,profile_completed,2,0,1.8804550072222221,6.242545361944445,,,,
U00543,2024-03-12,paid_search,mobile,free_trial,2024-03-12 00:37:43.959833,2024-03-12 14:26:01.872298,,2024-03-12 14:20:01.872298,2024-03-12,,first_feature_used,3,0,0.6288777313888888,13.704975684722223,0.1,,,
U00544,2024-03-04,organic,desktop,freemium,2024-03-04 00:06:00.000000,,,2024-03-04 00:12:00.000000,2024-03-04,,profile_completed,2,0,0.1,0.1,,,,
U00545,2024-10-30,paid_search,tablet,freemium,,,,,2024-10-30,,signup,0,0,,,,,,
U00546,2024-01-20,referral,desktop,freemium,2024-01-20 00:06:00.000000,2024-01-22 09:55:55.334830,,2024-01-20 00:12:00.000000,2024-01-20,2024-01-26 16:25:56.464021,team_invited,4,0,0.1,0.1,57.73203745277778,102.50031366416667,,
U00547,2024-06-05,paid_search,mobile,freemium,,,,,2024-06-05,,signup,0,0,,,,,,
U00548,2024-08-03,paid_search,tablet,freemium,,,,,2024-08-03,,signup,0,0,,,,,,
U00549,2024-07-07,referral,desktop,freemium,2024-07-07 00:06:00.000000,,,2024-07-07 00:12:00.000000,2024-07-07,,profile_completed,2,0,0.1,0.1,,,,
U00550,2024-09-05,organic,mobile,free_trial,,,,,2024-09-05,,signup,0,0,,,,,,
U00551,2024-10-20,referral,desktop,free_trial,2024-10-20 00:06:00.000000,2024-10-20 04:53:58.524761,2024-10-26 13:33:13.808440,2024-10-20 04:47:58.524761,2024-10-20,2024-10-21 08:31:01.526488,paid_conversion,5,1,0.1,4.699590211388889,0.1,27.61750047972222,125.03674498666666,157.55383567777778
U00552,2024-05-23,organic,mobile,freemium,2024-05-23 02:19:41.070171,,,,2024-05-23,,email_verified,1,0,2.3280750475,,,,,
U00553,2024-10-29,paid_search,tablet,free_trial,2024-10-29 00:06:00.000000,,,2024-10-29 05:38:09.954795,2024-10-29,,profile_completed,2,0,0.1,5.536098554166667,,,,
U00554,2024-04-26,paid_search,mobile,free_trial,2024-04-26 01:26:21.951805,,,,2024-04-26,,email_verified,1,0,1.4394310569444444,,,,,
U00555,2024-12-25,paid_search,tablet,free_trial,,,,,2024-12-25,,signup,0,0,,,,,,
U00556,2024-07-03,paid_search,desktop,free_trial,2024-07-03 00:06:00.000000,2024-07-06 11:45:01.229506,,2024-07-04 08:09:55.100353,2024-07-03,2024-07-13 11:01:44.205910,team_invited,4,0,0.1,32.06530565361111,51.58503587583333,167.27860455666666,,
U00557,2024-09-25,paid_search,desktop,free_trial,2024-09-25 00:06:00.000000,2024-09-25 05:08:08.832712,,2024-09-25 05:02:08.832712,2024-09-25,2024-09-29 08:07:10.991456,team_invited,4,0,0.1,4.935786864444444,0.1,98.98393298444445,,
U00558,2024-11-15,organic,desktop,freemium,2024-11-15 00:06:00.000000,,,,2024-11-15,,email_verified,1,0,0.1,,,,,
U00559,2024-10-16,organic,mobile,free_trial,2024-10-16 00:06:00.000000,,,2024-10-16 19:54:37.035984,2024-10-16,,profile_completed,2,0,0.1,19.810287773333332,,,,
U00560,2024-11-06,organic,mobile,freemium,,,,,2024-11-06,,signup,0,0,,,,,,
U00561,2024-07-14,paid_search,mobile,free_trial,,,,,2024-07-14,,signup,0,0,,,,,,
U00562,2024-01-16,organic,desktop,freemium,,,,,2024-01-16,,signup,0,0,,,,,,
U00563,2024-06-28,organic,desktop,freemium,2024-06-28 00:06:00.000000,,,,2024-06-28,,email_verified,1,0,0.1,,,,,
U00564,2024-03-07,referral,mobile,freemium,,,,,2024-03-07,,signup,0,0,,,,,,
U00565,2024-11-20,organic,tablet,free_trial,2024-11-20 01:45:24.540923,,,2024-11-20 21:57:19.878561,2024-11-20,,profile_completed,2,0,1.7568169230555555,20.198704899444444,,,,
U00566,2024-03-27,organic,desktop,free_trial,2024-03-27 02:29:20.851741,2024-03-30 22:04:08.964101,,2024-03-27 19:34:32.029404,2024-03-27,,first_feature_used,3,0,2.489125483611111,17.086438239722224,74.49359297138889,,,
U00567,2024-03-24,organic,desktop,freemium,2024-03-24 00:06:00.000000,,,,2024-03-24,,email_verified,1,0,0.1,,,,,
U00568,2024-04-01,organic,desktop,freemium,2024-04-01 00:06:00.000000,2024-04-01 01:15:23.299173,2024-04-08 03:01:38.171474,2024-04-01 01:09:23.299173,2024-04-01,2024-04-01 01:21:23.299173,paid_conversion,5,1,0.1,1.0564719925,0.1,0.1,169.6707978613889,171.02726985388887
U00569,2024-08-22,paid_search,desktop,free_trial,2024-08-22 00:06:00.000000,2024-08-24 22:43:46.963308,,2024-08-22 00:12:00.000000,2024-08-22,,first_feature_used,3,0,0.1,0.1,70.52971203,,,
U00570,2024-07-27,organic,tablet,freemium,2024-07-27 00:24:56.123483,,,,2024-07-27,,email_verified,1,0,0.4155898563888889,,,,,
U00571,2024-12-12,organic,desktop,freemium,2024-12-12 00:15:14.311470,,,2024-12-12 00:21:14.311470,2024-12-12,,profile_completed,2,0,0.2539754083333333,0.1,,,,
U00572,2024-05-31,referral,desktop,free_trial,2024-05-31 02:39:00.290599,,,2024-06-01 12:55:50.352225,2024-05-31,,profile_completed,2,0,2.650080721944444,34.28057267388889,,,,
U00573,2024-04-13,referral,desktop,freemium,2024-04-13 01:19:56.383566,,,2024-04-13 01:25:56.383566,2024-04-13,,profile_completed,2,0,1.3323287683333334,0.1,,,,
U00574,2024-01-18,paid_search,desktop,free_trial,2024-01-18 00:06:00.000000,2024-01-18 20:14:16.052476,2024-01-21 17:49:25.397180,2024-01-18 00:12:00.000000,2024-01-18,2024-01-20 11:37:06.454448,paid_conversion,5,1,0.1,0.1,20.037792354444445,39.38066721444444,30.205261869999998,89.8237214388889
U00575,2024-01-03,referral,tablet,free_trial,2024-01-03 00:06:00.000000,2024-01-05 07:27:22.393676,2024-01-17 08:12:48.653700,2024-01-03 02:01:28.585085,2024-01-03,2024-01-07 08:47:25.130810,paid_conversion,5,1,0.1,1.9246069680555555,53.4316134975,49.33409364833333,239.42320080277779,344.21351491666667
U00576,2024-05-16,referral,desktop,freemium,,,,,2024-05-16,,signup,0,0,,,,,,
U00577,2024-12-03,organic,desktop,free_trial,2024-12-03 00:06:00.000000,2024-12-03 18:05:17.640691,,2024-12-03 00:12:00.000000,2024-12-03,,first_feature_used,3,0,0.1,0.1,17.888233525277776,,,
U00578,2024-07-10,paid_search,desktop,freemium,2024-07-10 02:02:54.546846,,,,2024-07-10,,email_verified,1,0,2.0484852350000002,,,,,
U00579,2024-11-22,paid_search,tablet,freemium,,,,,2024-11-22,,signup,0,0,,,,,,
U00580,2024-02-07,organic,tablet,freemium,,,,,2024-02-07,,signup,0,0,,,,,,
U00581,2024-02-04,organic,desktop,free_trial,2024-02-04 00:06:00.000000,2024-02-08 09:05:23.669134,,2024-02-04 00:12:00.000000,2024-02-04,2024-02-08 09:11:23.669134,team_invited,4,0,0.1,0.1,104.88990809277779,0.1,,
U00582,2024-10-31,organic,mobile,free_trial,,,,,2024-10-31,,signup,0,0,,,,,,
U00583,2024-02-08,paid_search,desktop,free_trial,2024-02-08 03:58:53.859391,,,2024-02-08 21:18:35.800274,2024-02-08,,profile_completed,2,0,3.9816276086111113,17.328316911944444,,,,
U00584,2024-01-19,paid_search,desktop,freemium,2024-01-19 00:35:24.647831,,,2024-01-19 02:31:30.978272,2024-01-19,,profile_completed,2,0,0.5901799530555556,1.9350917891666666,,,,
U00585,2024-05-27,paid_search,desktop,free_trial,2024-05-27 01:20:28.920892,,,2024-05-27 01:26:28.920892,2024-05-27,,profile_completed,2,0,1.3413669144444444,0.1,,,,
U00586,2024-12-03,organic,mobile,freemium,2024-12-03 00:35:47.543218,,,,2024-12-03,,email_verified,1,0,0.5965397827777777,,,,,
U00587,2024-09-08,organic,tablet,free_trial,2024-09-08 01:04:40.925800,2024-09-12 15:56:42.914381,2024-09-15 00:10:56.367392,2024-09-09 00:57:56.755491,2024-09-08,2024-09-15 00:04:56.367392,paid_conversion,5,1,1.0780349444444444,23.887730469722225,86.97948858055557,56.137070280833335,0.1,168.18232427555557
U00588,2024-02-06,paid_search,desktop,free_trial,2024-02-06 00:06:00.000000,2024-02-06 06:06:20.073088,2024-02-14 00:38:42.716734,2024-02-06 06:00:20.073088,2024-02-06,2024-02-08 15:42:16.522190,paid_conversion,5,1,0.1,5.905575857777778,0.1,57.59901363944445,128.94060959555557,192.64519909277777
U00589,2024-11-01,paid_search,desktop,freemium,2024-11-01 00:30:52.547589,,,2024-11-01 12:28:51.189792,2024-11-01,,profile_completed,2,0,0.5145965525,11.966289500833334,,,,
U00590,2024-11-03,referral,desktop,freemium,2024-11-03 01:09:40.594286,,,2024-11-03 18:18:05.206137,2024-11-03,,profile_completed,2,0,1.1612761905555555,17.14016995861111,,,,
U00591,2024-10-19,referral,desktop,free_trial,2024-10-19 00:06:00.000000,2024-10-19 00:18:00.000000,,2024-10-19 00:12:00.000000,2024-10-19,2024-10-29 20:09:41.973395,team_invited,4,0,0.1,0.1,0.1,259.8616592763889,,
U00592,2024-11-25,referral,desktop,freemium,2024-11-25 02:55:49.367297,,,2024-11-25 03:01:49.367297,2024-11-25,,profile_completed,2,0,2.9303798047222225,0.1,,,,
U00593,2024-03-28,referral,desktop,free_trial,2024-03-28 03:35:52.547394,2024-03-28 12:59:08.422439,2024-03-31 19:56:16.778899,2024-03-28 12:53:08.422439,2024-03-28,2024-03-29 12:12:43.689710,paid_conversion,5,1,3.5979298316666664,9.287743068055557,0.1,23.226463130833334,55.725858108055554,91.93799413861112
U00594,2024-12-23,referral,tablet,freemium,2024-12-23 00:06:00.000000,2024-12-26 14:17:41.628024,,2024-12-23 09:16:02.284870,2024-12-23,,first_feature_used,3,0,0.1,9.167301352777779,77.02759532055556,,,
U00595,2024-04-27,paid_search,desktop,free_trial,2024-04-27 00:06:00.000000,2024-04-30 15:33:06.603479,,2024-04-27 00:12:00.000000,2024-04-27,2024-05-07 15:01:34.549606,team_invited,4,0,0.1,0.1,87.35183429972221,167.47442947972223,,
U00596,2024-10-19,organic,mobile,free_trial,2024-10-19 00:06:00.000000,,,2024-10-19 05:27:58.722485,2024-10-19,,profile_completed,2,0,0.1,5.366311801388888,,,,
U00597,2024-07-30,organic,desktop,free_trial,2024-07-30 04:11:28.582853,,,,2024-07-30,,email_verified,1,0,4.191273014722222,,,,,
U00598,2024-10-11,organic,desktop,free_trial,2024-10-11 01:42:06.779026,,,,2024-10-11,,email_verified,1,0,1.701883062777778,,,,,
U00599,2024-08-17,organic,desktop,freemium,2024-08-17 01:58:59.069067,,,,2024-08-17,,email_verified,1,0,1.9830747408333333,,,,,
U00600,2024-08-22,organic,tablet,free_trial,2024-08-22 03:26:56.459023,,,,2024-08-22,,email_verified,1,0,3.4490163952777775,,,,,
U00601,2024-08-12,referral,desktop,free_trial,2024-08-12 00:06:00.000000,,,2024-08-12 00:27:21.016216,2024-08-12,,profile_completed,2,0,0.1,0.3558378377777778,,,,
U00602,2024-10-11,organic,desktop,free_trial,2024-10-11 00:06:00.000000,2024-10-11 00:18:00.000000,,2024-10-11 00:12:00.000000,2024-10-11,,first_feature_used,3,0,0.1,0.1,0.1,,,
U00603,2024-09-26,referral,mobile,free_trial,2024-09-26 02:54:28.973739,,,2024-09-26 03:00:28.973739,2024-09-26,,profile_completed,2,0,2.908048260833333,0.1,,,,
U00604,2024-02-19,paid_search,mobile,freemium,,,,,2024-02-19,,signup,0,0,,,,,,
U00605,2024-10-28,paid_search,mobile,free_trial,2024-10-28 00:52:05.149195,2024-11-02 23:50:54.059074,,2024-10-28 13:16:46.342470,2024-10-28,,first_feature_used,3,0,0.8680969986111111,12.411442576388888,130.56881016777777,,,
U00606,2024-07-14,paid_search,desktop,freemium,,,,,2024-07-14,,signup,0,0,,,,,,
U00607,2024-04-27,organic,desktop,freemium,2024-04-27 00:06:00.000000,2024-04-27 13:03:22.100908,,2024-04-27 12:57:22.100908,2024-04-27,,first_feature_used,3,0,0.1,12.856139141111111,0.1,,,
U00608,2024-07-06,paid_search,mobile,free_trial,2024-07-06 00:06:00.000000,,,,2024-07-06,,email_verified,1,0,0.1,,,,,
U00609,2024-12-18,organic,mobile,freemium,,,,,2024-12-18,,signup,0,0,,,,,,
U00610,2024-11-09,referral,mobile,free_trial,2024-11-09 01:08:46.771144,,,,2024-11-09,,email_verified,1,0,1.146325317777778,,,,,
U00611,2024-10-31,organic,desktop,free_trial,2024-10-31 02:33:22.355221,2024-10-31 22:39:23.691515,,2024-10-31 22:33:23.691515,2024-10-31,,first_feature_used,3,0,2.556209783611111,20.000371192777777,0.1,,,
U00612,2024-06-17,organic,desktop,free_trial,2024-06-17 04:52:26.326802,,,,2024-06-17,,email_verified,1,0,4.873979667222222,,,,,
U00613,2024-10-13,paid_search,tablet,free_trial,2024-10-13 00:11:54.571919,2024-10-13 00:23:54.571919,,2024-10-13 00:17:54.571919,2024-10-13,2024-10-18 12:59:42.239236,team_invited,4,0,0.1984921997222222,0.1,0.1,132.5965742547222,,
U00614,2024-05-20,paid_search,mobile,free_trial,2024-05-20 00:06:00.000000,2024-05-21 11:38:40.387680,,2024-05-20 00:12:00.000000,2024-05-20,,first_feature_used,3,0,0.1,0.1,35.44455213333333,,,
U00615,2024-09-07,paid_search,desktop,free_trial,2024-09-07 01:22:33.491222,,,,2024-09-07,,email_verified,1,0,1.3759697838888887,,,,,
U00616,2024-08-21,paid_search,tablet,freemium,,,,,2024-08-21,,signup,0,0,,,,,,
U00617,2024-04-01,organic,desktop,free_trial,2024-04-01 00:06:00.000000,,,,2024-04-01,,email_verified,1,0,0.1,,,,,
U00618,2024-04-07,paid_search,desktop,freemium,2024-04-07 01:13:37.690336,,,,2024-04-07,,email_verified,1,0,1.2271362044444443,,,,,
U00619,2024-01-23,organic,desktop,free_trial,2024-01-23 00:06:00.000000,2024-01-25 06:14:25.927005,,2024-01-23 00:12:00.000000,2024-01-23,,first_feature_used,3,0,0.1,0.1,54.04053527916667,,,
U00620,2024-02-21,organic,mobile,freemium,2024-02-21 00:06:00.000000,,,,2024-02-21,,email_verified,1,0,0.1,,,,,
U00621,2024-06-07,organic,desktop,free_trial,2024-06-07 01:36:00.362835,,,,2024-06-07,,email_verified,1,0,1.6001007875,,,,,
U00622,2024-06-23,organic,desktop,free_trial,2024-06-23 02:17:13.010785,,,2024-06-23 18:58:12.588544,2024-06-23,,profile_completed,2,0,2.286947440277778,16.683216044166667,,,,
U00623,2024-03-01,organic,mobile,free_trial,2024-03-01 00:14:46.325520,2024-03-01 03:03:06.925820,,2024-03-01 02:57:06.925820,2024-03-01,,first_feature_used,3,0,0.24620153333333333,2.7057223055555557,0.1,,,
U00624,2024-06-01,paid_search,desktop,freemium,2024-06-01 05:05:01.871017,,,2024-06-01 05:11:01.871017,2024-06-01,,profile_completed,2,0,5.083853060277778,0.1,,,,
U00625,2024-08-08,organic,tablet,freemium,2024-08-08 01:15:33.915245,,,2024-08-08 01:21:33.915245,2024-08-08,,profile_completed,2,0,1.2594209013888888,0.1,,,,
U00626,2024-03-25,organic,desktop,free_trial,2024-03-25 00:06:00.000000,,,,2024-03-25,,email_verified,1,0,0.1,,,,,
U00627,2024-05-03,paid_search,desktop,freemium,2024-05-03 00:06:00.000000,2024-05-04 14:52:09.390923,,2024-05-03 00:12:00.000000,2024-05-03,2024-05-10 23:22:43.541181,team_invited,4,0,0.1,0.1,38.669275256388886,152.50948618277778,,
U00628,2024-05-14,organic,mobile,freemium,2024-05-14 00:06:00.000000,2024-05-14 10:40:42.742514,,2024-05-14 10:34:42.742514,2024-05-14,,first_feature_used,3,0,0.1,10.478539587222222,0.1,,,
U00629,2024-07-03,paid_search,mobile,freemium,,,,,2024-07-03,,signup,0,0,,,,,,
U00630,2024-05-13,referral,desktop,free_trial,2024-05-13 00:06:00.000000,2024-05-13 17:06:14.757674,,2024-05-13 17:00:14.757674,2024-05-13,2024-05-20 13:12:42.598052,team_invited,4,0,0.1,16.90409935388889,0.1,164.10773343833336,,
U00631,2024-09-25,organic,mobile,freemium,,,,,2024-09-25,,signup,0,0,,,,,,
U00632,2024-04-29,referral,tablet,freemium,,,,,2024-04-29,,signup,0,0,,,,,,
U00633,2024-06-07,organic,mobile,free_trial,2024-06-07 03:43:10.908512,2024-06-09 16:28:58.721422,,2024-06-07 03:49:10.908512,2024-06-07,2024-06-09 16:34:58.721422,team_invited,4,0,3.719696808888889,0.1,60.66328136388889,0.1,,
U00634,2024-05-18,organic,mobile,free_trial,2024-05-18 00:06:00.000000,,,,2024-05-18,,email_verified,1,0,0.1,,,,,
U00635,2024-03-07,paid_search,desktop,free_trial,2024-03-07 00:06:00.000000,,,2024-03-07 14:47:26.441224,2024-03-07,,profile_completed,2,0,0.1,14.690678117777779,,,,
U00636,2024-09-07,paid_search,desktop,freemium,2024-09-07 02:44:32.080611,2024-09-12 01:55:49.164282,,2024-09-07 02:50:32.080611,2024-09-07,2024-09-12 02:01:49.164282,team_invited,4,0,2.7422446141666663,0.1,119.08807879749999,0.1,,
U00637,2024-03-26,referral,desktop,free_trial,2024-03-26 02:55:29.454104,2024-04-01 15:35:33.226641,,2024-03-26 03:01:29.454104,2024-03-26,,first_feature_used,3,0,2.9248483622222223,0.1,156.5677145936111,,,
U00638,2024-04-18,organic,desktop,free_trial,2024-04-18 00:06:00.000000,,,2024-04-18 00:12:00.000000,2024-04-18,,profile_completed,2,0,0.1,0.1,,,,
U00639,2024-10-16,paid_search,mobile,free_trial,2024-10-16 00:06:00.000000,,,,2024-10-16,,email_verified,1,0,0.1,,,,,
U00640,2024-12-12,organic,desktop,freemium,,,,,2024-12-12,,signup,0,0,,,,,,
U00641,2024-09-01,organic,desktop,freemium,2024-09-01 01:27:10.271951,,,,2024-09-01,,email_verified,1,0,1.4528533197222222,,,,,
U00642,2024-11-30,organic,desktop,free_trial,2024-11-30 00:06:00.000000,2024-11-30 23:02:02.024629,2024-12-15 01:47:16.794628,2024-11-30 22:56:02.024629,2024-11-30,2024-12-02 05:22:46.427255,paid_conversion,5,1,0.1,22.83389573027778,0.1,30.34566739611111,308.40843538138887,361.78799850777773
U00643,2024-11-07,referral,desktop,free_trial,2024-11-07 01:22:55.631419,2024-11-08 13:12:23.340179,,2024-11-07 01:28:55.631419,2024-11-07,2024-11-08 13:18:23.340179,team_invited,4,0,1.382119838611111,0.1,35.724363544444444,0.1,,
U00644,2024-06-24,organic,desktop,freemium,,,,,2024-06-24,,signup,0,0,,,,,,
U00645,2024-10-08,referral,mobile,free_trial,2024-10-08 00:06:00.000000,2024-10-08 00:49:37.193189,,2024-10-08 00:43:37.193189,2024-10-08,,first_feature_used,3,0,0.1,0.6269981080555556,0.1,,,
U00646,2024-04-29,paid_search,desktop,free_trial,2024-04-29 00:06:00.000000,,,,2024-04-29,,email_verified,1,0,0.1,,,,,
U00647,2024-06-17,paid_search,desktop,freemium,2024-06-17 00:06:00.000000,,,,2024-06-17,,email_verified,1,0,0.1,,,,,
U00648,2024-07-14,paid_search,desktop,free_trial,2024-07-14 00:09:49.776127,2024-07-14 07:32:54.926941,,2024-07-14 07:26:54.926941,2024-07-14,2024-07-15 23:39:28.177552,team_invited,4,0,0.16382670194444443,7.284764115,0.1,40.10923628083333,,
U00649,2024-12-16,referral,mobile,free_trial,2024-12-16 01:46:32.346353,,,2024-12-16 17:41:58.366543,2024-12-16,,profile_completed,2,0,1.7756517647222223,15.923894497222223,,,,
U00650,2024-11-05,organic,desktop,free_trial,2024-11-05 00:06:00.000000,,,2024-11-05 00:12:00.000000,2024-11-05,,profile_completed,2,0,0.1,0.1,,,,
U00651,2024-06-27,organic,desktop,freemium,2024-06-27 00:06:00.000000,2024-06-28 14:50:53.920364,,2024-06-27 05:20:25.474582,2024-06-27,2024-07-03 12:07:58.036287,team_invited,4,0,0.1,5.240409606111111,33.50790160611111,117.28447664527778,,
U00652,2024-08-26,paid_search,desktop,freemium,2024-08-26 01:41:51.549477,,,,2024-08-26,,email_verified,1,0,1.6976526324999999,,,,,
U00653,2024-03-14,organic,desktop,free_trial,,,,,2024-03-14,,signup,0,0,,,,,,
U00654,2024-10-20,organic,mobile,freemium,,,,,2024-10-20,,signup,0,0,,,,,,
U00655,2024-07-20,organic,mobile,freemium,2024-07-20 00:06:00.000000,,,,2024-07-20,,email_verified,1,0,0.1,,,,,
U00656,2024-07-13,organic,tablet,freemium,,,,,2024-07-13,,signup,0,0,,,,,,
U00657,2024-10-06,organic,mobile,free_trial,2024-10-06 00:06:00.000000,,,,2024-10-06,,email_verified,1,0,0.1,,,,,
U00658,2024-08-19,organic,desktop,free_trial,2024-08-19 00:06:00.000000,,,,2024-08-19,,email_verified,1,0,0.1,,,,,
U00659,2024-01-27,referral,desktop,freemium,2024-01-27 05:04:12.052237,2024-01-28 03:28:41.115792,,2024-01-27 05:21:44.428881,2024-01-27,2024-02-04 18:05:39.982926,team_invited,4,0,5.070014510277778,0.29232684555555555,22.115746364166665,182.61635198166664,,
U00660,2024-04-15,organic,desktop,free_trial,2024-04-15 02:20:01.741923,,,,2024-04-15,,email_verified,1,0,2.3338172008333333,,,,,
U00661,2024-03-05,referral,desktop,free_trial,2024-03-05 02:28:44.988323,,,,2024-03-05,,email_verified,1,0,2.4791634230555553,,,,,
U00662,2024-09-25,referral,desktop,free_trial,2024-09-25 00:06:00.000000,2024-09-26 16:26:32.425923,,2024-09-25 12:54:34.252971,2024-09-25,,first_feature_used,3,0,0.1,12.809514714166667,27.53282582,,,
U00663,2024-01-13,organic,desktop,freemium,2024-01-13 00:27:59.452871,,,,2024-01-13,,email_verified,1,0,0.4665146863888889,,,,,
U00664,2024-03-14,paid_search,desktop,free_trial,2024-03-14 00:06:00.000000,2024-03-17 12:30:03.336405,,2024-03-14 12:22:12.154087,2024-03-14,2024-03-21 11:43:28.747189,team_invited,4,0,0.1,12.270042801944445,72.13088397722223,95.22372521777778,,
U00665,2024-08-06,paid_search,desktop,free_trial,2024-08-06 00:37:21.290149,,,,2024-08-06,,email_verified,1,0,0.6225805969444445,,,,,
U00666,2024-09-10,paid_search,mobile,freemium,2024-09-10 00:41:33.267454,,,,2024-09-10,,email_verified,1,0,0.6925742927777777,,,,,
U00667,2024-07-02,organic,mobile,free_trial,,,,,2024-07-02,,signup,0,0,,,,,,
U00668,2024-11-10,organic,tablet,free_trial,,,,,2024-11-10,,signup,0,0,,,,,,
U00669,2024-12-01,organic,desktop,free_trial,2024-12-01 00:54:40.417510,2024-12-02 18:19:01.965589,,2024-12-01 19:30:50.242441,2024-12-01,,first_feature_used,3,0,0.9112270861111111,18.6027291475,22.80325643,,,
U00670,2024-02-18,paid_search,desktop,free_trial,2024-02-18 02:55:45.611359,2024-02-18 03:07:45.611359,2024-02-28 20:03:05.936293,2024-02-18 03:01:45.611359,2024-02-18,2024-02-18 03:13:45.611359,paid_conversion,5,1,2.9293364886111113,0.1,0.1,0.1,256.8223124816667,260.05164897027777
U00671,2024-12-13,referral,tablet,freemium,,,,,2024-12-13,,signup,0,0,,,,,,
U00672,2024-08-12,paid_search,mobile,free_trial,2024-08-12 00:17:45.288891,,,2024-08-12 14:25:29.165031,2024-08-12,,profile_completed,2,0,0.2959135808333333,14.128854483333333,,,,
U00673,2024-08-20,paid_search,desktop,freemium,,,,,2024-08-20,,signup,0,0,,,,,,
U00674,2024-02-04,referral,desktop,free_trial,2024-02-04 00:06:00.000000,2024-02-04 00:18:00.000000,2024-02-22 17:53:26.053067,2024-02-04 00:12:00.000000,2024-02-04,2024-02-12 06:47:33.065925,paid_conversion,5,1,0.1,0.1,0.1,198.4925183125,251.0980519838889,449.89057029638883
U00675,2024-08-14,paid_search,desktop,free_trial,2024-08-14 00:06:00.000000,,,,2024-08-14,,email_verified,1,0,0.1,,,,,
U00676,2024-09-21,organic,mobile,free_trial,2024-09-21 01:54:30.049148,,,,2024-09-21,,email_verified,1,0,1.9083469855555555,,,,,
U00677,2024-07-30,referral,mobile,free_trial,2024-07-30 01:55:40.205711,2024-07-30 02:07:40.205711,,2024-07-30 02:01:40.205711,2024-07-30,,first_feature_used,3,0,1.9278349197222222,0.1,0.1,,,
U00678,2024-01-31,organic,desktop,free_trial,,,,,2024-01-31,,signup,0,0,,,,,,
U00679,2024-07-09,organic,desktop,free_trial,2024-07-09 00:06:00.000000,2024-07-10 12:36:22.039384,,2024-07-09 01:02:00.215628,2024-07-09,2024-07-13 08:00:57.392474,team_invited,4,0,0.1,0.93339323,35.57272882111111,67.40982030277777,,
U00680,2024-12-07,paid_search,desktop,freemium,2024-12-07 01:05:20.409935,2024-12-09 05:32:56.951200,,2024-12-07 01:11:20.409935,2024-12-07,2024-12-12 07:22:33.173153,team_invited,4,0,1.0890027597222223,0.1,52.36015035138889,73.82672832027778,,
U00681,2024-09-21,referral,desktop,free_trial,2024-09-21 01:53:07.357360,2024-09-22 04:18:10.312935,,2024-09-22 04:12:10.312935,2024-09-21,,first_feature_used,3,0,1.8853770444444444,26.31748765972222,0.1,,,
U00682,2024-02-20,organic,mobile,freemium,,,,,2024-02-20,,signup,0,0,,,,,,
U00683,2024-12-16,paid_search,desktop,free_trial,2024-12-16 00:11:43.264431,,,2024-12-16 04:53:02.243985,2024-12-16,,profile_completed,2,0,0.1953512308333333,4.688605431666667,,,,
U00684,2024-12-15,organic,desktop,free_trial,2024-12-15 00:06:00.000000,2024-12-18 04:12:45.199089,,2024-12-15 15:17:03.695754,2024-12-15,,first_feature_used,3,0,0.1,15.184359931666666,60.92819537083333,,,
U00685,2024-03-02,organic,desktop,freemium,2024-03-02 02:21:25.169356,,,2024-03-02 02:27:25.169356,2024-03-02,,profile_completed,2,0,2.356991487777778,0.1,,,,
U00686,2024-10-19,organic,tablet,free_trial,2024-10-19 00:06:00.000000,,,,2024-10-19,,email_verified,1,0,0.1,,,,,
U00687,2024-05-28,paid_search,desktop,free_trial,2024-05-28 01:16:59.176589,,,2024-05-28 01:22:59.176589,2024-05-28,,profile_completed,2,0,1.2831046080555555,0.1,,,,
U00688,2024-08-04,referral,desktop,free_trial,2024-08-04 02:39:06.380472,,,2024-08-04 02:45:06.380472,2024-08-04,,profile_completed,2,0,2.6517723533333335,0.1,,,,
U00689,2024-06-11,organic,mobile,free_trial,,,,,2024-06-11,,signup,0,0,,,,,,
U00690,2024-10-12,organic,mobile,freemium,,,,,2024-10-12,,signup,0,0,,,,,,
U00691,2024-12-29,organic,mobile,free_trial,2024-12-29 00:06:00.000000,2024-12-29 18:10:41.344443,,2024-12-29 18:04:41.344443,2024-12-29,2025-01-07 07:44:15.517960,team_invited,4,0,0.1,17.978151234166667,0.1,205.55949264361112,,
U00692,2024-10-17,organic,mobile,freemium,,,,,2024-10-17,,signup,0,0,,,,,,
U00693,2024-12-05,paid_search,desktop,free_trial,2024-12-05 05:12:51.517263,,,2024-12-05 05:18:51.517263,2024-12-05,,profile_completed,2,0,5.214310350833334,0.1,,,,
U00694,2024-12-11,paid_search,tablet,free_trial,2024-12-11 01:22:41.730776,2024-12-11 07:49:08.476174,,2024-12-11 07:43:08.476174,2024-12-11,2024-12-13 22:11:14.535942,team_invited,4,0,1.378258548888889,6.340762610555555,0.1,62.36834993555556,,
U00695,2024-02-02,paid_search,tablet,free_trial,2024-02-02 02:03:43.373490,2024-02-02 09:19:36.683762,2024-02-13 15:33:03.529816,2024-02-02 09:13:36.683762,2024-02-02,2024-02-04 07:38:34.095483,paid_conversion,5,1,2.062048191666667,7.164808408888889,0.1,46.31594770027778,223.9081762036111,279.55098050444445
U00696,2024-04-02,organic,desktop,free_trial,2024-04-02 00:19:06.239591,,,2024-04-02 07:56:46.980879,2024-04-02,,profile_completed,2,0,0.3183998863888889,7.627983691111112,,,,
U00697,2024-09-20,paid_search,mobile,freemium,2024-09-20 02:40:24.125165,,,,2024-09-20,,email_verified,1,0,2.673368101388889,,,,,
U00698,2024-08-03,organic,desktop,freemium,2024-08-03 00:06:00.000000,,,2024-08-03 00:12:00.000000,2024-08-03,,profile_completed,2,0,0.1,0.1,,,,
U00699,2024-01-19,organic,desktop,free_trial,,,,,2024-01-19,,signup,0,0,,,,,,
U00700,2024-02-04,referral,desktop,free_trial,2024-02-04 00:06:00.000000,,,2024-02-04 00:12:00.000000,2024-02-04,,profile_completed,2,0,0.1,0.1,,,,
U00701,2024-07-08,paid_search,desktop,freemium,2024-07-08 00:06:00.000000,2024-07-08 07:01:52.597255,,2024-07-08 06:55:52.597255,2024-07-08,,first_feature_used,3,0,0.1,6.831277015277778,0.1,,,
U00702,2024-08-12,referral,tablet,free_trial,2024-08-12 02:08:36.640193,2024-08-17 08:40:16.522526,,2024-08-13 09:32:04.671992,2024-08-12,2024-08-23 23:54:54.574295,team_invited,4,0,2.1435111647222223,31.391119944166668,95.13662514833334,159.24390326916668,,
U00703,2024-03-02,referral,desktop,free_trial,2024-03-02 00:06:00.000000,2024-03-07 23:22:14.603192,,2024-03-02 00:12:00.000000,2024-03-02,,first_feature_used,3,0,0.1,0.1,143.1707231088889,,,
U00704,2024-03-03,paid_search,desktop,free_trial,2024-03-03 00:52:56.211606,,,,2024-03-03,,email_verified,1,0,0.8822810016666667,,,,,
U00705,2024-02-17,referral,desktop,free_trial,2024-02-17 00:06:00.000000,,,2024-02-17 00:12:00.000000,2024-02-17,,profile_completed,2,0,0.1,0.1,,,,
U00706,2024-07-25,organic,desktop,free_trial,2024-07-25 01:16:35.054118,2024-07-26 22:09:48.905167,,2024-07-25 01:22:35.054118,2024-07-25,,first_feature_used,3,0,1.2764039216666667,0.1,44.787180846944445,,,
U00707,2024-01-03,organic,desktop,free_trial,,,,,2024-01-03,,signup,0,0,,,,,,
U00708,2024-07-27,organic,desktop,freemium,2024-07-27 02:38:17.704226,,,,2024-07-27,,email_verified,1,0,2.638251173888889,,,,,
U00709,2024-06-22,organic,mobile,free_trial,2024-06-22 00:21:06.502277,,,,2024-06-22,,email_verified,1,0,0.3518061880555556,,,,,
U00710,2024-06-19,organic,tablet,freemium,,,,,2024-06-19,,signup,0,0,,,,,,
U00711,2024-09-04,organic,desktop,freemium,2024-09-04 00:06:00.000000,,,,2024-09-04,,email_verified,1,0,0.1,,,,,
U00712,2024-07-09,paid_search,tablet,free_trial,2024-07-09 00:06:00.000000,2024-07-09 01:50:12.437886,,2024-07-09 01:44:12.437886,2024-07-09,,first_feature_used,3,0,0.1,1.6367883016666667,0.1,,,
U00713,2024-09-22,paid_search,mobile,free_trial,,,,,2024-09-22,,signup,0,0,,,,,,
U00714,2024-10-05,paid_search,mobile,free_trial,2024-10-05 00:06:00.000000,2024-10-06 08:26:28.646312,,2024-10-05 12:28:13.349636,2024-10-05,,first_feature_used,3,0,0.1,12.370374898888889,19.970915743333332,,,
U00715,2024-12-01,organic,desktop,freemium,2024-12-01 01:27:19.164105,,,,2024-12-01,,email_verified,1,0,1.4553233625,,,,,
U00716,2024-10-18,paid_search,desktop,free_trial,2024-10-18 01:07:26.069895,2024-10-18 01:19:26.069895,,2024-10-18 01:13:26.069895,2024-10-18,,first_feature_used,3,0,1.1239083041666666,0.1,0.1,,,
U00717,2024-07-07,organic,mobile,freemium,2024-07-07 00:06:00.000000,,,,2024-07-07,,email_verified,1,0,0.1,,,,,
U00718,2024-06-28,organic,desktop,freemium,,,,,2024-06-28,,signup,0,0,,,,,,
U00719,2024-03-27,organic,desktop,freemium,,,,,2024-03-27,,signup,0,0,,,,,,
U00720,2024-08-06,organic,mobile,free_trial,,,,,2024-08-06,,signup,0,0,,,,,,
U00721,2024-02-20,organic,desktop,freemium,2024-02-20 03:31:28.424888,,,,2024-02-20,,email_verified,1,0,3.5245624688888886,,,,,
U00722,2024-12-05,referral,mobile,freemium,2024-12-05 02:56:12.600122,,,,2024-12-05,,email_verified,1,0,2.936833367222222,,,,,
U00723,2024-11-04,paid_search,desktop,freemium,2024-11-04 00:06:00.000000,,,2024-11-04 00:12:00.000000,2024-11-04,,profile_completed,2,0,0.1,0.1,,,,
U00724,2024-02-13,paid_search,tablet,free_trial,2024-02-13 00:06:00.000000,2024-02-13 00:18:00.000000,,2024-02-13 00:12:00.000000,2024-02-13,,first_feature_used,3,0,0.1,0.1,0.1,,,
U00725,2024-10-13,organic,desktop,freemium,,,,,2024-10-13,,signup,0,0,,,,,,
U00726,2024-02-12,referral,desktop,free_trial,2024-02-12 00:06:00.000000,,,2024-02-12 01:04:27.693238,2024-02-12,,profile_completed,2,0,0.1,0.9743592327777777,,,,
U00727,2024-09-20,paid_search,mobile,freemium,2024-09-20 00:06:00.000000,,,,2024-09-20,,email_verified,1,0,0.1,,,,,
U00728,2024-02-02,organic,desktop,free_trial,2024-02-02 01:11:42.035238,2024-02-05 06:11:35.373120,,2024-02-02 01:17:42.035238,2024-02-02,2024-02-09 02:39:31.502307,team_invited,4,0,1.1950097883333335,0.1,76.89814941166668,92.46559144083334,,
U00729,2024-06-27,paid_search,tablet,free_trial,2024-06-27 01:14:12.798075,,,,2024-06-27,,email_verified,1,0,1.2368883541666666,,,,,
U00730,2024-08-28,paid_search,mobile,freemium,2024-08-28 02:44:55.952572,,,2024-08-28 07:20:06.635856,2024-08-28,,profile_completed,2,0,2.7488757144444445,4.586300912222222,,,,
U00731,2024-09-23,organic,desktop,free_trial,,,,,2024-09-23,,signup,0,0,,,,,,
U00732,2024-06-01,organic,desktop,freemium,2024-06-01 02:36:58.744364,,,,2024-06-01,,email_verified,1,0,2.616317878888889,,,,,
U00733,2024-12-02,paid_search,tablet,freemium,2024-12-02 01:17:48.782812,2024-12-03 09:19:10.774426,2024-12-10 08:00:24.598022,2024-12-02 12:30:56.929460,2024-12-02,2024-12-03 10:12:42.291395,paid_conversion,5,1,1.2968841144444445,11.218929624444446,20.80384582388889,0.8920880469444444,165.79508517416667,200.0068327838889
U00734,2024-10-09,organic,mobile,freemium,,,,,2024-10-09,,signup,0,0,,,,,,
U00735,2024-03-17,organic,mobile,freemium,2024-03-17 00:59:38.366572,,,2024-03-17 01:05:38.366572,2024-03-17,,profile_completed,2,0,0.9939907144444444,0.1,,,,
U00736,2024-09-01,organic,desktop,free_trial,2024-09-01 00:06:00.000000,,,2024-09-01 03:37:11.001755,2024-09-01,,profile_completed,2,0,0.1,3.519722709722222,,,,
U00737,2024-09-23,referral,tablet,free_trial,2024-09-23 01:34:42.228151,2024-09-23 10:35:41.912248,,2024-09-23 10:29:41.912248,2024-09-23,,first_feature_used,3,0,1.5783967086111113,8.916578915833334,0.1,,,
U00738,2024-05-01,organic,desktop,freemium,2024-05-01 02:13:48.348129,2024-05-02 18:18:29.545269,,2024-05-01 02:19:48.348129,2024-05-01,2024-05-06 13:30:48.676686,team_invited,4,0,2.2300967025,0.1,39.978110316666665,91.20531428250001,,
U00739,2024-09-26,organic,mobile,free_trial,,,,,2024-09-26,,signup,0,0,,,,,,
U00740,2024-11-23,organic,desktop,free_trial,2024-11-23 00:06:00.000000,2024-11-25 22:00:47.484289,,2024-11-23 17:05:36.135032,2024-11-23,,first_feature_used,3,0,0.1,16.993370842222223,52.91981923805555,,,
U00741,2024-10-25,referral,desktop,free_trial,2024-10-25 00:06:00.000000,,,2024-10-25 00:12:00.000000,2024-10-25,,profile_completed,2,0,0.1,0.1,,,,
U00742,2024-10-05,paid_search,tablet,free_trial,2024-10-05 00:06:00.000000,,,,2024-10-05,,email_verified,1,0,0.1,,,,,
U00743,2024-08-19,referral,tablet,freemium,2024-08-19 00:29:45.254765,2024-08-20 12:09:40.391689,,2024-08-19 05:14:02.747422,2024-08-19,2024-08-20 12:15:40.391689,team_invited,4,0,0.49590410138888885,4.738192404722222,30.927123407499998,0.1,,
U00744,2024-04-08,organic,desktop,free_trial,2024-04-08 00:06:00.000000,2024-04-13 04:11:29.835868,,2024-04-08 14:35:49.464884,2024-04-08,,first_feature_used,3,0,0.1,14.49707357888889,109.59454749555555,,,
U00745,2024-10-17,organic,tablet,free_trial,2024-10-17 00:06:00.000000,,,,2024-10-17,,email_verified,1,0,0.1,,,,,
U00746,2024-05-12,paid_search,desktop,freemium,2024-05-12 00:06:00.000000,,,2024-05-12 08:07:22.424243,2024-05-12,,profile_completed,2,0,0.1,8.022895623055556,,,,
U00747,2024-07-13,organic,desktop,freemium,2024-07-13 00:06:00.000000,,,2024-07-13 07:23:52.389949,2024-07-13,,profile_completed,2,0,0.1,7.297886096944445,,,,
U00748,2024-04-24,referral,desktop,free_trial,2024-04-24 02:19:26.777685,2024-04-24 02:31:26.777685,,2024-04-24 02:25:26.777685,2024-04-24,,first_feature_used,3,0,2.3241049124999997,0.1,0.1,,,
U00749,2024-04-24,referral,desktop,freemium,2024-04-24 00:06:00.000000,2024-04-24 07:08:51.011041,,2024-04-24 04:45:58.277640,2024-04-24,,first_feature_used,3,0,0.1,4.666188233333333,2.381314833611111,,,
U00750,2024-02-27,paid_search,desktop,free_trial,2024-02-27 00:06:00.000000,2024-03-01 18:36:08.437233,,2024-02-27 02:38:48.623367,2024-02-27,2024-03-01 18:42:08.437233,team_invited,4,0,0.1,2.5468398241666668,87.95550385166666,0.1,,
U00751,2024-12-16,referral,desktop,freemium,2024-12-16 04:05:03.201527,2024-12-19 11:54:00.375639,,2024-12-16 06:45:01.874932,2024-12-16,,first_feature_used,3,0,4.084222646388889,2.6662981680555555,77.14958352972224,,,
U00752,2024-02-23,paid_search,desktop,free_trial,2024-02-23 00:06:00.000000,2024-02-24 13:34:34.128111,,2024-02-23 08:02:54.300858,2024-02-23,,first_feature_used,3,0,0.1,7.948416904999999,29.527729792499997,,,
U00753,2024-02-01,organic,mobile,free_trial,,,,,2024-02-01,,signup,0,0,,,,,,
U00754,2024-12-07,paid_search,mobile,free_trial,2024-12-07 00:06:00.000000,,,2024-12-07 00:12:00.000000,2024-12-07,,profile_completed,2,0,0.1,0.1,,,,
U00755,2024-07-21,organic,mobile,freemium,,,,,2024-07-21,,signup,0,0,,,,,,
U00756,2024-06-08,referral,desktop,free_trial,2024-06-08 00:06:00.000000,2024-06-09 19:05:49.707704,,2024-06-08 14:12:51.696657,2024-06-08,2024-06-10 06:51:57.191053,team_invited,4,0,0.1,14.1143601825,28.88278084638889,11.768745374722222,,
U00757,2024-09-26,organic,mobile,free_trial,2024-09-26 02:22:18.322146,,,2024-09-26 02:28:18.322146,2024-09-26,,profile_completed,2,0,2.3717561516666668,0.1,,,,
U00758,2024-05-19,organic,desktop,freemium,2024-05-19 00:06:00.000000,,,,2024-05-19,,email_verified,1,0,0.1,,,,,
U00759,2024-02-16,paid_search,mobile,free_trial,2024-02-16 00:06:00.000000,,,,2024-02-16,,email_verified,1,0,0.1,,,,,
U00760,2024-09-23,organic,desktop,freemium,2024-09-23 01:02:03.286889,,,,2024-09-23,,email_verified,1,0,1.0342463580555556,,,,,
U00761,2024-03-05,organic,desktop,free_trial,2024-03-05 00:06:00.000000,,,,2024-03-05,,email_verified,1,0,0.1,,,,,
U00762,2024-07-20,paid_search,desktop,free_trial,2024-07-20 00:06:00.000000,2024-07-21 17:17:44.071567,,2024-07-20 00:12:00.000000,2024-07-20,,first_feature_used,3,0,0.1,0.1,41.09557543527778,,,
U00763,2024-12-12,organic,mobile,free_trial,2024-12-12 07:00:14.763144,2024-12-16 15:34:16.221488,2024-12-24 03:44:59.591426,2024-12-12 08:35:16.679317,2024-12-12,2024-12-16 15:40:16.221488,paid_conversion,5,1,7.004100873333334,1.583865603611111,102.98320615861111,0.1,180.07871387166665,291.74988650722224
U00764,2024-12-07,paid_search,tablet,free_trial,,,,,2024-12-07,,signup,0,0,,,,,,
U00765,2024-05-11,organic,mobile,free_trial,,,,,2024-05-11,,signup,0,0,,,,,,
U00766,2024-10-11,organic,tablet,free_trial,2024-10-11 00:51:46.697557,,,2024-10-11 18:07:03.445756,2024-10-11,,profile_completed,2,0,0.8629715436111111,17.2546522775,,,,
U00767,2024-08-11,organic,tablet,freemium,2024-08-11 04:31:36.139247,,,,2024-08-11,,email_verified,1,0,4.526705346388889,,,,,
U00768,2024-06-23,paid_search,desktop,free_trial,2024-06-23 01:06:11.357128,,,2024-06-23 11:34:56.184741,2024-06-23,,profile_completed,2,0,1.1031547577777778,10.47911878138889,,,,
U00769,2024-02-21,referral,mobile,free_trial,2024-02-21 00:06:00.000000,,,,2024-02-21,,email_verified,1,0,0.1,,,,,
U00770,2024-05-17,organic,desktop,freemium,2024-05-17 02:08:17.534810,,,,2024-05-17,,email_verified,1,0,2.138204113888889,,,,,
U00771,2024-08-25,referral,desktop,free_trial,2024-08-25 00:23:20.491646,,,2024-08-25 10:32:02.375173,2024-08-25,,profile_completed,2,0,0.3890254572222222,10.144967646388888,,,,
U00772,2024-12-26,paid_search,desktop,freemium,2024-12-26 00:06:00.000000,2024-12-26 21:39:06.479676,,2024-12-26 00:12:00.000000,2024-12-26,,first_feature_used,3,0,0.1,0.1,21.451799910000002,,,
U00773,2024-01-02,paid_search,tablet,freemium,2024-01-02 02:08:24.921373,2024-01-02 22:23:50.376914,,2024-01-02 02:14:24.921373,2024-01-02,,first_feature_used,3,0,2.1402559369444445,0.1,20.157070983611113,,,
U00774,2024-09-18,paid_search,mobile,free_trial,,,,,2024-09-18,,signup,0,0,,,,,,
U00775,2024-11-04,paid_search,desktop,freemium,2024-11-04 00:57:49.430488,,,,2024-11-04,,email_verified,1,0,0.9637306911111111,,,,,
U00776,2024-12-13,referral,desktop,freemium,2024-12-13 00:37:27.811995,,,,2024-12-13,,email_verified,1,0,0.6243922208333333,,,,,
U00777,2024-06-03,paid_search,desktop,free_trial,2024-06-03 02:25:17.099362,2024-06-03 14:45:57.335937,2024-06-18 19:47:58.451874,2024-06-03 10:19:01.639120,2024-06-03,2024-06-03 14:51:57.335937,paid_conversion,5,1,2.4214164894444448,7.895705488333333,4.4488046713888885,0.1,364.9336433158333,379.799569965
U00778,2024-02-13,paid_search,mobile,freemium,2024-02-13 00:06:00.000000,,,2024-02-13 20:27:27.009179,2024-02-13,,profile_completed,2,0,0.1,20.357502549722224,,,,
U00779,2024-04-08,organic,tablet,free_trial,2024-04-08 01:16:36.805627,,,2024-04-08 05:14:46.678382,2024-04-08,,profile_completed,2,0,1.2768904519444444,3.969409098611111,,,,
U00780,2024-11-06,organic,desktop,freemium,2024-11-06 00:06:00.000000,2024-11-06 00:18:00.000000,,2024-11-06 00:12:00.000000,2024-11-06,,first_feature_used,3,0,0.1,0.1,0.1,,,
U00781,2024-11-16,paid_search,desktop,free_trial,2024-11-16 00:42:07.425500,2024-11-16 00:54:07.425500,2024-12-02 01:02:38.767301,2024-11-16 00:48:07.425500,2024-11-16,2024-11-20 07:53:15.642965,paid_conversion,5,1,0.7020626388888889,0.1,0.1,102.98561596249999,281.15642342666666,385.04410202805553
U00782,2024-08-20,organic,desktop,free_trial,2024-08-20 01:20:48.868307,,,,2024-08-20,,email_verified,1,0,1.3469078630555555,,,,,
U00783,2024-02-14,organic,desktop,freemium,2024-02-14 01:05:21.294395,,,2024-02-14 01:11:21.294395,2024-02-14,,profile_completed,2,0,1.0892484430555556,0.1,,,,
U00784,2024-02-14,organic,desktop,free_trial,2024-02-14 00:06:00.000000,,,,2024-02-14,,email_verified,1,0,0.1,,,,,
U00785,2024-06-23,organic,desktop,freemium,,,,,2024-06-23,,signup,0,0,,,,,,
U00786,2024-08-02,paid_search,desktop,freemium,,,,,2024-08-02,,signup,0,0,,,,,,
U00787,2024-01-12,paid_search,desktop,freemium,2024-01-12 02:24:24.307163,,,2024-01-12 02:30:24.307163,2024-01-12,,profile_completed,2,0,2.4067519897222223,0.1,,,,
U00788,2024-09-07,organic,tablet,freemium,,,,,2024-09-07,,signup,0,0,,,,,,
U00789,2024-07-17,organic,desktop,freemium,,,,,2024-07-17,,signup,0,0,,,,,,
U00790,2024-01-05,organic,desktop,freemium,2024-01-05 00:56:17.433211,,,,2024-01-05,,email_verified,1,0,0.9381758919444445,,,,,
U00791,2024-02-04,organic,mobile,freemium,2024-02-04 03:20:49.791542,,,,2024-02-04,,email_verified,1,0,3.3471643172222225,,,,,
U00792,2024-06-14,paid_search,tablet,free_trial,2024-06-14 01:06:21.657552,2024-06-14 04:11:56.639652,,2024-06-14 01:12:21.657552,2024-06-14,2024-06-16 16:14:29.002092,team_invited,4,0,1.1060159866666668,0.1,2.993050583333333,60.0423229,,
U00793,2024-09-20,paid_search,desktop,freemium,2024-09-20 00:12:23.652115,,,,2024-09-20,,email_verified,1,0,0.20657003194444443,,,,,
U00794,2024-10-28,paid_search,desktop,free_trial,2024-10-28 00:06:00.000000,2024-10-28 13:01:26.573308,,2024-10-28 00:12:00.000000,2024-10-28,2024-11-02 18:03:40.696922,team_invited,4,0,0.1,0.1,12.824048141111112,125.03725655944444,,
U00795,2024-06-06,paid_search,mobile,free_trial,2024-06-06 00:06:00.000000,,,,2024-06-06,,email_verified,1,0,0.1,,,,,
U00796,2024-04-17,referral,desktop,free_trial,2024-04-17 00:06:00.000000,2024-04-18 15:59:36.577455,,2024-04-17 05:14:29.244871,2024-04-17,,first_feature_used,3,0,0.1,5.141456908611111,34.75203682888889,,,
U00797,2024-12-19,paid_search,mobile,free_trial,2024-12-19 00:06:00.000000,,,,2024-12-19,,email_verified,1,0,0.1,,,,,
U00798,2024-06-16,paid_search,desktop,free_trial,2024-06-16 02:42:02.668907,2024-06-17 18:36:43.555520,,2024-06-16 02:48:02.668907,2024-06-16,,first_feature_used,3,0,2.7007413630555552,0.1,39.8113573925,,,
U00799,2024-04-25,paid_search,desktop,free_trial,2024-04-25 00:06:00.000000,2024-04-25 00:18:00.000000,,2024-04-25 00:12:00.000000,2024-04-25,,first_feature_used,3,0,0.1,0.1,0.1,,,
U00800,2024-06-10,organic,desktop,freemium,2024-06-10 00:06:00.000000,,,2024-06-10 07:14:24.572628,2024-06-10,,profile_completed,2,0,0.1,7.140159063333334,,,,
U00801,2024-01-05,referral,mobile,freemium,2024-01-05 00:08:55.594483,,,2024-01-05 21:27:43.440459,2024-01-05,,profile_completed,2,0,0.14877624527777777,21.313290548888887,,,,
U00802,2024-04-20,organic,desktop,freemium,2024-04-20 00:23:17.966884,2024-04-22 21:20:32.251076,,2024-04-20 13:18:47.870593,2024-04-20,,first_feature_used,3,0,0.3883241344444444,12.9249732525,56.028994578611105,,,
U00803,2024-07-07,organic,desktop,freemium,2024-07-07 00:06:00.000000,,,,2024-07-07,,email_verified,1,0,0.1,,,,,
U00804,2024-12-01,referral,desktop,freemium,2024-12-01 00:06:00.000000,,,,2024-12-01,,email_verified,1,0,0.1,,,,,
U00805,2024-09-26,paid_search,mobile,freemium,,,,,2024-09-26,,signup,0,0,,,,,,
U00806,2024-10-12,organic,desktop,free_trial,2024-10-12 01:43:46.272822,2024-10-12 14:36:46.902372,,2024-10-12 06:58:27.398155,2024-10-12,2024-10-12 14:42:46.902372,team_invited,4,0,1.7295202283333333,5.244757036944445,7.638751171388889,0.1,,
U00807,2024-07-17,organic,mobile,freemium,2024-07-17 00:20:02.414664,,,,2024-07-17,,email_verified,1,0,0.3340040733333333,,,,,
U00808,2024-02-10,organic,mobile,free_trial,,,,,2024-02-10,,signup,0,0,,,,,,
U00809,2024-05-22,paid_search,desktop,free_trial,2024-05-22 02:22:58.281021,,,2024-05-22 02:28:58.281021,2024-05-22,,profile_completed,2,0,2.382855839166667,0.1,,,,
U00810,2024-12-29,organic,tablet,free_trial,,,,,2024-12-29,,signup,0,0,,,,,,
U00811,2024-01-17,referral,mobile,freemium,2024-01-17 00:06:00.000000,2024-01-18 12:36:31.130112,,2024-01-17 07:33:35.677800,2024-01-17,,first_feature_used,3,0,0.1,7.4599105,29.048736753333333,,,
U00812,2024-11-16,referral,desktop,freemium,2024-11-16 02:45:11.410760,2024-11-17 06:21:30.057526,,2024-11-16 02:51:11.410760,2024-11-16,2024-11-17 07:17:50.157956,team_invited,4,0,2.753169655555556,0.1,27.505179657222225,0.9389167861111111,,
U00813,2024-09-06,paid_search,desktop,free_trial,2024-09-06 02:57:56.028830,,,2024-09-06 03:03:56.028830,2024-09-06,,profile_completed,2,0,2.965563563888889,0.1,,,,
U00814,2024-04-13,paid_search,desktop,freemium,2024-04-13 00:06:00.000000,,,,2024-04-13,,email_verified,1,0,0.1,,,,,
U00815,2024-10-10,organic,desktop,free_trial,2024-10-10 01:28:38.733641,,,,2024-10-10,,email_verified,1,0,1.4774260113888888,,,,,
U00816,2024-11-01,organic,desktop,free_trial,2024-11-01 03:12:35.431661,,,,2024-11-01,,email_verified,1,0,3.2098421280555556,,,,,
U00817,2024-01-16,paid_search,tablet,free_trial,2024-01-16 00:54:52.609597,2024-01-16 01:06:52.609597,,2024-01-16 01:00:52.609597,2024-01-16,,first_feature_used,3,0,0.9146137769444445,0.1,0.1,,,
U00818,2024-02-08,organic,mobile,free_trial,,,,,2024-02-08,,signup,0,0,,,,,,
U00819,2024-08-30,organic,desktop,freemium,,,,,2024-08-30,,signup,0,0,,,,,,
U00820,2024-12-30,organic,desktop,free_trial,2024-12-30 01:41:14.556043,,,,2024-12-30,,email_verified,1,0,1.687376678611111,,,,,
U00821,2024-01-09,organic,desktop,free_trial,2024-01-09 00:06:00.000000,2024-01-09 01:02:25.727818,,2024-01-09 00:12:00.000000,2024-01-09,,first_feature_used,3,0,0.1,0.1,0.8404799494444444,,,
U00822,2024-08-30,organic,desktop,free_trial,2024-08-30 00:06:00.000000,,,2024-08-30 00:12:00.000000,2024-08-30,,profile_completed,2,0,0.1,0.1,,,,
U00823,2024-02-19,paid_search,desktop,freemium,2024-02-19 00:06:00.000000,,,,2024-02-19,,email_verified,1,0,0.1,,,,,
U00824,2024-08-25,referral,tablet,freemium,2024-08-25 00:06:00.000000,2024-08-26 22:49:54.759208,,2024-08-25 00:12:00.000000,2024-08-25,,first_feature_used,3,0,0.1,0.1,46.63187755777778,,,
U00825,2024-08-15,paid_search,mobile,freemium,,,,,2024-08-15,,signup,0,0,,,,,,
U00826,2024-02-03,referral,desktop,freemium,2024-02-03 00:06:00.000000,2024-02-03 21:58:23.827087,,2024-02-03 21:52:23.827087,2024-02-03,2024-02-04 03:46:33.468197,team_invited,4,0,0.1,21.773285301944444,0.1,5.802678086111111,,
U00827,2024-09-05,organic,mobile,freemium,2024-09-05 00:06:00.000000,,,,2024-09-05,,email_verified,1,0,0.1,,,,,
U00828,2024-11-23,referral,desktop,free_trial,2024-11-23 00:06:00.000000,2024-11-28 03:21:16.529638,,2024-11-23 19:17:51.926387,2024-11-23,2024-12-05 02:35:03.604150,team_invited,4,0,0.1,19.197757329722222,104.05683423638888,167.22974291999998,,
U00829,2024-11-11,paid_search,mobile,free_trial,2024-11-11 02:19:16.102804,2024-11-13 23:16:36.572285,,2024-11-11 17:22:33.296526,2024-11-11,,first_feature_used,3,0,2.321139667777778,15.05477603388889,53.90090993305556,,,
U00830,2024-01-11,organic,desktop,free_trial,2024-01-11 02:36:00.176076,2024-01-12 14:42:59.351848,,2024-01-11 02:42:00.176076,2024-01-11,,first_feature_used,3,0,2.60004891,0.1,36.01643771444444,,,
U00831,2024-03-30,referral,desktop,free_trial,2024-03-30 00:06:00.000000,2024-04-02 17:58:10.984703,2024-04-16 07:43:59.752901,2024-03-30 00:12:00.000000,2024-03-30,2024-04-05 22:32:28.312350,paid_conversion,5,1,0.1,0.1,89.76971797305555,76.57147990194446,249.1920668197222,415.7332646947222
U00832,2024-03-28,organic,mobile,free_trial,2024-03-28 00:06:00.000000,,,2024-03-28 00:12:00.000000,2024-03-28,,profile_completed,2,0,0.1,0.1,,,,
U00833,2024-06-14,organic,desktop,free_trial,2024-06-14 03:38:25.357194,,,,2024-06-14,,email_verified,1,0,3.640376998333333,,,,,
U00834,2024-02-22,organic,desktop,free_trial,2024-02-22 00:50:27.241818,,,,2024-02-22,,email_verified,1,0,0.840900505,,,,,
U00835,2024-11-07,organic,desktop,free_trial,2024-11-07 00:27:01.372398,,,2024-11-07 01:57:17.303755,2024-11-07,,profile_completed,2,0,0.45038122166666666,1.5044253769444444,,,,
U00836,2024-10-10,organic,mobile,free_trial,2024-10-10 00:06:00.000000,,,2024-10-10 06:58:34.469162,2024-10-10,,profile_completed,2,0,0.1,6.8762414338888895,,,,
U00837,2024-10-22,paid_search,mobile,free_trial,,,,,2024-10-22,,signup,0,0,,,,,,
U00838,2024-03-13,referral,desktop,freemium,2024-03-13 00:06:00.000000,,,,2024-03-13,,email_verified,1,0,0.1,,,,,
U00839,2024-01-06,organic,desktop,freemium,,,,,2024-01-06,,signup,0,0,,,,,,
U00840,2024-11-28,paid_search,mobile,free_trial,2024-11-28 00:06:00.000000,2024-11-28 16:22:14.345020,,2024-11-28 00:12:00.000000,2024-11-28,,first_feature_used,3,0,0.1,0.1,16.170651394444445,,,
U00841,2024-04-15,organic,desktop,free_trial,2024-04-15 00:06:00.000000,,,2024-04-15 00:12:00.000000,2024-04-15,,profile_completed,2,0,0.1,0.1,,,,
U00842,2024-08-27,referral,desktop,free_trial,,,,,2024-08-27,,signup,0,0,,,,,,
U00843,2024-11-27,organic,mobile,free_trial,2024-11-27 00:06:00.000000,2024-11-30 01:03:31.394326,,2024-11-27 00:12:00.000000,2024-11-27,,first_feature_used,3,0,0.1,0.1,72.85872064611111,,,
U00844,2024-01-14,organic,desktop,free_trial,,,,,2024-01-14,,signup,0,0,,,,,,
U00845,2024-01-02,paid_search,mobile,free_trial,2024-01-02 00:06:00.000000,,,2024-01-02 09:53:27.684552,2024-01-02,,profile_completed,2,0,0.1,9.791023486666667,,,,
U00846,2024-01-02,paid_search,desktop,freemium,2024-01-02 01:11:43.931917,,,2024-01-02 19:53:57.786538,2024-01-02,,profile_completed,2,0,1.195536643611111,18.703848505833335,,,,
U00847,2024-02-27,paid_search,mobile,freemium,,,,,2024-02-27,,signup,0,0,,,,,,
U00848,2024-01-19,paid_search,desktop,freemium,,,,,2024-01-19,,signup,0,0,,,,,,
U00849,2024-10-26,paid_search,desktop,freemium,2024-10-26 00:06:00.000000,,,,2024-10-26,,email_verified,1,0,0.1,,,,,
U00850,2024-08-09,organic,desktop,freemium,2024-08-09 00:22:09.724112,,,,2024-08-09,,email_verified,1,0,0.3693678088888889,,,,,
U00851,2024-12-23,organic,tablet,freemium,,,,,2024-12-23,,signup,0,0,,,,,,
U00852,2024-10-19,organic,mobile,freemium,2024-10-19 00:06:00.000000,,,,2024-10-19,,email_verified,1,0,0.1,,,,,
U00853,2024-12-17,organic,mobile,freemium,,,,,2024-12-17,,signup,0,0,,,,,,
U00854,2024-03-28,organic,desktop,freemium,,,,,2024-03-28,,signup,0,0,,,,,,
U00855,2024-04-15,paid_search,desktop,freemium,,,,,2024-04-15,,signup,0,0,,,,,,
U00856,2024-11-06,organic,mobile,freemium,,,,,2024-11-06,,signup,0,0,,,,,,
U00857,2024-03-30,paid_search,mobile,free_trial,2024-03-30 00:06:00.000000,,,,2024-03-30,,email_verified,1,0,0.1,,,,,
U00858,2024-01-21,paid_search,desktop,free_trial,2024-01-21 01:34:22.109002,,,,2024-01-21,,email_verified,1,0,1.572808056111111,,,,,
U00859,2024-09-01,paid_search,mobile,free_trial,2024-09-01 00:06:00.000000,2024-09-02 16:51:04.600554,,2024-09-01 00:12:00.000000,2024-09-01,,first_feature_used,3,0,0.1,0.1,40.65127793166667,,,
U00860,2024-10-19,paid_search,desktop,free_trial,2024-10-19 05:46:26.427742,,,2024-10-20 01:13:10.026729,2024-10-19,,profile_completed,2,0,5.774007706111111,19.44544416305556,,,,
U00861,2024-12-19,organic,desktop,free_trial,2024-12-19 00:06:00.000000,,,2024-12-19 00:12:00.000000,2024-12-19,,profile_completed,2,0,0.1,0.1,,,,
U00862,2024-12-04,organic,tablet,free_trial,2024-12-04 01:20:34.116878,2024-12-07 12:31:38.588412,,2024-12-04 01:26:34.116878,2024-12-04,2024-12-11 06:28:01.672317,team_invited,4,0,1.342810243888889,0.1,83.08457542611112,89.93974552916667,,
U00863,2024-02-13,paid_search,desktop,free_trial,2024-02-13 02:10:11.681526,2024-02-14 14:46:06.648287,,2024-02-13 02:16:11.681526,2024-02-13,,first_feature_used,3,0,2.1699115350000002,0.1,36.49860187805555,,,
U00864,2024-10-08,paid_search,desktop,freemium,2024-10-08 00:12:16.623590,,,,2024-10-08,,email_verified,1,0,0.2046176638888889,,,,,
U00865,2024-11-04,organic,desktop,free_trial,2024-11-04 01:41:57.532734,2024-11-04 20:38:08.661041,,2024-11-04 01:47:57.532734,2024-11-04,,first_feature_used,3,0,1.6993146483333335,0.1,18.836424529722223,,,
U00866,2024-09-11,organic,tablet,free_trial,2024-09-11 00:06:00.000000,,,,2024-09-11,,email_verified,1,0,0.1,,,,,
U00867,2024-10-26,paid_search,desktop,free_trial,,,,,2024-10-26,,signup,0,0,,,,,,
U00868,2024-11-01,paid_search,mobile,free_trial,,,,,2024-11-01,,signup,0,0,,,,,,
U00869,2024-06-11,organic,desktop,freemium,,,,,2024-06-11,,signup,0,0,,,,,,
U00870,2024-01-15,organic,desktop,freemium,,,,,2024-01-15,,signup,0,0,,,,,,
U00871,2024-06-15,referral,desktop,free_trial,2024-06-15 01:03:27.569095,,,,2024-06-15,,email_verified,1,0,1.0576580819444443,,,,,
U00872,2024-03-14,organic,desktop,free_trial,2024-03-14 00:24:43.309015,2024-03-15 16:27:22.220222,2024-03-29 17:54:54.512516,2024-03-14 00:30:43.309015,2024-03-14,2024-03-24 01:21:08.609462,paid_conversion,5,1,0.41203028194444447,0.1,39.94414200194444,200.89621923333334,136.56275084833334,377.9151423655556
U00873,2024-02-11,referral,desktop,free_trial,2024-02-11 00:06:00.000000,,,2024-02-11 00:12:00.000000,2024-02-11,,profile_completed,2,0,0.1,0.1,,,,
U00874,2024-02-15,organic,desktop,freemium,2024-02-15 00:06:00.000000,,,,2024-02-15,,email_verified,1,0,0.1,,,,,
U00875,2024-09-11,paid_search,mobile,freemium,,,,,2024-09-11,,signup,0,0,,,,,,
U00876,2024-07-03,organic,desktop,freemium,2024-07-03 00:06:00.000000,,,,2024-07-03,,email_verified,1,0,0.1,,,,,
U00877,2024-07-16,organic,mobile,free_trial,,,,,2024-07-16,,signup,0,0,,,,,,
U00878,2024-09-28,referral,mobile,freemium,2024-09-28 00:07:17.340468,2024-10-02 06:44:19.593354,,2024-09-28 03:12:55.135908,2024-09-28,,first_feature_used,3,0,0.12148346333333333,3.0938320666666668,99.52346040166667,,,
U00879,2024-07-19,paid_search,desktop,freemium,,,,,2024-07-19,,signup,0,0,,,,,,
U00880,2024-08-17,referral,desktop,freemium,2024-08-17 01:06:26.408302,,,2024-08-17 01:12:26.408302,2024-08-17,,profile_completed,2,0,1.1073356394444445,0.1,,,,
U00881,2024-02-01,organic,desktop,free_trial,2024-02-01 00:51:27.807897,,,,2024-02-01,,email_verified,1,0,0.8577244158333334,,,,,
U00882,2024-11-06,referral,desktop,free_trial,2024-11-06 00:06:00.000000,2024-11-06 00:18:00.000000,,2024-11-06 00:12:00.000000,2024-11-06,,first_feature_used,3,0,0.1,0.1,0.1,,,
U00883,2024-06-12,referral,desktop,free_trial,2024-06-12 02:05:09.638241,,,2024-06-13 02:01:50.826514,2024-06-12,,profile_completed,2,0,2.0860106225,23.94477452027778,,,,
U00884,2024-02-26,paid_search,desktop,free_trial,2024-02-26 00:06:00.000000,,,,2024-02-26,,email_verified,1,0,0.1,,,,,
U00885,2024-10-23,organic,desktop,freemium,,,,,2024-10-23,,signup,0,0,,,,,,
U00886,2024-09-25,paid_search,desktop,free_trial,2024-09-25 00:06:00.000000,,,,2024-09-25,,email_verified,1,0,0.1,,,,,
U00887,2024-01-20,paid_search,tablet,free_trial,2024-01-20 00:06:00.000000,,,2024-01-20 00:12:00.000000,2024-01-20,,profile_completed,2,0,0.1,0.1,,,,
U00888,2024-03-11,referral,desktop,freemium,2024-03-11 00:06:00.000000,,,,2024-03-11,,email_verified,1,0,0.1,,,,,
U00889,2024-01-06,organic,desktop,free_trial,2024-01-06 01:29:35.001314,,,,2024-01-06,,email_verified,1,0,1.4930559205555556,,,,,
U00890,2024-04-08,organic,desktop,freemium,2024-04-08 00:06:00.000000,,,,2024-04-08,,email_verified,1,0,0.1,,,,,
U00891,2024-02-06,organic,mobile,freemium,2024-02-06 01:16:27.002847,,,,2024-02-06,,email_verified,1,0,1.2741674575,,,,,
U00892,2024-09-16,paid_search,desktop,freemium,2024-09-16 00:06:00.000000,2024-09-21 09:47:52.899519,,2024-09-16 00:12:00.000000,2024-09-16,,first_feature_used,3,0,0.1,0.1,129.59802764416668,,,
U00893,2024-07-09,referral,desktop,freemium,2024-07-09 00:06:00.000000,,,2024-07-09 00:12:00.000000,2024-07-09,,profile_completed,2,0,0.1,0.1,,,,
U00894,2024-12-23,organic,mobile,free_trial,2024-12-23 00:06:00.000000,,,,2024-12-23,,email_verified,1,0,0.1,,,,,
U00895,2024-09-30,paid_search,desktop,free_trial,2024-09-30 02:05:08.083131,,,,2024-09-30,,email_verified,1,0,2.0855786475,,,,,
U00896,2024-08-11,referral,desktop,freemium,2024-08-11 00:06:00.000000,,,,2024-08-11,,email_verified,1,0,0.1,,,,,
U00897,2024-07-04,organic,desktop,free_trial,2024-07-04 00:06:00.000000,,,2024-07-04 11:49:13.718512,2024-07-04,,profile_completed,2,0,0.1,11.720477364444445,,,,
U00898,2024-01-20,organic,mobile,free_trial,2024-01-20 00:06:00.000000,,,2024-01-20 00:12:00.000000,2024-01-20,,profile_completed,2,0,0.1,0.1,,,,
U00899,2024-01-26,paid_search,tablet,freemium,2024-01-26 00:06:00.000000,,,,2024-01-26,,email_verified,1,0,0.1,,,,,
U00900,2024-08-12,paid_search,mobile,free_trial,2024-08-12 00:11:15.974002,,,2024-08-12 11:18:50.418754,2024-08-12,,profile_completed,2,0,0.18777055611111113,11.126234653333334,,,,
U00901,2024-01-02,organic,desktop,free_trial,2024-01-02 00:06:00.000000,2024-01-04 15:50:02.712189,,2024-01-02 04:17:28.514767,2024-01-02,,first_feature_used,3,0,0.1,4.191254101944445,59.542832617222224,,,
U00902,2024-01-16,referral,desktop,free_trial,2024-01-16 00:06:00.000000,2024-01-17 17:14:59.597902,,2024-01-16 01:50:48.090791,2024-01-16,2024-01-21 12:24:26.521785,team_invited,4,0,0.1,1.7466918863888887,39.40319641972223,91.15747885638888,,
U00903,2024-03-20,paid_search,desktop,free_trial,2024-03-20 01:59:57.263096,,,2024-03-20 16:49:48.926497,2024-03-20,,profile_completed,2,0,1.999239748888889,14.831017611388889,,,,
U00904,2024-11-18,referral,mobile,freemium,,,,,2024-11-18,,signup,0,0,,,,,,
U00905,2024-06-16,referral,tablet,free_trial,2024-06-16 04:56:59.209013,,,2024-06-16 05:02:59.209013,2024-06-16,,profile_completed,2,0,4.949780281388889,0.1,,,,
U00906,2024-09-15,referral,mobile,free_trial,2024-09-15 02:50:11.377859,,,2024-09-15 08:56:16.013991,2024-09-15,,profile_completed,2,0,2.8364938497222223,6.1012878144444445,,,,
U00907,2024-05-30,paid_search,desktop,free_trial,2024-05-30 00:06:00.000000,2024-05-30 05:22:00.298314,,2024-05-30 05:16:00.298314,2024-05-30,,first_feature_used,3,0,0.1,5.1667495316666665,0.1,,,
U00908,2024-03-04,organic,mobile,freemium,2024-03-04 04:29:36.523023,,,,2024-03-04,,email_verified,1,0,4.4934786175,,,,,
U00909,2024-05-15,paid_search,mobile,free_trial,2024-05-15 00:24:19.220720,2024-05-15 07:45:09.379840,,2024-05-15 07:39:09.379840,2024-05-15,,first_feature_used,3,0,0.4053390888888889,7.247266422222222,0.1,,,
U00910,2024-02-03,organic,mobile,free_trial,,,,,2024-02-03,,signup,0,0,,,,,,
U00911,2024-10-08,paid_search,mobile,freemium,2024-10-08 00:06:00.000000,,,,2024-10-08,,email_verified,1,0,0.1,,,,,
U00912,2024-03-07,organic,desktop,free_trial,2024-03-07 00:06:00.000000,2024-03-07 15:23:47.800510,,2024-03-07 15:17:47.800510,2024-03-07,,first_feature_used,3,0,0.1,15.196611252777778,0.1,,,
U00913,2024-05-17,paid_search,mobile,freemium,2024-05-17 00:06:00.000000,,,,2024-05-17,,email_verified,1,0,0.1,,,,,
U00914,2024-12-23,organic,desktop,free_trial,2024-12-23 02:35:16.014233,,,2024-12-23 02:41:16.014233,2024-12-23,,profile_completed,2,0,2.5877817313888887,0.1,,,,
U00915,2024-08-04,organic,desktop,free_trial,2024-08-04 00:06:00.000000,2024-08-05 10:11:05.256610,,2024-08-04 00:12:00.000000,2024-08-04,,first_feature_used,3,0,0.1,0.1,33.98479350277778,,,
U00916,2024-06-16,organic,mobile,free_trial,,,,,2024-06-16,,signup,0,0,,,,,,
U00917,2024-07-17,paid_search,tablet,freemium,2024-07-17 00:06:00.000000,2024-07-17 14:00:40.571066,,2024-07-17 13:54:40.571066,2024-07-17,,first_feature_used,3,0,0.1,13.811269740555554,0.1,,,
U00918,2024-10-13,paid_search,mobile,free_trial,2024-10-13 00:06:00.000000,2024-10-14 14:45:51.932819,,2024-10-13 00:12:00.000000,2024-10-13,,first_feature_used,3,0,0.1,0.1,38.564425783055555,,,
U00919,2024-04-02,organic,desktop,free_trial,2024-04-02 00:06:00.000000,2024-04-03 06:06:15.521947,,2024-04-02 00:12:00.000000,2024-04-02,,first_feature_used,3,0,0.1,0.1,29.904311651944443,,,
U00920,2024-08-20,referral,desktop,free_trial,2024-08-20 01:47:41.453878,2024-08-24 05:08:56.575309,,2024-08-20 01:53:41.453878,2024-08-20,,first_feature_used,3,0,1.7948482994444446,0.1,99.2542003975,,,
U00921,2024-11-14,referral,desktop,free_trial,2024-11-14 02:09:23.486443,2024-11-15 19:02:52.160816,,2024-11-14 03:02:57.177814,2024-11-14,2024-11-20 18:56:44.461585,team_invited,4,0,2.156524011944444,0.8926920475,39.99860638944444,119.89786132472223,,
U00922,2024-07-27,organic,mobile,freemium,,,,,2024-07-27,,signup,0,0,,,,,,
U00923,2024-06-11,paid_search,mobile,freemium,,,,,2024-06-11,,signup,0,0,,,,,,
U00924,2024-02-22,organic,tablet,free_trial,,,,,2024-02-22,,signup,0,0,,,,,,
U00925,2024-03-31,organic,desktop,free_trial,2024-03-31 00:06:00.000000,,,2024-03-31 05:49:06.366195,2024-03-31,,profile_completed,2,0,0.1,5.718435054166666,,,,
U00926,2024-12-11,paid_search,desktop,free_trial,2024-12-11 00:06:00.000000,,,2024-12-11 00:58:42.268251,2024-12-11,,profile_completed,2,0,0.1,0.8784078475,,,,
U00927,2024-07-16,organic,mobile,freemium,,,,,2024-07-16,,signup,0,0,,,,,,
U00928,2024-04-19,referral,desktop,free_trial,2024-04-19 01:21:38.651642,,,,2024-04-19,,email_verified,1,0,1.3607365672222222,,,,,
U00929,2024-06-01,referral,tablet,free_trial,,,,,2024-06-01,,signup,0,0,,,,,,
U00930,2024-07-29,referral,desktop,freemium,2024-07-29 04:17:43.709504,,,,2024-07-29,,email_verified,1,0,4.295474862222222,,,,,
U00931,2024-07-15,paid_search,desktop,freemium,,,,,2024-07-15,,signup,0,0,,,,,,
U00932,2024-09-12,paid_search,desktop,free_trial,2024-09-12 00:06:00.000000,2024-09-12 22:11:41.619379,,2024-09-12 07:08:41.725293,2024-09-12,,first_feature_used,3,0,0.1,7.0449236925,15.049970579444444,,,
U00933,2024-04-03,referral,mobile,free_trial,2024-04-03 00:06:00.000000,,,,2024-04-03,,email_verified,1,0,0.1,,,,,
U00934,2024-08-24,organic,mobile,freemium,,,,,2024-08-24,,signup,0,0,,,,,,
U00935,2024-06-10,organic,mobile,freemium,,,,,2024-06-10,,signup,0,0,,,,,,
U00936,2024-12-09,paid_search,mobile,free_trial,2024-12-09 00:45:01.282183,,,2024-12-09 00:51:01.282183,2024-12-09,,profile_completed,2,0,0.7503561619444444,0.1,,,,
U00937,2024-02-27,organic,desktop,free_trial,2024-02-27 01:45:20.330144,2024-02-28 17:14:33.834506,,2024-02-28 05:51:21.916106,2024-02-27,2024-02-29 22:21:25.192206,team_invited,4,0,1.7556472622222221,28.100440544999998,11.386644,29.114266027777777,,
U00938,2024-02-24,organic,mobile,free_trial,,,,,2024-02-24,,signup,0,0,,,,,,
U00939,2024-06-17,organic,tablet,free_trial,2024-06-17 03:04:33.446365,2024-06-18 11:04:22.591020,,2024-06-18 03:40:10.639973,2024-06-17,,first_feature_used,3,0,3.075957323611111,24.59366489111111,7.403319735277777,,,
U00940,2024-07-04,paid_search,desktop,free_trial,2024-07-04 01:56:49.443186,2024-07-06 00:53:33.555564,,2024-07-04 02:02:49.443186,2024-07-04,,first_feature_used,3,0,1.9470675516666667,0.1,46.84558677166667,,,
U00941,2024-09-09,organic,mobile,freemium,2024-09-09 01:31:26.287300,,,,2024-09-09,,email_verified,1,0,1.5239686944444444,,,,,
U00942,2024-05-27,organic,desktop,free_trial,2024-05-27 01:06:51.416675,,,,2024-05-27,,email_verified,1,0,1.1142824097222221,,,,,
U00943,2024-11-29,organic,desktop,free_trial,,,,,2024-11-29,,signup,0,0,,,,,,
U00944,2024-06-22,organic,desktop,freemium,2024-06-22 00:06:00.000000,2024-06-24 20:54:37.740592,,2024-06-22 00:12:00.000000,2024-06-22,,first_feature_used,3,0,0.1,0.1,68.71048349777777,,,
U00945,2024-02-17,referral,mobile,free_trial,2024-02-17 00:06:00.000000,,,2024-02-17 03:23:13.486283,2024-02-17,,profile_completed,2,0,0.1,3.2870795230555556,,,,
U00946,2024-02-13,organic,desktop,free_trial,2024-02-13 01:36:41.846418,2024-02-16 04:08:28.176696,,2024-02-13 01:42:41.846418,2024-02-13,2024-02-20 08:26:16.435683,team_invited,4,0,1.611624005,0.1,74.42953618833333,100.29673860749999,,
U00947,2024-12-21,paid_search,desktop,freemium,2024-12-21 00:06:00.000000,,,2024-12-21 02:08:39.294527,2024-12-21,,profile_completed,2,0,0.1,2.044248479722222,,,,
U00948,2024-02-18,paid_search,mobile,free_trial,,,,,2024-02-18,,signup,0,0,,,,,,
U00949,2024-12-11,organic,desktop,freemium,,,,,2024-12-11,,signup,0,0,,,,,,
U00950,2024-04-11,referral,mobile,free_trial,2024-04-11 00:06:00.000000,2024-04-14 00:54:11.062091,,2024-04-11 00:12:00.000000,2024-04-11,,first_feature_used,3,0,0.1,0.1,72.70307280305556,,,
U00951,2024-02-04,paid_search,tablet,free_trial,2024-02-04 01:00:14.231978,,,,2024-02-04,,email_verified,1,0,1.003953327222222,,,,,
U00952,2024-04-21,paid_search,desktop,freemium,2024-04-21 00:06:00.000000,2024-04-26 10:25:25.593515,,2024-04-22 00:23:15.387349,2024-04-21,,first_feature_used,3,0,0.1,24.287607596944444,106.03616837944445,,,
U00953,2024-08-12,organic,desktop,free_trial,2024-08-12 01:27:45.055672,2024-08-14 06:57:12.294691,,2024-08-12 09:56:36.309914,2024-08-12,2024-08-21 10:23:36.495866,team_invited,4,0,1.4625154644444445,8.480903956111112,45.00999577138889,171.44005588194446,,
U00954,2024-06-05,organic,tablet,free_trial,2024-06-05 01:42:58.966845,2024-06-06 23:42:45.366258,,2024-06-05 10:37:32.027955,2024-06-05,,first_feature_used,3,0,1.7163796791666666,8.909183641666667,37.0870384175,,,
U00955,2024-10-13,referral,desktop,free_trial,2024-10-13 04:08:10.338666,,,2024-10-13 04:14:10.338666,2024-10-13,,profile_completed,2,0,4.136205185,0.1,,,,
U00956,2024-08-11,paid_search,desktop,freemium,2024-08-11 00:11:41.435375,2024-08-13 19:09:51.352475,,2024-08-11 03:45:32.329226,2024-08-11,,first_feature_used,3,0,0.19484315972222221,3.5641371808333338,63.40528423583333,,,
U00957,2024-05-26,referral,tablet,free_trial,2024-05-26 03:07:46.395087,,,2024-05-26 03:13:46.395087,2024-05-26,,profile_completed,2,0,3.1295541908333337,0.1,,,,
U00958,2024-08-19,referral,mobile,freemium,2024-08-19 00:45:50.057857,2024-08-19 00:57:50.057857,,2024-08-19 00:51:50.057857,2024-08-19,2024-08-22 10:43:43.958176,team_invited,4,0,0.7639049602777778,0.1,0.1,81.76497231083333,,
U00959,2024-12-20,organic,mobile,freemium,2024-12-20 04:11:55.992161,,,,2024-12-20,,email_verified,1,0,4.198886711388889,,,,,
U00960,2024-05-30,paid_search,desktop,free_trial,2024-05-30 00:06:00.000000,2024-05-30 08:23:18.989046,,2024-05-30 08:17:18.989046,2024-05-30,,first_feature_used,3,0,0.1,8.188608068333332,0.1,,,
U00961,2024-02-26,paid_search,tablet,free_trial,2024-02-26 02:59:53.356939,2024-03-01 04:06:22.566717,,2024-02-26 04:20:54.920796,2024-02-26,,first_feature_used,3,0,2.9981547052777775,1.3504344047222223,95.75767942249999,,,
U00962,2024-05-29,paid_search,mobile,free_trial,2024-05-29 00:06:00.000000,,,,2024-05-29,,email_verified,1,0,0.1,,,,,
U00963,2024-11-02,organic,mobile,freemium,,,,,2024-11-02,,signup,0,0,,,,,,
U00964,2024-03-20,organic,mobile,free_trial,,,,,2024-03-20,,signup,0,0,,,,,,
U00965,2024-12-12,paid_search,mobile,freemium,2024-12-12 02:35:09.338400,,,,2024-12-12,,email_verified,1,0,2.5859273333333337,,,,,
U00966,2024-08-02,paid_search,desktop,free_trial,2024-08-02 00:06:00.000000,2024-08-02 09:23:19.774297,,2024-08-02 09:17:19.774297,2024-08-02,,first_feature_used,3,0,0.1,9.188826193611112,0.1,,,
U00967,2024-08-07,paid_search,desktop,free_trial,2024-08-07 01:51:32.372146,2024-08-07 02:03:32.372146,,2024-08-07 01:57:32.372146,2024-08-07,2024-08-12 08:11:41.399061,team_invited,4,0,1.8589922627777777,0.1,0.1,126.13584080972223,,
U00968,2024-04-25,organic,desktop,freemium,,,,,2024-04-25,,signup,0,0,,,,,,
U00969,2024-12-01,organic,desktop,free_trial,2024-12-01 00:06:00.000000,,,,2024-12-01,,email_verified,1,0,0.1,,,,,
U00970,2024-01-14,referral,desktop,free_trial,2024-01-14 02:36:15.524263,,,2024-01-14 21:53:05.163598,2024-01-14,,profile_completed,2,0,2.6043122952777775,19.280455370833334,,,,
U00971,2024-04-19,organic,desktop,freemium,,,,,2024-04-19,,signup,0,0,,,,,,
U00972,2024-06-01,organic,mobile,freemium,,,,,2024-06-01,,signup,0,0,,,,,,
U00973,2024-06-23,paid_search,desktop,free_trial,2024-06-23 00:06:00.000000,2024-06-23 18:38:28.219215,,2024-06-23 05:40:21.921644,2024-06-23,2024-06-23 18:44:28.219215,team_invited,4,0,0.1,5.5727560122222215,12.968415991944445,0.1,,
U00974,2024-06-22,organic,desktop,free_trial,2024-06-22 02:08:23.260558,2024-06-24 14:58:15.584229,,2024-06-22 07:42:30.453035,2024-06-22,,first_feature_used,3,0,2.1397945994444445,5.568664576944444,55.26253644277777,,,
U00975,2024-02-23,paid_search,desktop,free_trial,2024-02-23 01:55:11.956316,2024-02-26 23:14:10.780543,,2024-02-23 02:01:11.956316,2024-02-23,2024-02-29 17:29:54.196146,team_invited,4,0,1.9199878655555556,0.1,93.21634006305555,66.26205988972222,,
U00976,2024-03-23,organic,desktop,freemium,,,,,2024-03-23,,signup,0,0,,,,,,
U00977,2024-02-04,referral,mobile,free_trial,2024-02-04 01:02:52.602835,,,,2024-02-04,,email_verified,1,0,1.0479452319444444,,,,,
U00978,2024-07-27,referral,desktop,freemium,2024-07-27 04:18:39.757505,2024-07-30 13:11:37.839945,,2024-07-27 04:24:39.757505,2024-07-27,,first_feature_used,3,0,4.311043751388889,0.1,80.78280067777779,,,
U00979,2024-05-08,referral,desktop,freemium,2024-05-08 00:49:03.596321,,,2024-05-08 08:24:31.567266,2024-05-08,,profile_completed,2,0,0.8176656447222223,7.591103040277778,,,,
U00980,2024-07-25,paid_search,mobile,freemium,2024-07-25 00:43:52.198507,,,,2024-07-25,,email_verified,1,0,0.7311662519444445,,,,,
U00981,2024-08-03,organic,desktop,free_trial,2024-08-03 00:59:57.270156,,,,2024-08-03,,email_verified,1,0,0.9992417100000001,,,,,
U00982,2024-09-13,paid_search,desktop,free_trial,2024-09-13 00:06:00.000000,2024-09-14 19:17:14.157066,,2024-09-13 08:25:48.178908,2024-09-13,2024-09-14 19:23:14.157066,team_invited,4,0,0.1,8.330049696666666,34.857216154999996,0.1,,
U00983,2024-07-18,referral,mobile,free_trial,2024-07-18 00:06:00.000000,2024-07-18 05:40:31.609109,,2024-07-18 05:34:31.609109,2024-07-18,,first_feature_used,3,0,0.1,5.475446974722223,0.1,,,
U00984,2024-08-24,paid_search,desktop,free_trial,,,,,2024-08-24,,signup,0,0,,,,,,
U00985,2024-08-02,paid_search,mobile,free_trial,2024-08-02 00:06:00.000000,2024-08-03 09:39:52.750085,,2024-08-02 12:59:00.115649,2024-08-02,,first_feature_used,3,0,0.1,12.883365458055556,20.68128734333333,,,
U00986,2024-08-26,paid_search,mobile,freemium,2024-08-26 00:06:00.000000,,,,2024-08-26,,email_verified,1,0,0.1,,,,,
U00987,2024-08-13,paid_search,tablet,free_trial,2024-08-13 00:06:00.000000,2024-08-13 19:46:47.001739,,2024-08-13 07:58:30.977113,2024-08-13,,first_feature_used,3,0,0.1,7.875271420277778,11.804451284999999,,,
U00988,2024-04-25,paid_search,desktop,free_trial,2024-04-25 00:06:00.000000,2024-04-29 13:06:48.448204,,2024-04-25 00:12:00.000000,2024-04-25,,first_feature_used,3,0,0.1,0.1,108.91345783444444,,,
U00989,2024-03-30,organic,mobile,free_trial,,,,,2024-03-30,,signup,0,0,,,,,,
U00990,2024-10-14,paid_search,mobile,freemium,2024-10-14 03:51:53.421183,2024-10-16 11:09:00.764752,,2024-10-14 12:26:07.626184,2024-10-14,2024-10-24 16:06:19.388168,team_invited,4,0,3.8648392175,8.570612500277777,46.714760713333334,196.9551731711111,,
U00991,2024-05-05,paid_search,desktop,free_trial,2024-05-05 00:06:00.000000,,,2024-05-05 13:51:02.601990,2024-05-05,,profile_completed,2,0,0.1,13.750722775000002,,,,
U00992,2024-07-19,organic,tablet,freemium,,,,,2024-07-19,,signup,0,0,,,,,,
U00993,2024-03-12,referral,desktop,freemium,2024-03-12 00:06:00.000000,2024-03-13 02:49:02.952210,,2024-03-12 00:12:00.000000,2024-03-12,,first_feature_used,3,0,0.1,0.1,26.617486725,,,
U00994,2024-06-06,paid_search,mobile,free_trial,,,,,2024-06-06,,signup,0,0,,,,,,
U00995,2024-07-12,organic,mobile,freemium,2024-07-12 00:21:39.923600,,,,2024-07-12,,email_verified,1,0,0.36108988888888893,,,,,
U00996,2024-08-16,referral,desktop,free_trial,2024-08-16 00:06:00.000000,2024-08-16 17:02:59.590496,2024-08-26 00:24:15.121033,2024-08-16 00:12:00.000000,2024-08-16,2024-08-17 11:35:08.996976,paid_conversion,5,1,0.1,0.1,16.84988624888889,18.535946244444446,204.81836779361112,240.40420028694442
U00997,2024-07-11,paid_search,desktop,free_trial,2024-07-11 01:55:12.959362,2024-07-12 20:33:25.408074,,2024-07-11 02:01:12.959362,2024-07-11,,first_feature_used,3,0,1.9202664894444443,0.1,42.536791308888894,,,
U00998,2024-05-11,paid_search,tablet,free_trial,2024-05-11 00:06:00.000000,,,,2024-05-11,,email_verified,1,0,0.1,,,,,
U00999,2024-12-17,organic,desktop,free_trial,2024-12-17 03:15:40.424288,,,2024-12-17 16:36:39.318312,2024-12-17,,profile_completed,2,0,3.261228968888889,13.349692784444445,,,,
U01000,2024-07-06,referral,desktop,freemium,2024-07-06 01:05:45.904918,2024-07-08 01:25:47.019642,,2024-07-06 15:19:09.447652,2024-07-06,,first_feature_used,3,0,1.0960846994444444,14.223206315,34.11043666388889,,,
U01001,2024-10-22,organic,desktop,freemium,,,,,2024-10-22,,signup,0,0,,,,,,
U01002,2024-09-25,paid_search,mobile,free_trial,2024-09-25 00:46:48.302551,,,2024-09-25 07:11:59.384291,2024-09-25,,profile_completed,2,0,0.7800840419444445,6.419744927777778,,,,
U01003,2024-07-22,organic,desktop,freemium,2024-07-22 00:06:00.000000,,,,2024-07-22,,email_verified,1,0,0.1,,,,,
U01004,2024-11-19,paid_search,desktop,free_trial,2024-11-19 01:03:17.868620,,,2024-11-19 01:09:17.868620,2024-11-19,,profile_completed,2,0,1.0549635055555555,0.1,,,,
U01005,2024-02-16,paid_search,mobile,free_trial,,,,,2024-02-16,,signup,0,0,,,,,,
U01006,2024-12-02,paid_search,desktop,freemium,2024-12-02 03:18:37.960110,,,,2024-12-02,,email_verified,1,0,3.310544475,,,,,
U01007,2024-11-06,paid_search,desktop,free_trial,2024-11-06 00:06:00.000000,,,2024-11-06 00:12:00.000000,2024-11-06,,profile_completed,2,0,0.1,0.1,,,,
U01008,2024-07-02,referral,desktop,freemium,2024-07-02 02:42:25.284915,,,2024-07-02 09:51:23.272064,2024-07-02,,profile_completed,2,0,2.7070235875,7.149440874722222,,,,
U01009,2024-09-24,paid_search,tablet,free_trial,2024-09-24 00:42:20.698753,2024-09-26 14:10:20.549744,,2024-09-25 07:22:21.390006,2024-09-24,2024-09-28 23:04:39.800621,team_invited,4,0,0.7057496536111112,30.666858681388888,30.79976659388889,56.90534746583334,,
U01010,2024-07-08,organic,mobile,freemium,2024-07-08 02:56:08.530398,,,2024-07-08 14:19:43.618943,2024-07-08,,profile_completed,2,0,2.9357028883333336,11.393080151388888,,,,
U01011,2024-04-08,referral,desktop,free_trial,2024-04-08 02:09:33.415780,2024-04-12 16:11:59.749270,2024-04-25 21:32:56.909689,2024-04-08 02:15:33.415780,2024-04-08,2024-04-20 21:29:28.698022,paid_conversion,5,1,2.1592821611111113,0.1,109.94064819166667,197.29137465333332,120.05783657416667,429.5491415802778
U01012,2024-10-18,paid_search,desktop,free_trial,2024-10-18 00:06:00.000000,2024-10-18 00:18:00.000000,2024-10-28 09:50:16.849673,2024-10-18 00:12:00.000000,2024-10-18,2024-10-20 17:11:20.702491,paid_conversion,5,1,0.1,0.1,0.1,64.88908402527778,184.64892977277776,249.83801379805556
U01013,2024-03-30,referral,desktop,freemium,2024-03-30 00:06:00.000000,,,2024-03-30 09:42:59.408685,2024-03-30,,profile_completed,2,0,0.1,9.616502412500001,,,,
U01014,2024-04-24,referral,tablet,free_trial,2024-04-24 02:47:06.736908,2024-04-26 13:11:43.684180,,2024-04-24 05:19:34.727782,2024-04-24,2024-04-27 08:50:38.754471,team_invited,4,0,2.785204696666667,2.5411085761111107,55.869154555,19.648630636388887,,
U01015,2024-07-08,referral,desktop,free_trial,2024-07-08 01:02:30.079826,2024-07-08 13:12:30.244505,2024-07-15 03:59:07.850521,2024-07-08 13:06:30.244505,2024-07-08,2024-07-15 03:53:07.850521,paid_conversion,5,1,1.0416888405555556,12.066712410833334,0.1,158.67711278222222,0.1,171.9855140336111
U01016,2024-11-01,paid_search,desktop,freemium,2024-11-01 00:06:00.000000,2024-11-01 00:18:00.000000,,2024-11-01 00:12:00.000000,2024-11-01,,first_feature_used,3,0,0.1,0.1,0.1,,,
U01017,2024-05-20,paid_search,tablet,free_trial,2024-05-20 00:06:00.000000,2024-05-27 01:37:12.990176,,2024-05-20 00:12:00.000000,2024-05-20,,first_feature_used,3,0,0.1,0.1,169.4202750488889,,,
U01018,2024-06-29,organic,desktop,free_trial,2024-06-29 00:06:00.000000,2024-06-29 00:18:00.000000,2024-07-01 20:41:31.271231,2024-06-29 00:12:00.000000,2024-06-29,2024-06-29 06:29:44.339057,paid_conversion,5,1,0.1,0.1,0.1,6.195649738055556,62.19637004833333,68.69201978638888
U01019,2024-01-16,paid_search,desktop,free_trial,2024-01-16 01:57:42.583649,2024-01-19 23:44:01.936703,,2024-01-16 02:03:42.583649,2024-01-16,2024-01-24 19:16:40.099425,team_invited,4,0,1.961828791388889,0.1,93.672042515,115.54393408944443,,
U01020,2024-02-12,paid_search,desktop,freemium,,,,,2024-02-12,,signup,0,0,,,,,,
U01021,2024-01-21,paid_search,mobile,freemium,,,,,2024-01-21,,signup,0,0,,,,,,
U01022,2024-01-27,referral,desktop,freemium,2024-01-27 00:33:40.243571,,,2024-01-27 00:39:40.243571,2024-01-27,,profile_completed,2,0,0.5611787697222222,0.1,,,,
U01023,2024-11-13,organic,tablet,free_trial,,,,,2024-11-13,,signup,0,0,,,,,,
U01024,2024-11-03,organic,desktop,free_trial,2024-11-03 00:06:00.000000,2024-11-05 08:45:08.254617,,2024-11-03 00:13:47.327026,2024-11-03,,first_feature_used,3,0,0.1,0.12981306277777777,56.52247988638889,,,
U01025,2024-10-26,paid_search,desktop,free_trial,2024-10-26 00:59:50.928082,,,2024-10-26 08:00:24.698284,2024-10-26,,profile_completed,2,0,0.9974800227777777,7.009380611666667,,,,
U01026,2024-01-21,organic,mobile,free_trial,,,,,2024-01-21,,signup,0,0,,,,,,
U01027,2024-01-29,organic,mobile,freemium,,,,,2024-01-29,,signup,0,0,,,,,,
U01028,2024-04-12,organic,mobile,free_trial,2024-04-12 02:28:31.208278,,,2024-04-12 02:34:31.208278,2024-04-12,,profile_completed,2,0,2.475335632777778,0.1,,,,
U01029,2024-07-25,referral,mobile,freemium,,,,,2024-07-25,,signup,0,0,,,,,,
U01030,2024-05-01,paid_search,desktop,freemium,2024-05-01 00:33:36.848647,,,,2024-05-01,,email_verified,1,0,0.5602357352777778,,,,,
U01031,2024-06-26,organic,mobile,freemium,,,,,2024-06-26,,signup,0,0,,,,,,
U01032,2024-03-04,organic,desktop,free_trial,2024-03-04 02:55:15.200586,2024-03-06 21:17:10.362014,,2024-03-04 04:10:23.123846,2024-03-04,,first_feature_used,3,0,2.920889051666667,1.2522009055555554,65.11312171333334,,,
U01033,2024-09-23,paid_search,desktop,free_trial,2024-09-23 02:51:02.479625,,,,2024-09-23,,email_verified,1,0,2.850688784722222,,,,,
U01034,2024-04-24,organic,tablet,freemium,2024-04-24 01:13:31.061560,,,2024-04-24 14:48:42.896004,2024-04-24,,profile_completed,2,0,1.225294877777778,13.586620678888888,,,,
U01035,2024-01-25,paid_search,mobile,freemium,,,,,2024-01-25,,signup,0,0,,,,,,
U01036,2024-09-28,paid_search,desktop,free_trial,2024-09-28 00:17:48.643802,2024-09-28 00:29:48.643802,,2024-09-28 00:23:48.643802,2024-09-28,2024-10-10 19:07:32.093132,team_invited,4,0,0.2968455005555556,0.1,0.1,306.628735925,,
U01037,2024-11-25,organic,desktop,freemium,,,,,2024-11-25,,signup,0,0,,,,,,
U01038,2024-01-06,paid_search,tablet,freemium,2024-01-06 02:16:33.129596,,,,2024-01-06,,email_verified,1,0,2.2758693322222223,,,,,
U01039,2024-06-08,organic,desktop,free_trial,2024-06-08 00:06:00.000000,2024-06-08 18:42:37.365746,,2024-06-08 13:53:38.855321,2024-06-08,,first_feature_used,3,0,0.1,13.794126478055556,4.816252895833333,,,
U01040,2024-10-28,organic,desktop,freemium,,,,,2024-10-28,,signup,0,0,,,,,,
U01041,2024-09-14,referral,desktop,free_trial,2024-09-14 00:42:00.220215,2024-09-14 09:25:52.239777,2024-09-28 03:04:46.122291,2024-09-14 09:19:52.239777,2024-09-14,2024-09-19 04:58:00.372566,paid_conversion,5,1,0.7000611708333333,8.631116545000001,0.1,115.53559244138889,214.11270825694444,339.0794784141667
U01042,2024-11-08,paid_search,desktop,freemium,,,,,2024-11-08,,signup,0,0,,,,,,
U01043,2024-05-31,referral,desktop,free_trial,2024-05-31 01:20:41.161146,2024-05-31 01:59:16.757450,,2024-05-31 01:53:16.757450,2024-05-31,,first_feature_used,3,0,1.3447669850000001,0.5432211955555555,0.1,,,
U01044,2024-05-15,organic,tablet,free_trial,2024-05-15 00:06:00.000000,,,,2024-05-15,,email_verified,1,0,0.1,,,,,
U01045,2024-09-15,organic,desktop,free_trial,2024-09-15 00:06:00.000000,,,2024-09-15 03:44:10.360064,2024-09-15,,profile_completed,2,0,0.1,3.636211128888889,,,,
U01046,2024-02-26,paid_search,desktop,freemium,2024-02-26 01:47:46.037816,,,,2024-02-26,,email_verified,1,0,1.7961216155555555,,,,,
U01047,2024-03-28,paid_search,mobile,freemium,2024-03-28 00:06:00.000000,,,,2024-03-28,,email_verified,1,0,0.1,,,,,
U01048,2024-08-07,referral,desktop,free_trial,2024-08-07 01:40:06.024245,2024-08-10 01:38:04.400532,,2024-08-07 06:19:21.978557,2024-08-07,,first_feature_used,3,0,1.6683400680555553,4.654431753333334,67.31178388194445,,,
U01049,2024-08-31,organic,mobile,free_trial,2024-08-31 01:12:15.338272,2024-09-03 06:37:14.603059,,2024-08-31 01:18:15.338272,2024-08-31,,first_feature_used,3,0,1.204260631111111,0.1,77.31646244083333,,,
U01050,2024-02-13,referral,mobile,free_trial,2024-02-13 00:06:00.000000,,,,2024-02-13,,email_verified,1,0,0.1,,,,,
U01051,2024-07-04,referral,mobile,free_trial,2024-07-04 00:06:00.000000,2024-07-06 19:52:13.057602,,2024-07-04 08:13:53.310902,2024-07-04,,first_feature_used,3,0,0.1,8.131475250555555,59.63881852777777,,,
U01052,2024-05-13,paid_search,mobile,freemium,,,,,2024-05-13,,signup,0,0,,,,,,
U01053,2024-07-02,organic,mobile,free_trial,2024-07-02 02:09:50.540713,,,2024-07-02 13:29:01.636013,2024-07-02,,profile_completed,2,0,2.1640390869444444,11.319748694444444,,,,
U01054,2024-12-15,paid_search,mobile,freemium,2024-12-15 00:06:00.000000,,,,2024-12-15,,email_verified,1,0,0.1,,,,,
U01055,2024-01-28,organic,mobile,freemium,,,,,2024-01-28,,signup,0,0,,,,,,
U01056,2024-12-29,paid_search,desktop,free_trial,2024-12-29 00:06:00.000000,,,2024-12-29 00:12:00.000000,2024-12-29,,profile_completed,2,0,0.1,0.1,,,,
U01057,2024-06-13,paid_search,mobile,free_trial,2024-06-13 01:54:58.892689,,,2024-06-13 02:00:58.892689,2024-06-13,,profile_completed,2,0,1.916359080277778,0.1,,,,
U01058,2024-10-08,referral,mobile,freemium,,,,,2024-10-08,,signup,0,0,,,,,,
U01059,2024-06-03,paid_search,desktop,freemium,2024-06-03 01:14:38.843215,2024-06-03 01:26:38.843215,,2024-06-03 01:20:38.843215,2024-06-03,,first_feature_used,3,0,1.2441231152777776,0.1,0.1,,,
U01060,2024-04-23,paid_search,mobile,freemium,,,,,2024-04-23,,signup,0,0,,,,,,
U01061,2024-10-08,paid_search,desktop,free_trial,2024-10-08 02:03:04.560004,,,2024-10-08 02:39:31.637228,2024-10-08,,profile_completed,2,0,2.0512666677777776,0.6075214511111111,,,,
U01062,2024-09-07,paid_search,desktop,free_trial,2024-09-07 00:06:00.000000,,,2024-09-07 00:12:00.000000,2024-09-07,,profile_completed,2,0,0.1,0.1,,,,
U01063,2024-02-22,referral,mobile,freemium,2024-02-22 01:12:00.526464,2024-02-22 01:24:00.526464,,2024-02-22 01:18:00.526464,2024-02-22,,first_feature_used,3,0,1.2001462399999998,0.1,0.1,,,
U01064,2024-09-14,organic,desktop,free_trial,2024-09-14 00:06:00.000000,2024-09-14 06:47:57.293481,2024-09-22 05:09:29.406752,2024-09-14 00:12:00.000000,2024-09-14,2024-09-19 13:48:58.147892,paid_conversion,5,1,0.1,0.1,6.599248189166667,127.01690400305554,63.34201635,197.15816854222223
U01065,2024-10-01,referral,desktop,freemium,2024-10-01 00:06:00.000000,,,2024-10-01 05:54:48.343901,2024-10-01,,profile_completed,2,0,0.1,5.813428861388889,,,,
U01066,2024-05-21,referral,desktop,freemium,2024-05-21 00:06:00.000000,,,,2024-05-21,,email_verified,1,0,0.1,,,,,
U01067,2024-12-03,referral,mobile,free_trial,2024-12-03 01:51:35.331339,2024-12-03 02:03:35.331339,,2024-12-03 01:57:35.331339,2024-12-03,,first_feature_used,3,0,1.8598142608333335,0.1,0.1,,,
U01068,2024-08-21,paid_search,desktop,free_trial,2024-08-21 00:40:49.567429,2024-08-21 17:13:17.533090,,2024-08-21 17:07:17.533090,2024-08-21,,first_feature_used,3,0,0.6804353969444445,16.4411015725,0.1,,,
U01069,2024-05-01,referral,mobile,free_trial,,,,,2024-05-01,,signup,0,0,,,,,,
U01070,2024-01-04,organic,mobile,freemium,2024-01-04 00:06:00.000000,,,,2024-01-04,,email_verified,1,0,0.1,,,,,
U01071,2024-09-03,paid_search,mobile,free_trial,2024-09-03 00:28:46.729284,,,,2024-09-03,,email_verified,1,0,0.4796470233333333,,,,,
U01072,2024-03-17,organic,tablet,free_trial,2024-03-17 00:06:00.000000,,,2024-03-17 00:12:00.000000,2024-03-17,,profile_completed,2,0,0.1,0.1,,,,
U01073,2024-10-03,organic,mobile,freemium,2024-10-03 00:06:00.000000,,,2024-10-03 00:12:00.000000,2024-10-03,,profile_completed,2,0,0.1,0.1,,,,
U01074,2024-07-10,organic,desktop,freemium,2024-07-10 00:06:00.000000,2024-07-10 00:18:00.000000,,2024-07-10 00:12:00.000000,2024-07-10,,first_feature_used,3,0,0.1,0.1,0.1,,,
U01075,2024-06-19,organic,tablet,free_trial,2024-06-19 00:06:00.000000,,,2024-06-19 00:12:00.000000,2024-06-19,,profile_completed,2,0,0.1,0.1,,,,
U01076,2024-02-29,organic,desktop,freemium,,,,,2024-02-29,,signup,0,0,,,,,,
U01077,2024-09-16,referral,desktop,free_trial,2024-09-16 02:01:45.922165,2024-09-18 09:28:24.474804,2024-09-28 10:31:39.747089,2024-09-16 17:58:14.218485,2024-09-16,2024-09-21 23:08:17.737423,paid_conversion,5,1,2.029422823611111,15.941193422222222,39.5028489775,85.66479517194443,155.38944712944445,298.5277075247222
U01078,2024-03-01,organic,desktop,freemium,2024-03-01 00:46:33.206039,,,,2024-03-01,,email_verified,1,0,0.775890566388889,,,,,
U01079,2024-06-01,paid_search,mobile,freemium,2024-06-01 00:06:00.000000,,,,2024-06-01,,email_verified,1,0,0.1,,,,,
U01080,2024-11-01,organic,desktop,free_trial,2024-11-01 02:30:10.074378,,,2024-11-01 05:51:34.127199,2024-11-01,,profile_completed,2,0,2.502798438333333,3.3566813391666663,,,,
U01081,2024-12-01,paid_search,desktop,free_trial,2024-12-01 02:15:05.723292,2024-12-04 01:53:28.809917,2024-12-16 08:17:34.372896,2024-12-01 02:21:05.723292,2024-12-01,2024-12-10 19:54:31.680323,paid_conversion,5,1,2.2515898033333333,0.1,71.53974628472223,162.01746400166664,132.38408127027776,368.29288136
U01082,2024-12-27,paid_search,desktop,free_trial,2024-12-27 00:06:00.000000,,,,2024-12-27,,email_verified,1,0,0.1,,,,,
U01083,2024-12-15,organic,desktop,freemium,2024-12-15 00:06:00.000000,,,2024-12-15 10:08:09.459125,2024-12-15,,profile_completed,2,0,0.1,10.035960868055556,,,,
U01084,2024-07-21,paid_search,desktop,freemium,2024-07-21 02:17:53.342561,,,,2024-07-21,,email_verified,1,0,2.298150711388889,,,,,
U01085,2024-03-14,referral,mobile,free_trial,2024-03-14 01:46:54.291066,2024-03-15 21:52:33.862035,,2024-03-14 01:52:54.291066,2024-03-14,,first_feature_used,3,0,1.7817475183333333,0.1,43.994325269166666,,,
U01086,2024-11-02,referral,desktop,freemium,2024-11-02 00:44:02.335018,,,2024-11-02 08:05:09.656466,2024-11-02,,profile_completed,2,0,0.7339819494444445,7.352033735555556,,,,
U01087,2024-10-19,organic,desktop,free_trial,2024-10-19 00:06:00.000000,2024-10-22 21:05:58.554679,,2024-10-19 19:45:25.180192,2024-10-19,2024-10-24 09:11:09.609399,team_invited,4,0,0.1,19.656994497777777,73.34260402416666,36.08640408888889,,
U01088,2024-12-27,paid_search,desktop,freemium,2024-12-27 00:06:00.000000,,,,2024-12-27,,email_verified,1,0,0.1,,,,,
U01089,2024-08-25,paid_search,desktop,freemium,2024-08-25 04:34:31.954156,2024-08-28 03:45:16.796279,,2024-08-25 13:01:45.419547,2024-08-25,,first_feature_used,3,0,4.575542821111111,8.453740386388889,62.72538242555556,,,
U01090,2024-02-21,organic,mobile,free_trial,2024-02-21 00:06:00.000000,,,,2024-02-21,,email_verified,1,0,0.1,,,,,
U01091,2024-07-02,referral,desktop,free_trial,2024-07-02 04:17:23.795914,2024-07-02 23:20:29.930323,,2024-07-02 23:14:29.930323,2024-07-02,2024-07-04 19:14:17.686531,team_invited,4,0,4.289943309444444,18.9517040025,0.1,43.89659894666667,,
U01092,2024-06-12,organic,desktop,freemium,2024-06-12 00:06:00.000000,2024-06-12 16:06:43.119105,2024-06-19 20:16:54.111680,2024-06-12 16:00:43.119105,2024-06-12,2024-06-15 06:29:19.108330,paid_conversion,5,1,0.1,15.911977529166666,0.1,62.37666367361111,109.79305648611111,188.28169768888887
U01093,2024-11-03,referral,mobile,freemium,2024-11-03 02:53:17.682217,,,2024-11-03 19:12:59.935737,2024-11-03,,profile_completed,2,0,2.888245060277778,16.328403755555556,,,,
U01094,2024-05-23,organic,desktop,free_trial,2024-05-23 01:18:50.375049,,,,2024-05-23,,email_verified,1,0,1.3139930691666668,,,,,
U01095,2024-04-29,organic,desktop,freemium,2024-04-29 02:51:54.628841,,,,2024-04-29,,email_verified,1,0,2.8651746780555554,,,,,
U01096,2024-01-30,referral,mobile,free_trial,2024-01-30 00:06:00.000000,,,2024-01-30 00:12:00.000000,2024-01-30,,profile_completed,2,0,0.1,0.1,,,,
U01097,2024-10-31,referral,mobile,free_trial,2024-10-31 01:40:52.086063,2024-10-31 14:14:34.786870,,2024-10-31 14:08:34.786870,2024-10-31,,first_feature_used,3,0,1.6811350175,12.461861335277778,0.1,,,
U01098,2024-10-02,referral,mobile,freemium,,,,,2024-10-02,,signup,0,0,,,,,,
U01099,2024-01-16,referral,desktop,free_trial,2024-01-16 00:45:28.733913,2024-01-16 17:09:28.200744,,2024-01-16 00:51:28.733913,2024-01-16,2024-01-16 17:15:28.200744,team_invited,4,0,0.7579816425,0.1,16.299851897499998,0.1,,
U01100,2024-06-07,organic,desktop,freemium,2024-06-07 00:06:00.000000,2024-06-07 13:34:04.059149,,2024-06-07 00:12:00.000000,2024-06-07,,first_feature_used,3,0,0.1,0.1,13.367794208055555,,,
U01101,2024-06-24,organic,desktop,freemium,,,,,2024-06-24,,signup,0,0,,,,,,
U01102,2024-06-20,organic,desktop,free_trial,,,,,2024-06-20,,signup,0,0,,,,,,
U01103,2024-12-01,paid_search,desktop,free_trial,2024-12-01 00:35:52.125735,,,,2024-12-01,,email_verified,1,0,0.5978127041666667,,,,,
U01104,2024-02-24,organic,tablet,free_trial,2024-02-24 00:06:00.000000,,,2024-02-24 09:55:18.343001,2024-02-24,,profile_completed,2,0,0.1,9.821761944722223,,,,
U01105,2024-04-21,referral,mobile,free_trial,2024-04-21 00:06:00.000000,,,,2024-04-21,,email_verified,1,0,0.1,,,,,
U01106,2024-03-07,organic,desktop,freemium,2024-03-07 02:47:45.954741,,,2024-03-07 02:53:45.954741,2024-03-07,,profile_completed,2,0,2.7960985391666666,0.1,,,,
U01107,2024-03-30,organic,desktop,free_trial,2024-03-30 00:06:00.000000,,,,2024-03-30,,email_verified,1,0,0.1,,,,,
U01108,2024-11-27,organic,mobile,freemium,,,,,2024-11-27,,signup,0,0,,,,,,
U01109,2024-12-09,organic,desktop,free_trial,,,,,2024-12-09,,signup,0,0,,,,,,
U01110,2024-01-17,organic,desktop,free_trial,,,,,2024-01-17,,signup,0,0,,,,,,
U01111,2024-08-18,paid_search,desktop,freemium,2024-08-18 01:32:57.732835,2024-08-18 18:14:34.406632,,2024-08-18 04:31:42.733356,2024-08-18,2024-08-20 12:32:48.882284,team_invited,4,0,1.5493702319444445,2.9791668113888887,13.714353687777779,42.304021014444444,,
U01112,2024-03-25,organic,mobile,free_trial,,,,,2024-03-25,,signup,0,0,,,,,,
U01113,2024-03-11,paid_search,mobile,freemium,,,,,2024-03-11,,signup,0,0,,,,,,
U01114,2024-04-16,referral,desktop,freemium,2024-04-16 00:06:00.000000,2024-04-16 07:58:28.687167,,2024-04-16 07:52:28.687167,2024-04-16,,first_feature_used,3,0,0.1,7.774635324166667,0.1,,,
U01115,2024-03-11,paid_search,desktop,freemium,2024-03-11 01:54:07.601482,,,,2024-03-11,,email_verified,1,0,1.9021115227777778,,,,,
U01116,2024-06-27,paid_search,mobile,free_trial,2024-06-27 01:41:48.831424,,,2024-06-27 20:11:32.567508,2024-06-27,,profile_completed,2,0,1.6968976177777777,18.495482245555557,,,,
U01117,2024-12-29,organic,desktop,free_trial,2024-12-29 01:07:31.449707,2024-12-29 01:19:31.449707,,2024-12-29 01:13:31.449707,2024-12-29,,first_feature_used,3,0,1.125402696388889,0.1,0.1,,,
U01118,2024-08-02,organic,mobile,freemium,,,,,2024-08-02,,signup,0,0,,,,,,
U01119,2024-09-20,organic,desktop,free_trial,2024-09-20 00:15:55.839959,,,,2024-09-20,,email_verified,1,0,0.26551109972222225,,,,,
U01120,2024-06-29,referral,mobile,freemium,2024-06-29 00:52:50.663439,2024-06-30 14:51:14.191048,,2024-06-29 11:37:52.424983,2024-06-29,,first_feature_used,3,0,0.8807398441666666,10.750489317777777,27.222712795833335,,,
U01121,2024-01-06,paid_search,tablet,freemium,2024-01-06 00:06:00.000000,,,2024-01-06 12:20:05.430382,2024-01-06,,profile_completed,2,0,0.1,12.234841772777777,,,,
U01122,2024-01-31,organic,mobile,freemium,2024-01-31 00:56:38.575385,,,,2024-01-31,,email_verified,1,0,0.9440487180555556,,,,,
U01123,2024-04-08,paid_search,desktop,freemium,2024-04-08 00:06:00.000000,,,2024-04-08 00:12:00.000000,2024-04-08,,profile_completed,2,0,0.1,0.1,,,,
U01124,2024-03-29,referral,mobile,freemium,2024-03-29 01:18:27.429686,,,,2024-03-29,,email_verified,1,0,1.3076193572222223,,,,,
U01125,2024-11-02,paid_search,desktop,free_trial,2024-11-02 00:06:00.000000,,,2024-11-02 04:02:25.152842,2024-11-02,,profile_completed,2,0,0.1,3.940320233888889,,,,
U01126,2024-11-03,paid_search,desktop,freemium,,,,,2024-11-03,,signup,0,0,,,,,,
U01127,2024-11-07,referral,desktop,freemium,2024-11-07 00:43:05.846839,,,,2024-11-07,,email_verified,1,0,0.7182907886111111,,,,,
U01128,2024-08-20,paid_search,tablet,free_trial,2024-08-20 00:06:00.000000,,,,2024-08-20,,email_verified,1,0,0.1,,,,,
U01129,2024-07-22,paid_search,desktop,freemium,2024-07-22 00:06:00.000000,2024-07-26 08:51:29.947942,,2024-07-22 09:20:17.955198,2024-07-22,,first_feature_used,3,0,0.1,9.238320888333334,95.51999798444444,,,
U01130,2024-08-24,organic,mobile,free_trial,,,,,2024-08-24,,signup,0,0,,,,,,
U01131,2024-05-28,organic,desktop,free_trial,2024-05-28 01:31:48.235619,,,2024-05-28 14:20:45.314563,2024-05-28,,profile_completed,2,0,1.5300654497222221,12.815855262222222,,,,
U01132,2024-09-01,referral,desktop,freemium,2024-09-01 03:46:03.983472,,,,2024-09-01,,email_verified,1,0,3.7677731866666666,,,,,
U01133,2024-10-16,paid_search,desktop,freemium,,,,,2024-10-16,,signup,0,0,,,,,,
U01134,2024-10-05,organic,mobile,free_trial,,,,,2024-10-05,,signup,0,0,,,,,,
U01135,2024-08-12,paid_search,desktop,freemium,2024-08-12 01:46:25.055890,,,2024-08-12 20:27:16.921714,2024-08-12,,profile_completed,2,0,1.773626636111111,18.68107384,,,,
U01136,2024-01-22,organic,desktop,free_trial,2024-01-22 01:04:50.242933,2024-01-25 02:49:54.322470,,2024-01-22 15:21:05.798079,2024-01-22,2024-02-01 22:47:58.394522,team_invited,4,0,1.0806230369444445,14.270987540555556,59.48014566416667,187.96779779222223,,
U01137,2024-09-21,referral,desktop,free_trial,2024-09-21 04:17:39.772669,2024-09-22 02:19:33.758946,,2024-09-22 02:13:33.758946,2024-09-21,,first_feature_used,3,0,4.294381296944445,21.931662854722223,0.1,,,
U01138,2024-05-13,organic,desktop,free_trial,2024-05-13 05:12:25.782765,,,,2024-05-13,,email_verified,1,0,5.207161879166667,,,,,
U01139,2024-09-28,referral,desktop,freemium,2024-09-28 02:59:09.915384,,,2024-09-28 03:05:09.915384,2024-09-28,,profile_completed,2,0,2.9860876066666666,0.1,,,,
U01140,2024-07-15,paid_search,desktop,free_trial,2024-07-15 00:06:00.000000,2024-07-15 00:18:00.000000,,2024-07-15 00:12:00.000000,2024-07-15,2024-07-20 21:20:26.367288,team_invited,4,0,0.1,0.1,0.1,141.04065758000002,,
U01141,2024-11-17,organic,desktop,free_trial,2024-11-17 05:10:50.730093,,,,2024-11-17,,email_verified,1,0,5.180758359166666,,,,,
U01142,2024-05-03,organic,tablet,freemium,2024-05-03 02:05:23.979002,,,,2024-05-03,,email_verified,1,0,2.089994167222222,,,,,
U01143,2024-12-05,referral,desktop,free_trial,2024-12-05 00:06:00.000000,2024-12-09 10:25:21.963054,,2024-12-05 07:23:59.809458,2024-12-05,,first_feature_used,3,0,0.1,7.299947071666667,99.02282044333333,,,
U01144,2024-11-04,organic,desktop,free_trial,2024-11-04 00:30:24.193279,2024-11-05 21:46:27.818926,,2024-11-05 08:16:50.411239,2024-11-04,,first_feature_used,3,0,0.5067203552777778,31.773949433333332,13.4937243575,,,
U01145,2024-04-30,organic,desktop,free_trial,2024-04-30 00:23:02.621261,,,,2024-04-30,,email_verified,1,0,0.3840614613888889,,,,,
U01146,2024-06-25,paid_search,desktop,freemium,2024-06-25 00:06:00.000000,2024-06-29 13:13:38.985640,,2024-06-25 06:23:05.161242,2024-06-25,2024-07-01 21:34:04.054203,team_invited,4,0,0.1,6.284767011666666,102.84272899944445,56.34029682305556,,
U01147,2024-07-12,organic,mobile,freemium,,,,,2024-07-12,,signup,0,0,,,,,,
U01148,2024-10-07,organic,desktop,freemium,2024-10-07 00:06:00.000000,,,,2024-10-07,,email_verified,1,0,0.1,,,,,
U01149,2024-09-08,organic,desktop,free_trial,2024-09-08 00:06:00.000000,,,2024-09-08 00:12:00.000000,2024-09-08,,profile_completed,2,0,0.1,0.1,,,,
U01150,2024-11-06,referral,mobile,free_trial,2024-11-06 00:06:00.000000,2024-11-06 13:57:35.711911,,2024-11-06 13:51:35.711911,2024-11-06,,first_feature_used,3,0,0.1,13.759919975277777,0.1,,,
U01151,2024-05-15,organic,desktop,freemium,,,,,2024-05-15,,signup,0,0,,,,,,
U01152,2024-07-03,organic,tablet,free_trial,2024-07-03 00:20:22.421950,,,2024-07-03 06:49:18.900649,2024-07-03,,profile_completed,2,0,0.3395616527777778,6.482355194166667,,,,
U01153,2024-06-06,organic,tablet,free_trial,2024-06-06 00:07:49.654352,,,2024-06-06 00:13:49.654352,2024-06-06,,profile_completed,2,0,0.13045954222222222,0.1,,,,
U01154,2024-11-27,organic,desktop,free_trial,2024-11-27 00:06:00.000000,,,2024-11-27 00:12:00.000000,2024-11-27,,profile_completed,2,0,0.1,0.1,,,,
U01155,2024-04-21,organic,desktop,free_trial,2024-04-21 00:06:00.000000,,,2024-04-21 00:12:00.000000,2024-04-21,,profile_completed,2,0,0.1,0.1,,,,
U01156,2024-08-02,organic,desktop,free_trial,2024-08-02 00:06:00.000000,2024-08-05 00:37:11.001530,,2024-08-02 00:12:00.000000,2024-08-02,,first_feature_used,3,0,0.1,0.1,72.41972264722223,,,
U01157,2024-02-13,organic,desktop,freemium,2024-02-13 00:06:00.000000,2024-02-16 05:03:11.164952,,2024-02-14 14:44:06.970069,2024-02-13,,first_feature_used,3,0,0.1,38.63526946361111,38.31783191194444,,,
U01158,2024-11-06,organic,desktop,free_trial,2024-11-06 02:07:34.551702,2024-11-07 14:40:02.062203,,2024-11-06 02:13:34.551702,2024-11-06,,first_feature_used,3,0,2.1262643616666668,0.1,36.44097513916667,,,
U01159,2024-05-20,referral,desktop,freemium,,,,,2024-05-20,,signup,0,0,,,,,,
U01160,2024-05-04,organic,desktop,free_trial,2024-05-04 00:44:27.471298,,,,2024-05-04,,email_verified,1,0,0.7409642494444444,,,,,
U01161,2024-07-31,organic,desktop,freemium,,,,,2024-07-31,,signup,0,0,,,,,,
U01162,2024-07-01,referral,desktop,freemium,2024-07-01 00:06:00.000000,,,2024-07-01 00:12:00.000000,2024-07-01,,profile_completed,2,0,0.1,0.1,,,,
U01163,2024-11-05,referral,tablet,freemium,,,,,2024-11-05,,signup,0,0,,,,,,
U01164,2024-07-12,paid_search,tablet,free_trial,2024-07-12 01:50:59.908653,2024-07-13 11:34:46.765863,,2024-07-12 01:56:59.908653,2024-07-12,,first_feature_used,3,0,1.8499746258333334,0.1,33.629682558333336,,,
U01165,2024-07-07,organic,desktop,freemium,,,,,2024-07-07,,signup,0,0,,,,,,
U01166,2024-02-08,organic,mobile,free_trial,,,,,2024-02-08,,signup,0,0,,,,,,
U01167,2024-01-09,organic,desktop,freemium,2024-01-09 00:06:00.000000,2024-01-11 22:50:20.599534,,2024-01-09 13:50:42.031293,2024-01-09,,first_feature_used,3,0,0.1,13.7450086925,56.994046733611114,,,
U01168,2024-05-25,organic,mobile,freemium,,,,,2024-05-25,,signup,0,0,,,,,,
U01169,2024-12-30,organic,desktop,freemium,2024-12-30 00:06:00.000000,2024-12-31 19:30:57.627879,,2024-12-30 00:12:00.000000,2024-12-30,,first_feature_used,3,0,0.1,0.1,43.31600774416667,,,
U01170,2024-11-30,paid_search,mobile,freemium,2024-11-30 00:51:08.330101,,,2024-11-30 00:57:08.330101,2024-11-30,,profile_completed,2,0,0.8523139169444445,0.1,,,,
U01171,2024-08-17,organic,desktop,freemium,2024-08-17 00:06:00.000000,,,,2024-08-17,,email_verified,1,0,0.1,,,,,
U01172,2024-08-18,paid_search,desktop,freemium,2024-08-18 00:06:00.000000,2024-08-18 08:11:25.345812,2024-09-03 11:50:50.829587,2024-08-18 08:05:25.345812,2024-08-18,2024-08-28 09:09:36.200353,paid_conversion,5,1,0.1,7.990373836666667,0.1,240.96968181694444,146.68739700944445,395.84745266305555
U01173,2024-05-22,organic,tablet,free_trial,2024-05-22 01:49:18.253004,,,2024-05-22 03:22:51.034212,2024-05-22,,profile_completed,2,0,1.8217369455555557,1.5591058911111113,,,,
U01174,2024-03-05,organic,desktop,free_trial,2024-03-05 02:04:11.431257,,,2024-03-05 09:42:55.966340,2024-03-05,,profile_completed,2,0,2.0698420158333333,7.645704189722222,,,,
U01175,2024-01-04,paid_search,desktop,freemium,2024-01-04 01:13:52.858075,,,2024-01-04 12:23:08.410848,2024-01-04,,profile_completed,2,0,1.2313494652777779,11.154320214722222,,,,
U01176,2024-05-03,referral,mobile,freemium,2024-05-03 00:27:02.413220,,,2024-05-03 00:33:02.413220,2024-05-03,,profile_completed,2,0,0.45067033888888886,0.1,,,,
U01177,2024-04-25,organic,mobile,free_trial,,,,,2024-04-25,,signup,0,0,,,,,,
U01178,2024-03-10,paid_search,mobile,free_trial,2024-03-10 00:06:00.000000,,,,2024-03-10,,email_verified,1,0,0.1,,,,,
U01179,2024-04-04,organic,mobile,free_trial,,,,,2024-04-04,,signup,0,0,,,,,,
U01180,2024-01-10,organic,mobile,free_trial,2024-01-10 00:06:00.000000,,,2024-01-10 00:12:00.000000,2024-01-10,,profile_completed,2,0,0.1,0.1,,,,
U01181,2024-08-09,paid_search,desktop,free_trial,2024-08-09 00:06:00.000000,,,2024-08-09 00:12:00.000000,2024-08-09,,profile_completed,2,0,0.1,0.1,,,,
U01182,2024-12-04,organic,mobile,free_trial,2024-12-04 05:27:16.400983,,,2024-12-04 07:15:36.166113,2024-12-04,,profile_completed,2,0,5.454555828611111,1.805490313888889,,,,
U01183,2024-09-09,organic,mobile,free_trial,,,,,2024-09-09,,signup,0,0,,,,,,
U01184,2024-06-12,paid_search,mobile,freemium,,,,,2024-06-12,,signup,0,0,,,,,,
U01185,2024-06-02,organic,desktop,free_trial,2024-06-02 03:28:13.487551,2024-06-02 15:45:54.946787,,2024-06-02 15:39:54.946787,2024-06-02,,first_feature_used,3,0,3.4704132086111112,12.194849787777779,0.1,,,
U01186,2024-04-22,organic,desktop,free_trial,2024-04-22 00:06:00.000000,,,2024-04-23 11:00:39.065784,2024-04-22,,profile_completed,2,0,0.1,34.91085160666667,,,,
U01187,2024-02-21,organic,mobile,free_trial,2024-02-21 01:34:43.920107,,,2024-02-21 01:40:43.920107,2024-02-21,,profile_completed,2,0,1.5788666963888889,0.1,,,,
U01188,2024-08-06,referral,desktop,free_trial,2024-08-06 00:06:00.000000,,,2024-08-06 02:48:40.164921,2024-08-06,,profile_completed,2,0,0.1,2.7111569225,,,,
U01189,2024-07-25,paid_search,desktop,free_trial,2024-07-25 02:17:53.369431,2024-07-26 00:03:23.928796,,2024-07-25 02:23:53.369431,2024-07-25,,first_feature_used,3,0,2.2981581752777775,0.1,21.6584887125,,,
U01190,2024-01-03,organic,mobile,free_trial,2024-01-03 02:00:20.681371,,,2024-01-03 10:36:53.464349,2024-01-03,,profile_completed,2,0,2.0057448252777776,8.609106382777778,,,,
U01191,2024-05-31,organic,desktop,free_trial,2024-05-31 00:06:00.000000,,,2024-05-31 16:16:10.858326,2024-05-31,,profile_completed,2,0,0.1,16.169682868333332,,,,
U01192,2024-04-11,paid_search,desktop,freemium,2024-04-11 00:17:13.742574,,,,2024-04-11,,email_verified,1,0,0.28715071500000006,,,,,
U01193,2024-03-03,organic,desktop,free_trial,2024-03-03 02:08:18.835228,,,2024-03-03 10:38:50.960058,2024-03-03,,profile_completed,2,0,2.138565341111111,8.508923563888889,,,,
U01194,2024-09-13,paid_search,desktop,free_trial,2024-09-13 03:21:20.631637,,,2024-09-13 05:01:12.573890,2024-09-13,,profile_completed,2,0,3.3557310102777778,1.6644284036111112,,,,
U01195,2024-07-10,paid_search,mobile,free_trial,2024-07-10 02:40:35.683854,,,2024-07-10 02:46:35.683854,2024-07-10,,profile_completed,2,0,2.6765788483333335,0.1,,,,
U01196,2024-08-19,organic,desktop,free_trial,2024-08-19 02:22:58.428152,,,,2024-08-19,,email_verified,1,0,2.382896708888889,,,,,
U01197,2024-09-17,organic,desktop,free_trial,2024-09-17 00:06:00.000000,,,2024-09-17 09:08:29.734003,2024-09-17,,profile_completed,2,0,0.1,9.041592778611111,,,,
U01198,2024-12-24,organic,desktop,free_trial,2024-12-24 00:06:00.000000,2024-12-25 12:08:46.375789,,2024-12-24 00:12:00.000000,2024-12-24,,first_feature_used,3,0,0.1,0.1,35.94621549694445,,,
U01199,2024-10-20,organic,desktop,free_trial,2024-10-20 00:06:00.000000,2024-10-20 00:18:00.000000,2024-10-27 19:31:49.478685,2024-10-20 00:12:00.000000,2024-10-20,2024-10-20 12:07:10.058067,paid_conversion,5,1,0.1,0.1,0.1,11.819460574166666,175.41095017166666,187.53041074583334
U01200,2024-08-14,organic,desktop,free_trial,2024-08-14 00:06:00.000000,,,2024-08-14 06:50:11.203040,2024-08-14,,profile_completed,2,0,0.1,6.736445288888889,,,,
U01201,2024-11-16,referral,desktop,freemium,2024-11-16 00:06:00.000000,,,2024-11-16 07:46:09.695137,2024-11-16,,profile_completed,2,0,0.1,7.669359760277778,,,,
U01202,2024-06-23,organic,desktop,free_trial,2024-06-23 01:59:14.621345,2024-06-23 06:18:59.631056,,2024-06-23 02:05:14.621345,2024-06-23,,first_feature_used,3,0,1.9873948180555554,0.1,4.229169364166667,,,
U01203,2024-12-25,paid_search,desktop,free_trial,2024-12-25 00:06:00.000000,2024-12-25 00:18:00.000000,,2024-12-25 00:12:00.000000,2024-12-25,,first_feature_used,3,0,0.1,0.1,0.1,,,
U01204,2024-10-04,paid_search,desktop,free_trial,2024-10-04 00:33:16.986297,2024-10-08 06:14:19.574925,,2024-10-04 00:39:16.986297,2024-10-04,,first_feature_used,3,0,0.5547184158333334,0.1,101.58405239666666,,,
U01205,2024-08-25,organic,desktop,free_trial,2024-08-25 02:24:37.543279,2024-08-26 11:08:33.358919,2024-09-06 05:46:58.741607,2024-08-25 03:48:20.072352,2024-08-25,2024-09-02 19:13:23.990333,paid_conversion,5,1,2.410428688611111,1.395146964722222,31.33702404638889,176.08073094833333,82.55965313166666,293.7829837797222
U01206,2024-11-25,organic,desktop,freemium,2024-11-25 00:06:00.000000,2024-11-30 15:26:17.589779,,2024-11-25 14:00:37.620288,2024-11-25,,first_feature_used,3,0,0.1,13.91045008,121.42776930305556,,,
U01207,2024-07-07,organic,desktop,free_trial,2024-07-07 03:37:29.452339,2024-07-07 06:39:03.947806,,2024-07-07 06:33:03.947806,2024-07-07,,first_feature_used,3,0,3.624847871944444,2.9262487408333335,0.1,,,
U01208,2024-09-20,paid_search,desktop,free_trial,,,,,2024-09-20,,signup,0,0,,,,,,
U01209,2024-04-13,organic,desktop,freemium,2024-04-13 02:10:23.385352,,,,2024-04-13,,email_verified,1,0,2.173162597777778,,,,,
U01210,2024-12-17,paid_search,desktop,free_trial,2024-12-17 00:06:00.000000,,,2024-12-17 07:30:55.340751,2024-12-17,,profile_completed,2,0,0.1,7.415372430833333,,,,
U01211,2024-08-15,referral,mobile,free_trial,2024-08-15 04:21:22.463228,,,2024-08-15 06:48:09.088436,2024-08-15,,profile_completed,2,0,4.356239785555556,2.44628478,,,,
U01212,2024-10-12,paid_search,desktop,freemium,,,,,2024-10-12,,signup,0,0,,,,,,
U01213,2024-06-17,referral,mobile,freemium,,,,,2024-06-17,,signup,0,0,,,,,,
U01214,2024-11-12,paid_search,mobile,free_trial,2024-11-12 00:06:00.000000,,,,2024-11-12,,email_verified,1,0,0.1,,,,,
U01215,2024-01-28,referral,desktop,freemium,2024-01-28 01:43:28.871327,2024-01-28 16:12:18.813530,,2024-01-28 16:06:18.813530,2024-01-28,2024-01-30 23:16:48.214024,team_invited,4,0,1.724686479722222,14.380539500833333,0.1,55.074833470555554,,
U01216,2024-02-11,referral,desktop,free_trial,2024-02-11 00:06:00.000000,,,,2024-02-11,,email_verified,1,0,0.1,,,,,
U01217,2024-07-04,paid_search,desktop,freemium,2024-07-04 00:33:41.313410,2024-07-05 22:46:53.856056,,2024-07-04 12:23:59.156558,2024-07-04,,first_feature_used,3,0,0.5614759472222222,11.838289763333334,34.38186097166667,,,
U01218,2024-09-24,referral,desktop,free_trial,2024-09-24 02:41:01.282689,2024-09-26 03:03:33.425503,,2024-09-24 02:47:01.282689,2024-09-24,2024-09-26 03:09:33.425503,team_invited,4,0,2.6836896358333333,0.1,48.27559522611111,0.1,,
U01219,2024-10-22,referral,desktop,freemium,2024-10-22 00:06:00.000000,2024-10-22 06:50:38.763469,,2024-10-22 06:44:38.763469,2024-10-22,,first_feature_used,3,0,0.1,6.644100963611112,0.1,,,
U01220,2024-06-09,paid_search,desktop,free_trial,2024-06-09 00:06:00.000000,,,2024-06-09 00:40:37.442939,2024-06-09,,profile_completed,2,0,0.1,0.5770674830555556,,,,
U01221,2024-08-25,paid_search,mobile,free_trial,,,,,2024-08-25,,signup,0,0,,,,,,
U01222,2024-07-20,paid_search,desktop,free_trial,2024-07-20 00:06:00.000000,2024-07-20 01:47:50.169102,,2024-07-20 01:41:50.169102,2024-07-20,,first_feature_used,3,0,0.1,1.597269195,0.1,,,
U01223,2024-12-16,referral,mobile,freemium,2024-12-16 00:06:00.000000,2024-12-18 07:58:36.437964,2024-12-26 06:50:51.284838,2024-12-16 00:12:00.000000,2024-12-16,2024-12-18 08:04:36.437964,paid_conversion,5,1,0.1,0.1,55.776788323333335,0.1,190.77079079833334,246.84757912166666
U01224,2024-08-26,organic,mobile,freemium,,,,,2024-08-26,,signup,0,0,,,,,,
U01225,2024-06-01,referral,desktop,freemium,2024-06-01 00:06:00.000000,,,,2024-06-01,,email_verified,1,0,0.1,,,,,
U01226,2024-12-19,paid_search,tablet,freemium,2024-12-19 02:19:52.898556,,,2024-12-19 17:36:57.708140,2024-12-19,,profile_completed,2,0,2.3313607100000002,15.28466932888889,,,,
U01227,2024-02-09,referral,tablet,free_trial,2024-02-09 02:53:09.514828,2024-02-09 03:05:09.514828,,2024-02-09 02:59:09.514828,2024-02-09,2024-02-09 03:11:09.514828,team_invited,4,0,2.885976341111111,0.1,0.1,0.1,,
U01228,2024-12-25,organic,desktop,freemium,2024-12-25 01:57:11.929645,,,,2024-12-25,,email_verified,1,0,1.9533137902777777,,,,,
U01229,2024-02-26,paid_search,desktop,free_trial,2024-02-26 00:06:00.000000,2024-02-28 06:21:07.391108,,2024-02-26 00:12:00.000000,2024-02-26,,first_feature_used,3,0,0.1,0.1,54.15205308555556,,,
U01230,2024-04-15,paid_search,desktop,freemium,2024-04-15 01:06:00.503148,,,2024-04-15 01:12:00.503148,2024-04-15,,profile_completed,2,0,1.1001397633333332,0.1,,,,
U01231,2024-10-26,referral,desktop,freemium,2024-10-26 00:06:00.000000,2024-10-28 11:38:51.623311,,2024-10-26 00:12:00.000000,2024-10-26,,first_feature_used,3,0,0.1,0.1,59.44767314194444,,,
U01232,2024-09-24,referral,desktop,free_trial,2024-09-24 01:04:42.896174,2024-09-29 19:10:45.907694,,2024-09-25 08:48:30.873730,2024-09-24,2024-10-02 03:59:25.249344,team_invited,4,0,1.0785822705555554,31.729993765555555,106.37084276777777,56.81092823611111,,
U01233,2024-12-20,paid_search,desktop,free_trial,2024-12-20 00:06:00.000000,2024-12-21 00:23:35.464289,2024-12-21 05:55:30.505052,2024-12-20 12:14:15.953009,2024-12-20,2024-12-21 05:49:30.505052,paid_conversion,5,1,0.1,12.13776472472222,12.155419799999999,5.4319557675,0.1,29.92514029222222
U01234,2024-09-30,paid_search,desktop,freemium,,,,,2024-09-30,,signup,0,0,,,,,,
U01235,2024-08-20,organic,mobile,freemium,,,,,2024-08-20,,signup,0,0,,,,,,
U01236,2024-05-06,referral,desktop,freemium,2024-05-06 00:06:00.000000,2024-05-06 00:18:00.000000,2024-05-20 02:27:41.843843,2024-05-06 00:12:00.000000,2024-05-06,2024-05-11 09:49:26.741028,paid_conversion,5,1,0.1,0.1,0.1,129.52409473,208.63752855972223,338.46162328972224
U01237,2024-01-02,organic,desktop,free_trial,2024-01-02 00:07:36.379876,,,2024-01-02 13:44:40.751808,2024-01-02,,profile_completed,2,0,0.1267721877777778,13.617881092222223,,,,
U01238,2024-02-15,paid_search,desktop,free_trial,2024-02-15 02:05:52.231610,,,,2024-02-15,,email_verified,1,0,2.097842113888889,,,,,
U01239,2024-04-18,paid_search,mobile,freemium,2024-04-18 00:54:07.933531,,,,2024-04-18,,email_verified,1,0,0.9022037586111111,,,,,
U01240,2024-01-15,organic,mobile,freemium,,,,,2024-01-15,,signup,0,0,,,,,,
U01241,2024-07-04,organic,desktop,free_trial,2024-07-04 00:06:00.000000,2024-07-04 12:50:32.031945,,2024-07-04 00:12:00.000000,2024-07-04,,first_feature_used,3,0,0.1,0.1,12.642231095833335,,,
U01242,2024-10-10,organic,mobile,freemium,2024-10-10 00:34:10.901910,,,,2024-10-10,,email_verified,1,0,0.569694975,,,,,
U01243,2024-12-17,referral,desktop,freemium,2024-12-17 01:29:49.784987,,,,2024-12-17,,email_verified,1,0,1.497162496388889,,,,,
U01244,2024-06-27,paid_search,mobile,freemium,2024-06-27 00:06:00.000000,,,2024-06-27 00:12:00.000000,2024-06-27,,profile_completed,2,0,0.1,0.1,,,,
U01245,2024-11-15,organic,desktop,freemium,2024-11-15 01:48:51.427011,,,,2024-11-15,,email_verified,1,0,1.8142852808333332,,,,,
U01246,2024-12-25,paid_search,desktop,freemium,2024-12-25 01:26:39.938607,,,2024-12-25 07:15:23.525815,2024-12-25,,profile_completed,2,0,1.4444273908333334,5.812107557777778,,,,
U01247,2024-11-09,organic,mobile,freemium,,,,,2024-11-09,,signup,0,0,,,,,,
U01248,2024-06-18,referral,mobile,free_trial,2024-06-18 00:06:00.000000,2024-06-18 04:56:32.957566,,2024-06-18 04:50:32.957566,2024-06-18,2024-06-24 07:49:14.601101,team_invited,4,0,0.1,4.742488212777778,0.1,146.87823431527778,,
U01249,2024-04-28,organic,mobile,free_trial,2024-04-28 00:06:00.000000,,,,2024-04-28,,email_verified,1,0,0.1,,,,,
U01250,2024-12-22,organic,desktop,freemium,2024-12-22 00:06:00.000000,,,,2024-12-22,,email_verified,1,0,0.1,,,,,
U01251,2024-03-29,organic,mobile,freemium,2024-03-29 03:43:57.277613,,,,2024-03-29,,email_verified,1,0,3.7325771147222224,,,,,
U01252,2024-05-30,paid_search,desktop,free_trial,2024-05-30 00:06:00.000000,2024-06-02 12:04:03.891500,,2024-05-30 00:12:00.000000,2024-05-30,,first_feature_used,3,0,0.1,0.1,83.8677476388889,,,
U01253,2024-01-28,paid_search,mobile,freemium,,,,,2024-01-28,,signup,0,0,,,,,,
U01254,2024-10-16,paid_search,mobile,free_trial,,,,,2024-10-16,,signup,0,0,,,,,,
U01255,2024-08-25,paid_search,desktop,free_trial,2024-08-25 03:07:13.075568,2024-08-27 12:49:26.616478,2024-09-04 19:07:32.272831,2024-08-25 03:13:13.075568,2024-08-25,2024-08-27 12:55:26.616478,paid_conversion,5,1,3.120298768888889,0.1,57.60376136388889,0.1,198.20157120916664,259.1256313419444
U01256,2024-01-31,organic,desktop,freemium,2024-01-31 00:06:00.000000,,,,2024-01-31,,email_verified,1,0,0.1,,,,,
U01257,2024-03-22,organic,desktop,freemium,2024-03-22 00:06:00.000000,,,,2024-03-22,,email_verified,1,0,0.1,,,,,
U01258,2024-07-21,organic,desktop,free_trial,2024-07-21 02:09:33.957710,,,2024-07-21 17:21:04.212871,2024-07-21,,profile_completed,2,0,2.159432697222222,15.191737544722223,,,,
U01259,2024-07-16,referral,desktop,free_trial,2024-07-16 04:12:55.162365,,,2024-07-16 21:16:08.950253,2024-07-16,,profile_completed,2,0,4.215322879166667,17.053829968888888,,,,
U01260,2024-10-19,organic,desktop,free_trial,,,,,2024-10-19,,signup,0,0,,,,,,
U01261,2024-04-07,referral,desktop,free_trial,2024-04-07 02:03:41.373278,2024-04-08 08:17:02.476127,,2024-04-07 10:12:01.682386,2024-04-07,,first_feature_used,3,0,2.0614925772222223,8.138974752222223,22.083553816944445,,,
U01262,2024-12-03,organic,desktop,free_trial,2024-12-03 00:06:00.000000,,,,2024-12-03,,email_verified,1,0,0.1,,,,,
U01263,2024-06-11,organic,desktop,free_trial,2024-06-11 04:16:20.523670,,,,2024-06-11,,email_verified,1,0,4.272367686111111,,,,,
U01264,2024-10-27,organic,mobile,free_trial,2024-10-27 00:06:00.000000,,,,2024-10-27,,email_verified,1,0,0.1,,,,,
U01265,2024-03-28,organic,desktop,freemium,2024-03-28 00:06:00.000000,,,2024-03-28 13:50:42.874041,2024-03-28,,profile_completed,2,0,0.1,13.745242789166667,,,,
U01266,2024-01-14,paid_search,desktop,freemium,,,,,2024-01-14,,signup,0,0,,,,,,
U01267,2024-01-21,paid_search,mobile,freemium,2024-01-21 03:40:53.609833,,,,2024-01-21,,email_verified,1,0,3.6815582869444445,,,,,
U01268,2024-05-16,organic,tablet,free_trial,2024-05-16 00:06:00.000000,2024-05-16 10:29:19.283531,2024-05-16 10:41:19.283531,2024-05-16 10:23:19.283531,2024-05-16,2024-05-16 10:35:19.283531,paid_conversion,5,1,0.1,10.288689869722223,0.1,0.1,0.1,10.688689869722223
U01269,2024-12-13,paid_search,desktop,free_trial,2024-12-13 00:06:00.000000,2024-12-13 00:18:00.000000,,2024-12-13 00:12:00.000000,2024-12-13,,first_feature_used,3,0,0.1,0.1,0.1,,,
U01270,2024-01-18,paid_search,desktop,free_trial,2024-01-18 00:06:22.625349,,,,2024-01-18,,email_verified,1,0,0.10628481916666667,,,,,
U01271,2024-05-14,referral,desktop,freemium,,,,,2024-05-14,,signup,0,0,,,,,,
U01272,2024-02-09,referral,tablet,free_trial,2024-02-09 01:21:16.830078,2024-02-09 13:55:56.566045,,2024-02-09 08:36:02.712220,2024-02-09,,first_feature_used,3,0,1.3546750216666668,7.246078372777777,5.3316260625,,,
U01273,2024-12-06,paid_search,mobile,freemium,2024-12-06 01:48:47.864828,,,2024-12-06 20:50:13.400375,2024-12-06,,profile_completed,2,0,1.8132957855555556,19.023759874166668,,,,
U01274,2024-09-03,referral,mobile,free_trial,2024-09-03 01:22:16.286691,,,,2024-09-03,,email_verified,1,0,1.3711907475,,,,,
U01275,2024-10-05,paid_search,mobile,freemium,2024-10-05 00:06:00.000000,,,2024-10-05 06:12:52.831402,2024-10-05,,profile_completed,2,0,0.1,6.114675389444445,,,,
U01276,2024-09-17,paid_search,desktop,free_trial,,,,,2024-09-17,,signup,0,0,,,,,,
U01277,2024-08-27,paid_search,desktop,free_trial,2024-08-27 00:06:00.000000,2024-08-29 19:39:30.930009,2024-09-12 18:10:10.441471,2024-08-28 06:12:45.092047,2024-08-27,2024-09-02 06:38:59.828029,paid_conversion,5,1,0.1,30.11252556861111,37.446066100555555,82.99136056111112,251.519614845,402.16956707527777
U01278,2024-10-09,organic,mobile,freemium,2024-10-09 02:59:41.586007,,,,2024-10-09,,email_verified,1,0,2.9948850019444446,,,,,
U01279,2024-01-03,paid_search,mobile,free_trial,,,,,2024-01-03,,signup,0,0,,,,,,
U01280,2024-11-11,referral,desktop,freemium,2024-11-11 04:38:15.837102,2024-11-11 23:00:02.393512,,2024-11-11 04:44:15.837102,2024-11-11,2024-11-18 06:20:25.270651,team_invited,4,0,4.637732528333333,0.1,18.262932336111113,151.33968809416666,,
U01281,2024-09-27,organic,desktop,free_trial,2024-09-27 03:31:51.946405,,,,2024-09-27,,email_verified,1,0,3.531096223611111,,,,,
U01282,2024-09-26,referral,desktop,freemium,2024-09-26 01:38:10.450743,,,2024-09-26 03:23:20.760582,2024-09-26,,profile_completed,2,0,1.6362363175,1.7528638441666666,,,,
U01283,2024-05-23,referral,tablet,freemium,2024-05-23 01:37:18.610836,,,2024-05-23 04:48:22.078637,2024-05-23,,profile_completed,2,0,1.6218363433333334,3.184296611388889,,,,
U01284,2024-10-19,organic,desktop,free_trial,2024-10-19 00:06:00.000000,,,2024-10-19 22:28:56.059917,2024-10-19,,profile_completed,2,0,0.1,22.382238865833337,,,,
U01285,2024-05-19,paid_search,mobile,freemium,,,,,2024-05-19,,signup,0,0,,,,,,
U01286,2024-01-18,referral,desktop,freemium,,,,,2024-01-18,,signup,0,0,,,,,,
U01287,2024-11-27,referral,mobile,freemium,,,,,2024-11-27,,signup,0,0,,,,,,
U01288,2024-03-26,organic,mobile,free_trial,2024-03-26 03:55:24.616683,,,,2024-03-26,,email_verified,1,0,3.9235046341666666,,,,,
U01289,2024-02-07,organic,desktop,free_trial,2024-02-07 00:35:28.994284,,,,2024-02-07,,email_verified,1,0,0.591387301111111,,,,,
U01290,2024-08-14,paid_search,mobile,freemium,,,,,2024-08-14,,signup,0,0,,,,,,
U01291,2024-03-26,organic,mobile,free_trial,2024-03-26 02:16:24.707327,,,,2024-03-26,,email_verified,1,0,2.2735298130555557,,,,,
U01292,2024-11-09,organic,mobile,freemium,2024-11-09 00:06:00.000000,,,,2024-11-09,,email_verified,1,0,0.1,,,,,
U01293,2024-06-10,organic,desktop,free_trial,2024-06-10 00:06:00.000000,,,,2024-06-10,,email_verified,1,0,0.1,,,,,
U01294,2024-01-02,organic,mobile,freemium,,,,,2024-01-02,,signup,0,0,,,,,,
U01295,2024-12-13,paid_search,desktop,free_trial,2024-12-13 00:06:00.000000,2024-12-13 23:03:29.950780,,2024-12-13 22:57:29.950780,2024-12-13,,first_feature_used,3,0,0.1,22.85831966111111,0.1,,,
U01296,2024-07-06,paid_search,desktop,freemium,,,,,2024-07-06,,signup,0,0,,,,,,
U01297,2024-04-05,paid_search,desktop,free_trial,2024-04-05 00:06:00.000000,,,2024-04-05 00:12:00.000000,2024-04-05,,profile_completed,2,0,0.1,0.1,,,,
U01298,2024-09-04,paid_search,mobile,free_trial,2024-09-04 00:08:24.366077,,,2024-09-04 00:14:24.366077,2024-09-04,,profile_completed,2,0,0.14010168805555556,0.1,,,,
U01299,2024-07-12,organic,desktop,free_trial,2024-07-12 00:06:00.000000,,,2024-07-12 01:19:01.308626,2024-07-12,,profile_completed,2,0,0.1,1.217030173888889,,,,
U01300,2024-01-11,organic,desktop,freemium,,,,,2024-01-11,,signup,0,0,,,,,,
U01301,2024-10-04,organic,desktop,free_trial,2024-10-04 00:06:00.000000,,,,2024-10-04,,email_verified,1,0,0.1,,,,,
U01302,2024-05-26,organic,desktop,freemium,2024-05-26 03:51:59.212824,,,,2024-05-26,,email_verified,1,0,3.866448006666667,,,,,
U01303,2024-09-12,organic,desktop,free_trial,,,,,2024-09-12,,signup,0,0,,,,,,
U01304,2024-11-22,organic,desktop,freemium,,,,,2024-11-22,,signup,0,0,,,,,,
U01305,2024-08-10,organic,mobile,freemium,,,,,2024-08-10,,signup,0,0,,,,,,
U01306,2024-09-02,organic,desktop,free_trial,2024-09-02 00:06:00.000000,,,2024-09-02 00:12:00.000000,2024-09-02,,profile_completed,2,0,0.1,0.1,,,,
U01307,2024-04-02,paid_search,desktop,free_trial,2024-04-02 02:01:59.904198,,,2024-04-02 02:07:59.904198,2024-04-02,,profile_completed,2,0,2.033306721666667,0.1,,,,
U01308,2024-03-27,paid_search,mobile,free_trial,2024-03-27 01:37:35.875934,2024-03-30 23:26:19.638875,2024-04-02 20:12:08.533745,2024-03-27 03:35:02.464902,2024-03-27,2024-04-02 20:06:08.533745,paid_conversion,5,1,1.6266322038888887,1.9573858244444444,91.85477054805557,68.66358190833333,0.1,164.20237048472222
U01309,2024-05-31,referral,tablet,freemium,,,,,2024-05-31,,signup,0,0,,,,,,
U01310,2024-11-07,paid_search,mobile,freemium,,,,,2024-11-07,,signup,0,0,,,,,,
U01311,2024-07-10,paid_search,mobile,free_trial,2024-07-10 00:06:00.000000,2024-07-10 00:18:00.000000,,2024-07-10 00:12:00.000000,2024-07-10,,first_feature_used,3,0,0.1,0.1,0.1,,,
U01312,2024-05-07,organic,tablet,freemium,,,,,2024-05-07,,signup,0,0,,,,,,
U01313,2024-10-11,paid_search,desktop,freemium,2024-10-11 00:06:00.000000,,,2024-10-11 07:23:08.660618,2024-10-11,,profile_completed,2,0,0.1,7.285739060555556,,,,
U01314,2024-11-07,organic,tablet,freemium,2024-11-07 00:06:00.000000,,,2024-11-07 00:12:00.000000,2024-11-07,,profile_completed,2,0,0.1,0.1,,,,
U01315,2024-11-25,organic,tablet,free_trial,,,,,2024-11-25,,signup,0,0,,,,,,
U01316,2024-04-19,organic,desktop,freemium,2024-04-19 00:06:00.000000,,,,2024-04-19,,email_verified,1,0,0.1,,,,,
U01317,2024-09-16,organic,mobile,free_trial,2024-09-16 00:06:00.000000,,,2024-09-16 14:07:19.122835,2024-09-16,,profile_completed,2,0,0.1,14.021978565277779,,,,
U01318,2024-08-03,organic,mobile,freemium,2024-08-03 03:08:20.152756,,,2024-08-03 11:37:09.307387,2024-08-03,,profile_completed,2,0,3.138931321111111,8.480320730833334,,,,
U01319,2024-06-12,paid_search,mobile,free_trial,2024-06-12 01:44:26.887413,2024-06-14 20:53:21.145495,,2024-06-13 07:07:59.562191,2024-06-12,2024-06-22 14:31:59.560788,team_invited,4,0,1.7408020591666669,29.392409660555554,37.75599536222222,185.64400424805558,,
U01320,2024-05-24,referral,mobile,freemium,,,,,2024-05-24,,signup,0,0,,,,,,
U01321,2024-02-11,paid_search,desktop,freemium,2024-02-11 00:06:00.000000,2024-02-13 09:22:02.241789,,2024-02-11 12:59:36.657920,2024-02-11,,first_feature_used,3,0,0.1,12.89351608888889,44.37377329694444,,,
U01322,2024-04-10,paid_search,desktop,freemium,2024-04-10 00:06:00.000000,,,2024-04-10 00:12:00.000000,2024-04-10,,profile_completed,2,0,0.1,0.1,,,,
U01323,2024-07-19,paid_search,mobile,free_trial,2024-07-19 02:16:59.386901,2024-07-19 02:28:59.386901,,2024-07-19 02:22:59.386901,2024-07-19,,first_feature_used,3,0,2.2831630280555557,0.1,0.1,,,
U01324,2024-11-19,organic,mobile,freemium,,,,,2024-11-19,,signup,0,0,,,,,,
U01325,2024-11-12,paid_search,mobile,free_trial,,,,,2024-11-12,,signup,0,0,,,,,,
U01326,2024-03-09,paid_search,mobile,freemium,2024-03-09 00:26:43.377731,,,,2024-03-09,,email_verified,1,0,0.44538270305555555,,,,,
U01327,2024-09-04,organic,mobile,free_trial,2024-09-04 01:32:39.289100,2024-09-06 02:15:00.551451,,2024-09-05 05:38:51.662643,2024-09-04,2024-09-11 15:52:34.988997,team_invited,4,0,1.5442469722222223,28.103437095277776,20.602469113333335,133.62623265166667,,
U01328,2024-01-31,organic,tablet,freemium,,,,,2024-01-31,,signup,0,0,,,,,,
U01329,2024-09-03,referral,desktop,free_trial,2024-09-03 00:33:47.615475,2024-09-03 20:39:19.007901,,2024-09-03 01:56:20.077277,2024-09-03,,first_feature_used,3,0,0.5632265208333334,1.3756838338888888,18.71636961777778,,,
U01330,2024-05-04,paid_search,tablet,free_trial,,,,,2024-05-04,,signup,0,0,,,,,,
U01331,2024-06-13,paid_search,desktop,free_trial,2024-06-13 01:08:18.980165,2024-06-16 19:33:39.068284,,2024-06-13 01:14:18.980165,2024-06-13,,first_feature_used,3,0,1.1386056013888888,0.1,90.32224669972223,,,
U01332,2024-09-18,paid_search,desktop,free_trial,2024-09-18 01:40:19.513044,,,,2024-09-18,,email_verified,1,0,1.6720869566666667,,,,,
U01333,2024-06-04,organic,desktop,free_trial,,,,,2024-06-04,,signup,0,0,,,,,,
U01334,2024-10-21,paid_search,desktop,freemium,2024-10-21 00:06:00.000000,2024-10-22 18:49:03.235311,,2024-10-21 23:55:06.379546,2024-10-21,2024-10-22 18:55:03.235311,team_invited,4,0,0.1,23.818438762777777,18.89912660138889,0.1,,
U01335,2024-07-13,organic,desktop,freemium,2024-07-13 00:06:00.000000,,,,2024-07-13,,email_verified,1,0,0.1,,,,,
U01336,2024-12-30,organic,desktop,freemium,2024-12-30 00:06:00.000000,,,2024-12-30 00:12:00.000000,2024-12-30,,profile_completed,2,0,0.1,0.1,,,,
U01337,2024-08-20,paid_search,mobile,freemium,2024-08-20 05:30:55.117000,,,2024-08-20 22:29:45.819180,2024-08-20,,profile_completed,2,0,5.515310277777777,16.980750605555556,,,,
U01338,2024-04-18,organic,mobile,free_trial,2024-04-18 00:07:13.104581,,,2024-04-18 12:43:18.354547,2024-04-18,,profile_completed,2,0,0.12030682805555555,12.60145832388889,,,,
U01339,2024-10-09,paid_search,desktop,free_trial,2024-10-09 00:47:44.012590,2024-10-09 02:18:59.152748,2024-10-20 09:13:44.714271,2024-10-09 00:53:44.012590,2024-10-09,2024-10-15 04:56:39.065223,paid_conversion,5,1,0.7955590527777777,0.1,1.420872266111111,146.62775346527778,124.28490251333334,273.2290872975
U01340,2024-05-28,organic,mobile,free_trial,,,,,2024-05-28,,signup,0,0,,,,,,
U01341,2024-07-13,paid_search,desktop,free_trial,2024-07-13 01:56:45.796445,,,2024-07-13 02:02:45.796445,2024-07-13,,profile_completed,2,0,1.9460545680555554,0.1,,,,
U01342,2024-02-19,paid_search,desktop,freemium,2024-02-19 00:06:00.000000,,,,2024-02-19,,email_verified,1,0,0.1,,,,,
U01343,2024-02-13,paid_search,desktop,freemium,2024-02-13 00:06:00.000000,,,2024-02-13 00:12:00.000000,2024-02-13,,profile_completed,2,0,0.1,0.1,,,,
U01344,2024-07-28,paid_search,desktop,freemium,2024-07-28 00:29:03.853860,,,,2024-07-28,,email_verified,1,0,0.48440384999999997,,,,,
U01345,2024-03-09,referral,mobile,freemium,2024-03-09 00:06:00.000000,,,,2024-03-09,,email_verified,1,0,0.1,,,,,
U01346,2024-12-30,paid_search,desktop,free_trial,2024-12-30 00:42:35.024180,2024-12-30 02:02:07.614308,,2024-12-30 01:56:07.614308,2024-12-30,,first_feature_used,3,0,0.7097289388888889,1.22571948,0.1,,,
U01347,2024-11-08,paid_search,mobile,freemium,2024-11-08 00:06:00.000000,,,,2024-11-08,,email_verified,1,0,0.1,,,,,
U01348,2024-09-12,paid_search,desktop,free_trial,2024-09-12 01:36:58.038436,2024-09-12 17:15:11.498737,,2024-09-12 17:09:11.498737,2024-09-12,,first_feature_used,3,0,1.6161217877777778,15.537072305833334,0.1,,,
U01349,2024-09-25,organic,mobile,freemium,,,,,2024-09-25,,signup,0,0,,,,,,
U01350,2024-08-05,organic,tablet,free_trial,,,,,2024-08-05,,signup,0,0,,,,,,
U01351,2024-01-23,organic,desktop,free_trial,,,,,2024-01-23,,signup,0,0,,,,,,
U01352,2024-05-23,organic,desktop,free_trial,2024-05-23 01:04:55.853417,2024-05-23 01:16:55.853417,,2024-05-23 01:10:55.853417,2024-05-23,2024-05-23 06:25:02.982647,team_invited,4,0,1.082181504722222,0.1,0.1,5.135313675,,
U01353,2024-06-29,organic,desktop,free_trial,2024-06-29 00:06:00.000000,,,2024-06-29 00:12:00.000000,2024-06-29,,profile_completed,2,0,0.1,0.1,,,,
U01354,2024-11-30,organic,desktop,free_trial,2024-11-30 00:06:00.000000,2024-12-02 10:29:54.202046,,2024-11-30 00:12:00.000000,2024-11-30,2024-12-05 23:32:54.460592,team_invited,4,0,0.1,0.1,58.29838945722222,85.05007181833334,,
U01355,2024-03-21,paid_search,desktop,free_trial,2024-03-21 01:44:42.261579,2024-03-23 04:17:48.658957,,2024-03-21 05:42:47.474938,2024-03-21,2024-03-23 04:23:48.658957,team_invited,4,0,1.7450726608333333,3.9681148219444444,46.5836622275,0.1,,
U01356,2024-06-30,organic,desktop,freemium,,,,,2024-06-30,,signup,0,0,,,,,,
U01357,2024-05-05,referral,mobile,freemium,2024-05-05 00:06:00.000000,,,,2024-05-05,,email_verified,1,0,0.1,,,,,
U01358,2024-02-19,organic,tablet,free_trial,,,,,2024-02-19,,signup,0,0,,,,,,
U01359,2024-02-07,paid_search,desktop,free_trial,2024-02-07 00:06:00.000000,2024-02-11 02:05:44.307411,2024-02-22 10:13:35.719471,2024-02-07 04:24:21.541567,2024-02-07,2024-02-17 16:14:58.200878,paid_conversion,5,1,0.1,4.305983768611111,93.68965717888888,158.15385929638887,113.97708849805556,370.2265887419444
U01360,2024-05-13,organic,desktop,freemium,2024-05-13 00:43:27.559230,,,,2024-05-13,,email_verified,1,0,0.7243220083333333,,,,,
U01361,2024-01-31,paid_search,desktop,free_trial,2024-01-31 00:06:00.000000,2024-01-31 14:02:23.821986,,2024-01-31 00:12:00.000000,2024-01-31,2024-01-31 14:56:45.224753,team_invited,4,0,0.1,0.1,13.839950551666668,0.9059452130555555,,
U01362,2024-01-25,organic,desktop,freemium,2024-01-25 03:48:45.837990,,,,2024-01-25,,email_verified,1,0,3.812732775,,,,,
U01363,2024-05-08,paid_search,mobile,free_trial,,,,,2024-05-08,,signup,0,0,,,,,,
U01364,2024-03-14,organic,desktop,free_trial,2024-03-14 02:33:45.167229,2024-03-15 16:17:52.756832,,2024-03-14 04:50:02.586737,2024-03-14,2024-03-18 15:30:46.851689,team_invited,4,0,2.5625464525000003,2.271505418888889,35.4639361375,71.21502634916666,,
U01365,2024-07-21,referral,desktop,free_trial,2024-07-21 01:19:39.980185,2024-07-23 04:04:32.410727,,2024-07-21 01:25:39.980185,2024-07-21,2024-07-25 17:31:33.590637,team_invited,4,0,1.3277722736111113,0.1,50.64789737277778,61.45032775277778,,
U01366,2024-01-07,organic,desktop,free_trial,2024-01-07 00:06:00.000000,,,2024-01-07 04:00:35.876025,2024-01-07,,profile_completed,2,0,0.1,3.9099655625,,,,
U01367,2024-04-20,paid_search,desktop,freemium,,,,,2024-04-20,,signup,0,0,,,,,,
U01368,2024-06-14,organic,desktop,freemium,,,,,2024-06-14,,signup,0,0,,,,,,
U01369,2024-12-17,paid_search,desktop,free_trial,2024-12-17 00:06:00.000000,2024-12-23 19:02:51.515219,2025-01-12 06:15:31.818603,2024-12-17 12:08:41.146694,2024-12-17,2025-01-01 10:06:55.486967,paid_conversion,5,1,0.1,12.044762970555556,150.90288014583334,207.06776993,260.1434254544444,630.2588385008333
U01370,2024-08-19,paid_search,mobile,freemium,2024-08-19 00:39:31.284212,2024-08-21 02:59:35.055805,,2024-08-19 02:39:22.522021,2024-08-19,,first_feature_used,3,0,0.6586900588888889,1.9975660580555556,48.33681494,,,
U01371,2024-11-17,organic,desktop,free_trial,2024-11-17 00:58:40.750317,2024-11-19 16:41:21.727911,,2024-11-17 03:29:33.763414,2024-11-17,,first_feature_used,3,0,0.9779861991666666,2.5147258602777773,61.196656804722224,,,
U01372,2024-05-05,organic,mobile,free_trial,2024-05-05 01:27:44.614169,,,,2024-05-05,,email_verified,1,0,1.4623928247222224,,,,,
U01373,2024-06-13,organic,desktop,freemium,,,,,2024-06-13,,signup,0,0,,,,,,
U01374,2024-06-02,organic,mobile,freemium,,,,,2024-06-02,,signup,0,0,,,,,,
U01375,2024-11-19,referral,desktop,free_trial,2024-11-19 00:10:23.354585,2024-11-19 07:18:48.807679,,2024-11-19 07:12:48.807679,2024-11-19,2024-11-28 18:22:14.447094,team_invited,4,0,0.1731540513888889,7.040403637222222,0.1,227.05712205972222,,
U01376,2024-12-16,organic,desktop,free_trial,2024-12-16 00:16:19.483029,,,,2024-12-16,,email_verified,1,0,0.27207861916666665,,,,,
U01377,2024-12-17,organic,mobile,free_trial,,,,,2024-12-17,,signup,0,0,,,,,,
U01378,2024-10-01,referral,mobile,free_trial,2024-10-01 00:06:00.000000,2024-10-01 01:03:36.987472,,2024-10-01 00:57:36.987472,2024-10-01,,first_feature_used,3,0,0.1,0.8602742977777778,0.1,,,
U01379,2024-07-02,organic,desktop,freemium,,,,,2024-07-02,,signup,0,0,,,,,,
U01380,2024-07-16,organic,desktop,free_trial,2024-07-16 01:56:15.021076,2024-07-20 08:26:22.409053,,2024-07-17 04:33:01.084586,2024-07-16,,first_feature_used,3,0,1.9375058544444443,26.612795419444446,75.88925679638889,,,
U01381,2024-12-23,paid_search,mobile,freemium,2024-12-23 00:57:33.201408,,,2024-12-23 01:03:33.201408,2024-12-23,,profile_completed,2,0,0.9592226133333333,0.1,,,,
U01382,2024-04-13,referral,tablet,free_trial,2024-04-13 02:09:54.513164,2024-04-13 21:32:35.088440,,2024-04-13 21:26:35.088440,2024-04-13,,first_feature_used,3,0,2.1651425455555557,19.277937576666666,0.1,,,
U01383,2024-05-06,paid_search,mobile,free_trial,2024-05-06 00:06:00.000000,2024-05-06 09:28:37.979347,,2024-05-06 00:12:00.000000,2024-05-06,,first_feature_used,3,0,0.1,0.1,9.277216485277778,,,
U01384,2024-11-23,paid_search,desktop,free_trial,2024-11-23 01:53:21.385277,,,,2024-11-23,,email_verified,1,0,1.8892736880555556,,,,,
U01385,2024-05-21,referral,desktop,free_trial,2024-05-21 00:06:00.000000,,,2024-05-21 00:12:00.000000,2024-05-21,,profile_completed,2,0,0.1,0.1,,,,
U01386,2024-03-26,organic,desktop,freemium,,,,,2024-03-26,,signup,0,0,,,,,,
U01387,2024-07-23,referral,desktop,freemium,,,,,2024-07-23,,signup,0,0,,,,,,
U01388,2024-04-28,referral,desktop,freemium,2024-04-28 00:06:00.000000,,,,2024-04-28,,email_verified,1,0,0.1,,,,,
U01389,2024-11-21,referral,mobile,freemium,,,,,2024-11-21,,signup,0,0,,,,,,
U01390,2024-11-27,organic,desktop,free_trial,2024-11-27 01:09:36.505265,,,2024-11-27 01:15:36.505265,2024-11-27,,profile_completed,2,0,1.1601403513888888,0.1,,,,
U01391,2024-04-21,organic,mobile,freemium,2024-04-21 01:19:41.434668,,,,2024-04-21,,email_verified,1,0,1.3281762966666666,,,,,
U01392,2024-07-12,paid_search,mobile,freemium,2024-07-12 00:45:45.305964,,,2024-07-12 00:51:45.305964,2024-07-12,,profile_completed,2,0,0.76258499,0.1,,,,
U01393,2024-12-25,paid_search,mobile,freemium,,,,,2024-12-25,,signup,0,0,,,,,,
U01394,2024-09-27,paid_search,desktop,free_trial,2024-09-27 02:20:03.530903,,,2024-09-27 07:52:27.660015,2024-09-27,,profile_completed,2,0,2.3343141397222222,5.5400358644444445,,,,
U01395,2024-03-19,referral,desktop,free_trial,2024-03-19 00:40:19.654051,2024-03-21 20:49:15.827246,,2024-03-19 03:04:49.926467,2024-03-19,2024-03-29 14:07:55.037704,team_invited,4,0,0.6721261252777778,2.408409004444444,65.74052799416667,185.31089179388889,,
U01396,2024-08-03,paid_search,desktop,freemium,2024-08-03 02:39:37.033914,,,,2024-08-03,,email_verified,1,0,2.660287198333333,,,,,
U01397,2024-08-14,organic,desktop,free_trial,2024-08-14 00:06:00.000000,2024-08-15 17:40:22.401518,,2024-08-14 00:12:00.000000,2024-08-14,2024-08-15 17:46:22.401518,team_invited,4,0,0.1,0.1,41.47288931055556,0.1,,
U01398,2024-08-26,organic,desktop,free_trial,2024-08-26 00:06:00.000000,,,2024-08-26 20:35:41.582111,2024-08-26,,profile_completed,2,0,0.1,20.49488391972222,,,,
U01399,2024-01-10,organic,desktop,free_trial,2024-01-10 00:39:00.707718,2024-01-10 20:57:58.487666,,2024-01-10 00:57:13.187010,2024-01-10,,first_feature_used,3,0,0.6501965883333334,0.30346647,20.01258351555556,,,
U01400,2024-04-19,organic,desktop,freemium,2024-04-19 00:06:00.000000,,,2024-04-19 00:12:00.000000,2024-04-19,,profile_completed,2,0,0.1,0.1,,,,
U01401,2024-11-07,organic,desktop,free_trial,2024-11-07 04:07:59.801985,,,,2024-11-07,,email_verified,1,0,4.133278329166667,,,,,
U01402,2024-03-29,referral,tablet,freemium,,,,,2024-03-29,,signup,0,0,,,,,,
U01403,2024-04-19,paid_search,mobile,freemium,,,,,2024-04-19,,signup,0,0,,,,,,
U01404,2024-04-27,paid_search,desktop,free_trial,2024-04-27 00:06:00.000000,2024-04-27 16:14:55.817622,,2024-04-27 00:12:00.000000,2024-04-27,,first_feature_used,3,0,0.1,0.1,16.048838228333334,,,
U01405,2024-03-05,organic,tablet,free_trial,2024-03-05 00:06:00.000000,,,,2024-03-05,,email_verified,1,0,0.1,,,,,
U01406,2024-02-26,paid_search,desktop,freemium,,,,,2024-02-26,,signup,0,0,,,,,,
U01407,2024-05-06,referral,desktop,free_trial,2024-05-06 00:06:00.000000,2024-05-06 21:02:28.969600,,2024-05-06 15:43:50.212462,2024-05-06,2024-05-11 02:29:26.994821,team_invited,4,0,0.1,15.630614572777779,5.310765871666667,101.44945145027778,,
U01408,2024-11-15,referral,mobile,free_trial,2024-11-15 00:06:00.000000,,,,2024-11-15,,email_verified,1,0,0.1,,,,,
U01409,2024-01-01,paid_search,desktop,free_trial,2024-01-01 00:06:00.000000,2024-01-01 00:18:00.000000,,2024-01-01 00:12:00.000000,2024-01-01,,first_feature_used,3,0,0.1,0.1,0.1,,,
U01410,2024-04-13,referral,desktop,free_trial,2024-04-13 01:04:03.713498,2024-04-13 05:34:38.345372,,2024-04-13 05:28:38.345372,2024-04-13,2024-04-21 12:29:45.252676,team_invited,4,0,1.067698193888889,4.409619965,0.1,198.91858536222222,,
U01411,2024-01-23,paid_search,desktop,freemium,,,,,2024-01-23,,signup,0,0,,,,,,
U01412,2024-07-23,paid_search,desktop,free_trial,2024-07-23 00:06:00.000000,2024-07-28 00:52:33.597386,,2024-07-23 14:52:15.756067,2024-07-23,2024-07-28 00:58:33.597386,team_invited,4,0,0.1,14.771043351944446,106.00495592194444,0.1,,
U01413,2024-04-01,referral,mobile,freemium,,,,,2024-04-01,,signup,0,0,,,,,,
U01414,2024-10-16,organic,desktop,free_trial,2024-10-16 05:44:54.754376,2024-10-16 13:58:40.363688,,2024-10-16 13:52:40.363688,2024-10-16,2024-10-18 02:36:54.550041,team_invited,4,0,5.748542882222223,8.12933592,0.1,36.63727398694444,,
U01415,2024-08-01,organic,desktop,freemium,,,,,2024-08-01,,signup,0,0,,,,,,
U01416,2024-10-13,organic,desktop,freemium,,,,,2024-10-13,,signup,0,0,,,,,,
U01417,2024-08-19,paid_search,desktop,free_trial,2024-08-19 03:09:14.598856,2024-08-26 02:52:31.425175,,2024-08-20 02:21:30.091274,2024-08-19,,first_feature_used,3,0,3.154055237777778,23.204303449444442,144.5170371947222,,,
U01418,2024-06-09,paid_search,desktop,freemium,2024-06-09 01:46:33.109237,,,2024-06-09 12:26:54.969877,2024-06-09,,profile_completed,2,0,1.7758636769444442,10.672739066666667,,,,
U01419,2024-11-10,paid_search,mobile,free_trial,2024-11-10 02:16:36.883090,,,,2024-11-10,,email_verified,1,0,2.2769119694444444,,,,,
U01420,2024-06-22,organic,mobile,freemium,2024-06-22 00:32:14.533281,2024-06-24 19:25:36.424944,,2024-06-22 13:53:14.898029,2024-06-22,,first_feature_used,3,0,0.5373703558333334,13.350101318888889,53.539313031944445,,,
U01421,2024-12-12,organic,desktop,freemium,2024-12-12 00:06:00.000000,,,2024-12-12 00:12:00.000000,2024-12-12,,profile_completed,2,0,0.1,0.1,,,,
U01422,2024-12-29,referral,mobile,free_trial,2024-12-29 00:16:38.626788,,,,2024-12-29,,email_verified,1,0,0.27739633,,,,,
U01423,2024-08-02,organic,desktop,free_trial,2024-08-02 00:34:09.324385,,,,2024-08-02,,email_verified,1,0,0.569256773611111,,,,,
U01424,2024-09-03,referral,desktop,freemium,2024-09-03 01:31:17.321497,,,2024-09-03 01:37:17.321497,2024-09-03,,profile_completed,2,0,1.521478193611111,0.1,,,,
U01425,2024-04-03,organic,desktop,freemium,,,,,2024-04-03,,signup,0,0,,,,,,
U01426,2024-10-24,paid_search,desktop,free_trial,2024-10-24 00:50:35.970106,2024-10-24 19:18:37.179244,,2024-10-24 19:12:37.179244,2024-10-24,,first_feature_used,3,0,0.8433250294444445,18.367002538333335,0.1,,,
U01427,2024-09-02,paid_search,mobile,free_trial,,,,,2024-09-02,,signup,0,0,,,,,,
U01428,2024-11-25,referral,tablet,free_trial,2024-11-25 02:11:35.824190,,,2024-11-25 02:17:35.824190,2024-11-25,,profile_completed,2,0,2.1932844972222223,0.1,,,,
U01429,2024-04-07,organic,desktop,freemium,2024-04-07 01:41:07.469708,,,,2024-04-07,,email_verified,1,0,1.685408252222222,,,,,
U01430,2024-10-14,referral,desktop,freemium,,,,,2024-10-14,,signup,0,0,,,,,,
U01431,2024-06-20,paid_search,mobile,freemium,,,,,2024-06-20,,signup,0,0,,,,,,
U01432,2024-03-08,paid_search,desktop,freemium,2024-03-08 00:06:00.000000,,,,2024-03-08,,email_verified,1,0,0.1,,,,,
U01433,2024-03-03,paid_search,desktop,freemium,2024-03-03 00:20:40.528518,2024-03-06 16:28:51.628017,,2024-03-03 00:26:40.528518,2024-03-03,,first_feature_used,3,0,0.34459125500000004,0.1,88.0364165275,,,
U01434,2024-07-24,organic,tablet,free_trial,,,,,2024-07-24,,signup,0,0,,,,,,
U01435,2024-04-26,paid_search,mobile,freemium,2024-04-26 04:04:14.972791,,,2024-04-26 17:57:51.995991,2024-04-26,,profile_completed,2,0,4.070825775277778,13.893617555555556,,,,
U01436,2024-02-07,organic,tablet,free_trial,,,,,2024-02-07,,signup,0,0,,,,,,
U01437,2024-06-04,organic,desktop,freemium,2024-06-04 02:28:32.505876,,,2024-06-05 00:04:30.922484,2024-06-04,,profile_completed,2,0,2.4756960766666665,21.59956016888889,,,,
U01438,2024-08-26,paid_search,desktop,free_trial,2024-08-26 01:25:02.198428,2024-08-30 06:32:20.774309,,2024-08-26 01:31:02.198428,2024-08-26,2024-08-30 07:51:03.973563,team_invited,4,0,1.417277341111111,0.1,101.02182663361111,1.3119997927777778,,
U01439,2024-04-26,paid_search,desktop,freemium,2024-04-26 00:06:00.000000,,,2024-04-26 00:12:00.000000,2024-04-26,,profile_completed,2,0,0.1,0.1,,,,
U01440,2024-12-14,organic,tablet,freemium,,,,,2024-12-14,,signup,0,0,,,,,,
U01441,2024-10-11,organic,desktop,freemium,2024-10-11 00:06:00.000000,,,,2024-10-11,,email_verified,1,0,0.1,,,,,
U01442,2024-07-06,organic,desktop,free_trial,2024-07-06 02:42:29.850493,,,,2024-07-06,,email_verified,1,0,2.708291803611111,,,,,
U01443,2024-12-07,organic,desktop,freemium,2024-12-07 00:06:00.000000,,,,2024-12-07,,email_verified,1,0,0.1,,,,,
U01444,2024-06-07,paid_search,mobile,free_trial,2024-06-07 00:06:00.000000,,,2024-06-08 02:37:29.676273,2024-06-07,,profile_completed,2,0,0.1,26.524910075833336,,,,
U01445,2024-02-20,organic,mobile,free_trial,2024-02-20 00:06:00.000000,,,,2024-02-20,,email_verified,1,0,0.1,,,,,
U01446,2024-01-14,referral,mobile,freemium,,,,,2024-01-14,,signup,0,0,,,,,,
U01447,2024-12-08,organic,desktop,freemium,,,,,2024-12-08,,signup,0,0,,,,,,
U01448,2024-12-16,organic,mobile,free_trial,,,,,2024-12-16,,signup,0,0,,,,,,
U01449,2024-09-26,referral,desktop,freemium,2024-09-26 00:06:00.000000,,,2024-09-26 06:05:59.646618,2024-09-26,,profile_completed,2,0,0.1,5.999901838333333,,,,
U01450,2024-02-07,organic,desktop,free_trial,,,,,2024-02-07,,signup,0,0,,,,,,
U01451,2024-04-17,organic,desktop,freemium,2024-04-17 05:09:45.525184,2024-04-21 22:43:20.600814,,2024-04-17 13:25:19.988448,2024-04-17,,first_feature_used,3,0,5.162645884444444,8.259573128888889,105.30017010166667,,,
U01452,2024-01-15,referral,desktop,freemium,2024-01-15 00:06:00.000000,,,2024-01-15 05:07:44.042661,2024-01-15,,profile_completed,2,0,0.1,5.028900739166667,,,,
U01453,2024-01-19,referral,desktop,freemium,2024-01-19 01:27:16.501087,,,,2024-01-19,,email_verified,1,0,1.4545836352777777,,,,,
U01454,2024-03-30,paid_search,tablet,freemium,2024-03-30 01:14:11.055740,,,,2024-03-30,,email_verified,1,0,1.2364043722222222,,,,,
U01455,2024-07-27,organic,desktop,freemium,2024-07-27 00:06:00.000000,,,2024-07-27 00:12:00.000000,2024-07-27,,profile_completed,2,0,0.1,0.1,,,,
U01456,2024-01-24,paid_search,desktop,freemium,2024-01-24 00:06:00.000000,,,,2024-01-24,,email_verified,1,0,0.1,,,,,
U01457,2024-12-25,referral,mobile,free_trial,2024-12-25 00:42:18.745684,2024-12-26 23:51:25.050308,,2024-12-25 01:18:42.593271,2024-12-25,2024-12-27 08:52:10.442436,team_invited,4,0,0.7052071344444445,0.6066243297222222,46.54512695472222,9.012608924444445,,
U01458,2024-06-15,referral,mobile,free_trial,2024-06-15 00:32:21.319935,2024-06-15 00:44:21.319935,,2024-06-15 00:38:21.319935,2024-06-15,2024-06-24 07:13:07.284777,team_invited,4,0,0.5392555375,0.1,0.1,222.47943467833335,,
U01459,2024-04-06,organic,desktop,freemium,,,,,2024-04-06,,signup,0,0,,,,,,
U01460,2024-07-07,organic,mobile,free_trial,2024-07-07 00:06:00.000000,,,,2024-07-07,,email_verified,1,0,0.1,,,,,
U01461,2024-10-15,organic,desktop,freemium,,,,,2024-10-15,,signup,0,0,,,,,,
U01462,2024-04-24,organic,desktop,free_trial,2024-04-24 04:53:32.470288,,,,2024-04-24,,email_verified,1,0,4.8923528577777775,,,,,
U01463,2024-01-18,paid_search,mobile,freemium,,,,,2024-01-18,,signup,0,0,,,,,,
U01464,2024-01-19,organic,desktop,free_trial,2024-01-19 02:21:36.895968,2024-01-21 03:09:16.696151,,2024-01-19 03:09:01.344935,2024-01-19,,first_feature_used,3,0,2.3602488800000003,0.7901247130555555,48.00426422666667,,,
U01465,2024-11-06,organic,desktop,freemium,2024-11-06 00:23:10.816583,,,2024-11-06 00:29:10.816583,2024-11-06,,profile_completed,2,0,0.38633793972222225,0.1,,,,
U01466,2024-02-10,organic,desktop,freemium,2024-02-10 03:55:42.253324,,,,2024-02-10,,email_verified,1,0,3.928403701111111,,,,,
U01467,2024-08-19,paid_search,desktop,free_trial,2024-08-19 01:30:59.336830,,,,2024-08-19,,email_verified,1,0,1.5164824527777778,,,,,
U01468,2024-05-20,organic,desktop,freemium,,,,,2024-05-20,,signup,0,0,,,,,,
U01469,2024-10-10,organic,tablet,free_trial,2024-10-10 00:06:00.000000,,,,2024-10-10,,email_verified,1,0,0.1,,,,,
U01470,2024-01-23,organic,desktop,freemium,2024-01-23 03:07:23.938691,2024-01-23 15:02:07.283978,,2024-01-23 07:34:44.382473,2024-01-23,2024-01-27 15:02:40.600799,team_invited,4,0,3.1233163030555553,4.455678828333333,7.456361529166667,96.0092546725,,
U01471,2024-11-23,referral,mobile,freemium,2024-11-23 00:30:49.557287,,,,2024-11-23,,email_verified,1,0,0.5137659130555556,,,,,
U01472,2024-09-11,organic,desktop,free_trial,2024-09-11 00:06:00.000000,,,2024-09-11 09:44:18.832063,2024-09-11,,profile_completed,2,0,0.1,9.638564461944444,,,,
U01473,2024-06-12,paid_search,mobile,free_trial,2024-06-12 03:22:05.340360,,,2024-06-12 03:28:05.340360,2024-06-12,,profile_completed,2,0,3.3681501000000003,0.1,,,,
U01474,2024-03-16,organic,desktop,free_trial,2024-03-16 02:13:17.936497,2024-03-16 02:25:17.936497,,2024-03-16 02:19:17.936497,2024-03-16,,first_feature_used,3,0,2.221649026944444,0.1,0.1,,,
U01475,2024-12-22,organic,desktop,free_trial,2024-12-22 02:35:12.907207,,,,2024-12-22,,email_verified,1,0,2.586918668611111,,,,,
U01476,2024-04-20,organic,desktop,freemium,2024-04-20 00:06:00.000000,,,2024-04-20 00:12:00.000000,2024-04-20,,profile_completed,2,0,0.1,0.1,,,,
U01477,2024-06-28,organic,desktop,free_trial,2024-06-28 00:22:48.587412,2024-06-30 07:46:19.515665,,2024-06-29 00:20:24.691994,2024-06-28,2024-07-05 11:28:26.036091,team_invited,4,0,0.38016317000000005,23.960029050555555,31.43189546416667,123.70181122944444,,
U01478,2024-05-23,organic,tablet,freemium,,,,,2024-05-23,,signup,0,0,,,,,,
U01479,2024-03-25,paid_search,mobile,freemium,2024-03-25 03:45:34.949761,,,,2024-03-25,,email_verified,1,0,3.7597082669444446,,,,,
U01480,2024-06-01,paid_search,mobile,freemium,2024-06-01 00:30:21.573230,,,,2024-06-01,,email_verified,1,0,0.5059925638888889,,,,,
U01481,2024-02-25,organic,desktop,freemium,2024-02-25 00:06:00.000000,,,,2024-02-25,,email_verified,1,0,0.1,,,,,
U01482,2024-01-01,organic,desktop,free_trial,2024-01-01 02:17:43.111413,2024-01-01 04:20:09.748305,,2024-01-01 04:14:09.748305,2024-01-01,,first_feature_used,3,0,2.2953087258333333,1.9407324700000002,0.1,,,
U01483,2024-04-15,paid_search,mobile,freemium,2024-04-15 00:27:54.283693,,,,2024-04-15,,email_verified,1,0,0.46507880361111115,,,,,
U01484,2024-02-10,organic,mobile,freemium,2024-02-10 02:15:08.519707,,,,2024-02-10,,email_verified,1,0,2.2523665852777777,,,,,
U01485,2024-05-31,organic,desktop,freemium,2024-05-31 00:06:00.000000,,,,2024-05-31,,email_verified,1,0,0.1,,,,,
U01486,2024-11-10,organic,mobile,free_trial,2024-11-10 00:06:00.000000,2024-11-10 00:18:00.000000,,2024-11-10 00:12:00.000000,2024-11-10,,first_feature_used,3,0,0.1,0.1,0.1,,,
U01487,2024-02-29,organic,desktop,free_trial,,,,,2024-02-29,,signup,0,0,,,,,,
U01488,2024-01-01,paid_search,tablet,freemium,2024-01-01 00:38:23.182928,,,2024-01-01 02:12:07.707417,2024-01-01,,profile_completed,2,0,0.6397730355555556,1.5623679136111113,,,,
U01489,2024-02-10,referral,desktop,freemium,,,,,2024-02-10,,signup,0,0,,,,,,
U01490,2024-07-04,referral,desktop,free_trial,,,,,2024-07-04,,signup,0,0,,,,,,
U01491,2024-04-10,referral,mobile,freemium,,,,,2024-04-10,,signup,0,0,,,,,,
U01492,2024-06-27,organic,desktop,free_trial,2024-06-27 00:06:00.000000,,,2024-06-27 15:34:41.524319,2024-06-27,,profile_completed,2,0,0.1,15.478201199722221,,,,
U01493,2024-01-11,organic,desktop,freemium,2024-01-11 01:47:59.473073,,,2024-01-11 01:53:59.473073,2024-01-11,,profile_completed,2,0,1.7998536313888889,0.1,,,,
U01494,2024-05-01,organic,desktop,free_trial,2024-05-01 00:35:12.798841,,,2024-05-01 06:39:52.272470,2024-05-01,,profile_completed,2,0,0.5868885669444444,6.077631563611111,,,,
U01495,2024-05-29,organic,desktop,free_trial,2024-05-29 00:06:00.000000,2024-05-30 05:19:03.845632,,2024-05-29 00:12:00.000000,2024-05-29,2024-05-30 05:25:03.845632,team_invited,4,0,0.1,0.1,29.117734897777776,0.1,,
U01496,2024-06-06,organic,tablet,free_trial,,,,,2024-06-06,,signup,0,0,,,,,,
U01497,2024-07-20,organic,mobile,free_trial,,,,,2024-07-20,,signup,0,0,,,,,,
U01498,2024-10-11,paid_search,desktop,free_trial,2024-10-11 00:39:57.968339,,,2024-10-11 02:41:44.736780,2024-10-11,,profile_completed,2,0,0.6661023163888888,2.029657900277778,,,,
U01499,2024-06-19,organic,tablet,free_trial,2024-06-19 02:52:12.708803,2024-06-21 07:36:01.461750,,2024-06-19 15:50:36.329769,2024-06-19,2024-06-26 16:59:29.663768,team_invited,4,0,2.870196889722222,12.973228046111112,39.75698110583334,129.3911672272222,,
U01500,2024-11-03,organic,mobile,free_trial,,,,,2024-11-03,,signup,0,0,,,,,,
U01501,2024-07-12,paid_search,mobile,freemium,2024-07-12 02:35:27.711979,,,,2024-07-12,,email_verified,1,0,2.5910311052777777,,,,,
U01502,2024-04-05,organic,desktop,freemium,2024-04-05 00:52:41.653236,,,2024-04-05 00:58:41.653236,2024-04-05,,profile_completed,2,0,0.87823701,0.1,,,,
U01503,2024-03-24,referral,desktop,freemium,,,,,2024-03-24,,signup,0,0,,,,,,
U01504,2024-04-27,organic,desktop,free_trial,2024-04-27 01:38:13.403548,,,,2024-04-27,,email_verified,1,0,1.637056541111111,,,,,
U01505,2024-08-06,paid_search,desktop,free_trial,2024-08-06 03:35:35.479732,2024-08-06 12:24:28.185947,,2024-08-06 12:18:28.185947,2024-08-06,,first_feature_used,3,0,3.5931888144444444,8.714640615277776,0.1,,,
U01506,2024-03-29,organic,mobile,freemium,2024-03-29 00:31:17.820000,,,,2024-03-29,,email_verified,1,0,0.5216166666666666,,,,,
U01507,2024-11-29,paid_search,desktop,freemium,2024-11-29 02:30:20.663371,2024-11-30 19:38:07.312414,,2024-11-29 07:38:40.770908,2024-11-29,,first_feature_used,3,0,2.505739825277778,5.138918760277778,35.990705973888886,,,
U01508,2024-06-24,organic,desktop,freemium,2024-06-24 00:06:00.000000,2024-06-24 19:04:30.949516,,2024-06-24 18:58:30.949516,2024-06-24,,first_feature_used,3,0,0.1,18.875263754444443,0.1,,,
U01509,2024-11-11,organic,mobile,freemium,,,,,2024-11-11,,signup,0,0,,,,,,
U01510,2024-09-06,paid_search,desktop,freemium,,,,,2024-09-06,,signup,0,0,,,,,,
U01511,2024-05-01,organic,desktop,freemium,2024-05-01 00:46:56.759516,,,2024-05-01 06:03:50.642222,2024-05-01,,profile_completed,2,0,0.782433198888889,5.281634085,,,,
U01512,2024-03-24,organic,mobile,free_trial,2024-03-24 00:06:00.000000,,,2024-03-24 18:08:12.013236,2024-03-24,,profile_completed,2,0,0.1,18.036670343333334,,,,
U01513,2024-09-28,referral,mobile,freemium,2024-09-28 00:54:12.298070,,,,2024-09-28,,email_verified,1,0,0.9034161305555555,,,,,
U01514,2024-04-30,organic,desktop,freemium,,,,,2024-04-30,,signup,0,0,,,,,,
U01515,2024-03-31,paid_search,tablet,freemium,2024-03-31 01:44:07.152103,,,,2024-03-31,,email_verified,1,0,1.7353200286111112,,,,,
U01516,2024-12-05,paid_search,mobile,free_trial,2024-12-05 00:06:00.000000,,,2024-12-05 00:12:00.000000,2024-12-05,,profile_completed,2,0,0.1,0.1,,,,
U01517,2024-06-25,organic,mobile,free_trial,,,,,2024-06-25,,signup,0,0,,,,,,
U01518,2024-01-18,paid_search,desktop,free_trial,2024-01-18 03:27:15.070351,2024-01-18 13:10:39.195267,,2024-01-18 13:04:39.195267,2024-01-18,,first_feature_used,3,0,3.454186208611111,9.623368032222222,0.1,,,
U01519,2024-06-29,organic,mobile,free_trial,2024-06-29 00:17:28.791692,2024-06-30 12:28:01.606409,,2024-06-29 00:23:28.791692,2024-06-29,,first_feature_used,3,0,0.29133102555555557,0.1,36.075781865833335,,,
U01520,2024-06-17,paid_search,mobile,freemium,2024-06-17 02:13:02.879678,,,2024-06-17 10:46:47.307745,2024-06-17,,profile_completed,2,0,2.2174665772222224,8.562341129722222,,,,
U01521,2024-11-11,organic,desktop,freemium,2024-11-11 00:23:35.052177,2024-11-14 20:49:53.876588,,2024-11-11 00:29:35.052177,2024-11-11,2024-11-17 02:49:12.335342,team_invited,4,0,0.39307004916666666,0.1,92.33856233638889,53.988460765,,
U01522,2024-09-16,organic,tablet,free_trial,,,,,2024-09-16,,signup,0,0,,,,,,
U01523,2024-03-10,organic,tablet,freemium,,,,,2024-03-10,,signup,0,0,,,,,,
U01524,2024-02-24,referral,desktop,free_trial,2024-02-24 02:30:37.171134,2024-02-25 09:38:57.345157,,2024-02-24 09:48:07.023210,2024-02-24,,first_feature_used,3,0,2.5103253150000002,7.291625576666666,23.847311651944445,,,
U01525,2024-08-08,paid_search,mobile,freemium,,,,,2024-08-08,,signup,0,0,,,,,,
U01526,2024-01-18,referral,desktop,free_trial,2024-01-18 00:06:00.000000,2024-01-22 14:07:38.689030,,2024-01-18 23:41:08.974375,2024-01-18,,first_feature_used,3,0,0.1,23.58582621527778,86.44158740416667,,,
U01527,2024-04-26,paid_search,mobile,free_trial,,,,,2024-04-26,,signup,0,0,,,,,,
U01528,2024-02-20,paid_search,mobile,freemium,2024-02-20 00:06:00.000000,,,,2024-02-20,,email_verified,1,0,0.1,,,,,
U01529,2024-01-08,paid_search,desktop,freemium,2024-01-08 00:23:15.536151,,,,2024-01-08,,email_verified,1,0,0.38764893083333335,,,,,
U01530,2024-12-01,referral,desktop,freemium,2024-12-01 00:18:16.352242,2024-12-02 22:16:44.413464,,2024-12-02 00:19:20.515072,2024-12-01,,first_feature_used,3,0,0.30454228944444445,24.017823008333334,21.95663844222222,,,
U01531,2024-02-02,paid_search,desktop,free_trial,2024-02-02 00:06:00.000000,,,2024-02-02 00:17:03.661723,2024-02-02,,profile_completed,2,0,0.1,0.18435047861111112,,,,
U01532,2024-01-04,organic,tablet,freemium,,,,,2024-01-04,,signup,0,0,,,,,,
U01533,2024-12-06,paid_search,desktop,free_trial,2024-12-06 03:25:02.369184,,,,2024-12-06,,email_verified,1,0,3.417324773333333,,,,,
U01534,2024-03-09,paid_search,mobile,free_trial,2024-03-09 03:40:23.632395,,,,2024-03-09,,email_verified,1,0,3.6732312208333333,,,,,
U01535,2024-10-25,organic,desktop,freemium,2024-10-25 02:33:30.881058,,,,2024-10-25,,email_verified,1,0,2.558578071666667,,,,,
U01536,2024-01-12,organic,desktop,freemium,2024-01-12 00:06:00.000000,,,,2024-01-12,,email_verified,1,0,0.1,,,,,
U01537,2024-02-26,organic,tablet,freemium,,,,,2024-02-26,,signup,0,0,,,,,,
U01538,2024-02-10,referral,desktop,free_trial,2024-02-10 00:06:00.000000,2024-02-12 00:42:14.780310,,2024-02-10 00:12:00.000000,2024-02-10,2024-02-18 11:01:51.136610,team_invited,4,0,0.1,0.1,48.50410564166667,154.32676563888887,,
U01539,2024-09-14,organic,desktop,freemium,2024-09-14 02:37:56.058426,,,,2024-09-14,,email_verified,1,0,2.6322384516666664,,,,,
U01540,2024-08-14,referral,desktop,free_trial,2024-08-14 00:06:00.000000,2024-08-17 21:55:22.545194,2024-09-08 15:31:28.763688,2024-08-14 05:21:03.959839,2024-08-14,2024-08-23 01:32:29.421301,paid_conversion,5,1,0.1,5.251099955277778,88.57182926527777,123.61857669638889,397.9831506630556,615.5246565799999
U01541,2024-06-22,organic,desktop,freemium,,,,,2024-06-22,,signup,0,0,,,,,,
U01542,2024-03-29,paid_search,desktop,freemium,2024-03-29 06:26:53.683639,2024-03-29 13:24:17.214142,,2024-03-29 13:18:17.214142,2024-03-29,,first_feature_used,3,0,6.448245455277777,6.856536250833334,0.1,,,
U01543,2024-02-02,organic,desktop,freemium,,,,,2024-02-02,,signup,0,0,,,,,,
U01544,2024-07-26,referral,mobile,freemium,2024-07-26 01:27:59.659278,,,2024-07-26 08:04:15.993035,2024-07-26,,profile_completed,2,0,1.4665720216666667,6.604537154722222,,,,
U01545,2024-03-25,paid_search,desktop,freemium,,,,,2024-03-25,,signup,0,0,,,,,,
U01546,2024-08-03,organic,desktop,free_trial,2024-08-03 01:59:17.812941,2024-08-05 06:45:21.450287,,2024-08-03 02:05:17.812941,2024-08-03,,first_feature_used,3,0,1.9882813725000001,0.1,52.66767704055555,,,
U01547,2024-09-07,organic,desktop,freemium,2024-09-07 00:39:51.919957,,,,2024-09-07,,email_verified,1,0,0.6644222102777778,,,,,
U01548,2024-11-06,organic,desktop,freemium,,,,,2024-11-06,,signup,0,0,,,,,,
U01549,2024-06-29,organic,tablet,free_trial,2024-06-29 01:09:40.583289,2024-07-01 06:11:56.072473,,2024-06-29 23:59:21.797919,2024-06-29,2024-07-03 21:05:12.238377,team_invited,4,0,1.1612731358333335,22.828115175,30.209520709444444,62.88782386222222,,
U01550,2024-01-02,paid_search,desktop,free_trial,2024-01-02 03:02:35.966239,,,2024-01-02 23:44:43.076508,2024-01-02,,profile_completed,2,0,3.0433239552777778,20.70197507472222,,,,
U01551,2024-04-12,referral,desktop,free_trial,2024-04-12 00:06:00.000000,,,2024-04-12 00:12:00.000000,2024-04-12,,profile_completed,2,0,0.1,0.1,,,,
U01552,2024-11-07,paid_search,desktop,freemium,2024-11-07 00:06:00.000000,,,2024-11-07 03:45:24.049443,2024-11-07,,profile_completed,2,0,0.1,3.6566804008333333,,,,
U01553,2024-07-13,paid_search,tablet,freemium,2024-07-13 03:13:01.700651,2024-07-15 01:29:42.503461,,2024-07-13 19:34:31.183808,2024-07-13,,first_feature_used,3,0,3.217139069722222,16.358189765833334,29.91981101472222,,,
U01554,2024-08-13,organic,mobile,freemium,,,,,2024-08-13,,signup,0,0,,,,,,
U01555,2024-06-16,referral,mobile,free_trial,2024-06-16 01:17:05.046027,,,2024-06-16 03:49:04.942552,2024-06-16,,profile_completed,2,0,1.2847350075000001,2.533304590277778,,,,
U01556,2024-02-29,referral,tablet,free_trial,,,,,2024-02-29,,signup,0,0,,,,,,
U01557,2024-11-23,organic,mobile,free_trial,2024-11-23 00:06:00.000000,,,,2024-11-23,,email_verified,1,0,0.1,,,,,
U01558,2024-10-09,referral,tablet,free_trial,2024-10-09 01:31:16.509187,2024-10-11 19:00:38.371104,,2024-10-10 07:54:12.201074,2024-10-09,,first_feature_used,3,0,1.5212525519444444,30.382136635277774,35.10726945277778,,,
U01559,2024-12-29,organic,desktop,free_trial,2024-12-29 01:01:25.059125,,,,2024-12-29,,email_verified,1,0,1.0236275347222223,,,,,
U01560,2024-11-08,referral,mobile,free_trial,,,,,2024-11-08,,signup,0,0,,,,,,
U01561,2024-04-16,referral,mobile,free_trial,2024-04-16 01:53:22.350764,,,2024-04-16 03:17:41.240972,2024-04-16,,profile_completed,2,0,1.889541878888889,1.40524728,,,,
U01562,2024-04-02,paid_search,tablet,free_trial,2024-04-02 01:02:58.048907,,,,2024-04-02,,email_verified,1,0,1.0494580297222222,,,,,
U01563,2024-03-31,organic,desktop,freemium,,,,,2024-03-31,,signup,0,0,,,,,,
U01564,2024-12-01,paid_search,mobile,free_trial,,,,,2024-12-01,,signup,0,0,,,,,,
U01565,2024-07-22,organic,desktop,free_trial,2024-07-22 00:06:00.000000,,,2024-07-22 10:42:02.007741,2024-07-22,,profile_completed,2,0,0.1,10.600557705833333,,,,
U01566,2024-06-14,paid_search,mobile,freemium,2024-06-14 02:38:55.086148,,,,2024-06-14,,email_verified,1,0,2.648635041111111,,,,,
U01567,2024-12-19,organic,desktop,freemium,,,,,2024-12-19,,signup,0,0,,,,,,
U01568,2024-08-08,paid_search,desktop,freemium,2024-08-08 00:49:46.517540,,,,2024-08-08,,email_verified,1,0,0.8295882055555555,,,,,
U01569,2024-11-27,referral,mobile,freemium,2024-11-27 00:06:00.000000,,,,2024-11-27,,email_verified,1,0,0.1,,,,,
U01570,2024-12-25,organic,desktop,freemium,,,,,2024-12-25,,signup,0,0,,,,,,
U01571,2024-01-29,organic,desktop,freemium,,,,,2024-01-29,,signup,0,0,,,,,,
U01572,2024-05-11,paid_search,desktop,freemium,2024-05-11 00:06:00.000000,,,,2024-05-11,,email_verified,1,0,0.1,,,,,
U01573,2024-09-24,organic,mobile,free_trial,,,,,2024-09-24,,signup,0,0,,,,,,
U01574,2024-10-23,organic,mobile,freemium,2024-10-23 01:30:12.625236,,,2024-10-24 08:25:44.911657,2024-10-23,,profile_completed,2,0,1.5035070099999999,30.925635116944445,,,,
U01575,2024-02-24,organic,mobile,free_trial,2024-02-24 02:41:26.016571,,,2024-02-24 02:47:26.016571,2024-02-24,,profile_completed,2,0,2.690560158611111,0.1,,,,
U01576,2024-04-26,organic,desktop,free_trial,,,,,2024-04-26,,signup,0,0,,,,,,
U01577,2024-07-19,paid_search,mobile,free_trial,,,,,2024-07-19,,signup,0,0,,,,,,
U01578,2024-10-18,paid_search,mobile,free_trial,2024-10-18 00:06:00.000000,,,2024-10-18 00:12:00.000000,2024-10-18,,profile_completed,2,0,0.1,0.1,,,,
U01579,2024-02-11,organic,desktop,free_trial,2024-02-11 00:06:00.000000,,,,2024-02-11,,email_verified,1,0,0.1,,,,,
U01580,2024-08-07,paid_search,desktop,freemium,2024-08-07 00:06:00.000000,,,2024-08-07 09:05:23.126475,2024-08-07,,profile_completed,2,0,0.1,8.989757354166667,,,,
U01581,2024-04-18,organic,desktop,free_trial,,,,,2024-04-18,,signup,0,0,,,,,,
U01582,2024-03-19,organic,desktop,free_trial,2024-03-19 02:54:44.574456,2024-03-19 03:06:44.574456,,2024-03-19 03:00:44.574456,2024-03-19,,first_feature_used,3,0,2.9123817933333336,0.1,0.1,,,
U01583,2024-07-07,paid_search,desktop,free_trial,2024-07-07 00:06:00.000000,2024-07-07 03:11:39.052626,,2024-07-07 03:05:39.052626,2024-07-07,2024-07-07 03:17:39.052626,team_invited,4,0,0.1,2.9941812850000002,0.1,0.1,,
U01584,2024-05-31,organic,desktop,free_trial,,,,,2024-05-31,,signup,0,0,,,,,,
U01585,2024-08-20,paid_search,desktop,freemium,2024-08-20 01:22:35.350862,,,,2024-08-20,,email_verified,1,0,1.3764863505555556,,,,,
U01586,2024-04-25,referral,desktop,free_trial,2024-04-25 03:11:29.250714,,,2024-04-25 03:17:29.250714,2024-04-25,,profile_completed,2,0,3.1914585316666666,0.1,,,,
U01587,2024-10-27,paid_search,desktop,free_trial,2024-10-27 00:06:00.000000,2024-10-27 00:18:00.000000,,2024-10-27 00:12:00.000000,2024-10-27,,first_feature_used,3,0,0.1,0.1,0.1,,,
U01588,2024-01-29,paid_search,mobile,free_trial,2024-01-29 00:39:17.479721,,,2024-01-29 19:36:36.905195,2024-01-29,,profile_completed,2,0,0.6548554780555556,18.955395965,,,,
U01589,2024-11-10,organic,desktop,free_trial,2024-11-10 00:06:00.000000,2024-11-11 04:34:04.530486,,2024-11-11 04:28:04.530486,2024-11-10,,first_feature_used,3,0,0.1,28.367925135,0.1,,,
U01590,2024-01-11,organic,desktop,free_trial,2024-01-11 01:55:24.363926,2024-01-14 05:07:56.192671,,2024-01-11 06:06:14.071641,2024-01-11,,first_feature_used,3,0,1.923434423888889,4.180474365277778,71.02836695277779,,,
U01591,2024-09-25,organic,mobile,free_trial,2024-09-25 01:31:19.702540,2024-09-25 01:43:19.702540,,2024-09-25 01:37:19.702540,2024-09-25,,first_feature_used,3,0,1.5221395944444445,0.1,0.1,,,
U01592,2024-05-06,paid_search,desktop,freemium,2024-05-06 02:07:01.536509,2024-05-09 05:20:02.459523,,2024-05-06 08:41:32.133556,2024-05-06,,first_feature_used,3,0,2.117093474722222,6.575165846388889,68.64175721305556,,,
U01593,2024-05-19,referral,desktop,freemium,2024-05-19 02:42:37.549739,2024-05-22 00:00:57.229927,,2024-05-19 17:01:43.947005,2024-05-19,2024-05-22 00:06:57.229927,team_invited,4,0,2.7104304830555557,14.318443685,54.987023033888896,0.1,,
U01594,2024-01-07,organic,desktop,freemium,,,,,2024-01-07,,signup,0,0,,,,,,
U01595,2024-09-13,organic,desktop,free_trial,2024-09-13 00:06:00.000000,2024-09-13 05:23:48.858151,,2024-09-13 05:17:48.858151,2024-09-13,,first_feature_used,3,0,0.1,5.1969050419444445,0.1,,,
U01596,2024-03-01,organic,desktop,free_trial,2024-03-01 00:06:00.000000,,,,2024-03-01,,email_verified,1,0,0.1,,,,,
U01597,2024-08-28,paid_search,desktop,freemium,2024-08-28 00:06:00.000000,,,,2024-08-28,,email_verified,1,0,0.1,,,,,
U01598,2024-09-21,paid_search,desktop,free_trial,2024-09-21 02:25:55.927437,2024-09-23 21:30:28.098328,,2024-09-21 02:31:55.927437,2024-09-21,2024-09-28 13:36:34.905045,team_invited,4,0,2.432202065833333,0.1,66.97560302527778,112.10189075472223,,
U01599,2024-11-04,paid_search,desktop,freemium,,,,,2024-11-04,,signup,0,0,,,,,,
U01600,2024-09-15,referral,tablet,free_trial,,,,,2024-09-15,,signup,0,0,,,,,,
U01601,2024-04-20,organic,desktop,free_trial,,,,,2024-04-20,,signup,0,0,,,,,,
U01602,2024-09-26,paid_search,desktop,free_trial,2024-09-26 03:21:01.627480,2024-09-27 12:52:07.605816,,2024-09-26 05:39:52.393060,2024-09-26,,first_feature_used,3,0,3.3504520777777778,2.3141015499999997,31.204225765555552,,,
U01603,2024-10-28,paid_search,desktop,freemium,2024-10-28 00:06:00.000000,2024-10-30 17:57:58.977491,,2024-10-28 00:12:00.000000,2024-10-28,,first_feature_used,3,0,0.1,0.1,65.76638263638888,,,
U01604,2024-04-25,organic,mobile,freemium,2024-04-25 02:34:28.319135,2024-04-25 15:56:14.428095,,2024-04-25 02:40:28.319135,2024-04-25,,first_feature_used,3,0,2.5745330930555554,0.1,13.262808044444444,,,
U01605,2024-02-15,referral,mobile,freemium,2024-02-15 00:15:16.904188,2024-02-15 01:05:29.264131,,2024-02-15 00:59:29.264131,2024-02-15,2024-02-20 12:26:05.511102,team_invited,4,0,0.2546956077777778,0.7367666508333333,0.1,131.3434019363889,,
U01606,2024-11-20,organic,mobile,free_trial,2024-11-20 00:06:00.000000,2024-11-20 08:36:54.618598,,2024-11-20 00:12:00.000000,2024-11-20,,first_feature_used,3,0,0.1,0.1,8.415171832777778,,,
U01607,2024-02-23,paid_search,desktop,freemium,2024-02-23 00:06:00.000000,,,2024-02-23 00:12:00.000000,2024-02-23,,profile_completed,2,0,0.1,0.1,,,,
U01608,2024-08-04,paid_search,desktop,free_trial,2024-08-04 00:06:00.000000,,,,2024-08-04,,email_verified,1,0,0.1,,,,,
U01609,2024-03-27,referral,mobile,free_trial,2024-03-27 01:14:26.981397,2024-03-31 03:56:35.406721,,2024-03-27 11:51:07.405085,2024-03-27,,first_feature_used,3,0,1.240828165833333,10.611228802222223,88.09111156555555,,,
U01610,2024-02-15,paid_search,desktop,freemium,,,,,2024-02-15,,signup,0,0,,,,,,
U01611,2024-10-10,organic,tablet,freemium,2024-10-10 01:38:30.800426,2024-10-10 20:05:57.499222,,2024-10-10 19:59:57.499222,2024-10-10,,first_feature_used,3,0,1.641889007222222,18.357416332222222,0.1,,,
U01612,2024-02-22,referral,desktop,free_trial,2024-02-22 00:06:00.000000,2024-02-24 13:42:51.731734,2024-02-29 15:56:03.002865,2024-02-22 05:07:41.588547,2024-02-22,2024-02-29 15:50:03.002865,paid_conversion,5,1,0.1,5.028219040833333,56.58615088527778,122.11979753638889,0.1,183.9341674625
U01613,2024-09-01,paid_search,desktop,free_trial,2024-09-01 00:06:00.000000,,,2024-09-01 00:12:00.000000,2024-09-01,,profile_completed,2,0,0.1,0.1,,,,
U01614,2024-09-09,paid_search,desktop,free_trial,2024-09-09 00:06:00.000000,,,2024-09-09 02:46:06.131664,2024-09-09,,profile_completed,2,0,0.1,2.668369906666667,,,,
U01615,2024-01-22,paid_search,desktop,free_trial,2024-01-22 00:06:00.000000,2024-01-23 13:09:34.913269,2024-02-08 10:27:38.033748,2024-01-22 00:12:00.000000,2024-01-22,2024-01-23 13:15:34.913269,paid_conversion,5,1,0.1,0.1,36.95969813027778,0.1,381.20086679972223,418.46056493
U01616,2024-03-04,organic,mobile,free_trial,2024-03-04 01:43:26.565473,,,,2024-03-04,,email_verified,1,0,1.7240459647222222,,,,,
U01617,2024-10-16,paid_search,desktop,freemium,2024-10-16 00:06:00.000000,2024-10-17 00:12:54.639747,,2024-10-16 00:12:00.000000,2024-10-16,,first_feature_used,3,0,0.1,0.1,24.015177707499998,,,
U01618,2024-07-04,referral,desktop,free_trial,2024-07-04 00:06:00.000000,2024-07-04 17:37:46.686068,,2024-07-04 17:31:46.686068,2024-07-04,2024-07-04 17:43:46.686068,team_invited,4,0,0.1,17.429635018888888,0.1,0.1,,
U01619,2024-02-14,organic,mobile,freemium,2024-02-14 03:25:21.158373,,,,2024-02-14,,email_verified,1,0,3.4225439925,,,,,
U01620,2024-12-27,paid_search,mobile,free_trial,2024-12-27 03:11:30.796199,,,2024-12-27 07:33:13.807912,2024-12-27,,profile_completed,2,0,3.1918878330555556,4.361947698055555,,,,
U01621,2024-04-06,referral,mobile,free_trial,2024-04-06 00:06:00.000000,,,2024-04-06 00:12:00.000000,2024-04-06,,profile_completed,2,0,0.1,0.1,,,,
U01622,2024-01-02,paid_search,tablet,free_trial,2024-01-02 04:47:41.319509,,,,2024-01-02,,email_verified,1,0,4.794810974722222,,,,,
U01623,2024-12-03,referral,mobile,free_trial,,,,,2024-12-03,,signup,0,0,,,,,,
U01624,2024-01-07,organic,desktop,free_trial,,,,,2024-01-07,,signup,0,0,,,,,,
U01625,2024-07-20,referral,mobile,freemium,,,,,2024-07-20,,signup,0,0,,,,,,
U01626,2024-12-28,organic,tablet,freemium,2024-12-28 01:10:33.802315,,,,2024-12-28,,email_verified,1,0,1.176056198611111,,,,,
U01627,2024-07-29,paid_search,desktop,free_trial,2024-07-29 00:06:00.000000,2024-07-29 18:56:30.593987,,2024-07-29 18:50:30.593987,2024-07-29,2024-07-29 19:02:30.593987,team_invited,4,0,0.1,18.741831663055557,0.1,0.1,,
U01628,2024-08-01,paid_search,mobile,freemium,,,,,2024-08-01,,signup,0,0,,,,,,
U01629,2024-05-21,paid_search,desktop,freemium,2024-05-21 00:07:19.513526,2024-05-22 19:19:51.899084,,2024-05-21 00:13:19.513526,2024-05-21,,first_feature_used,3,0,0.12208709055555556,0.1,43.108995988333334,,,
U01630,2024-02-16,referral,mobile,free_trial,2024-02-16 00:06:00.000000,,,2024-02-16 11:18:21.266539,2024-02-16,,profile_completed,2,0,0.1,11.205907371944443,,,,
U01631,2024-07-28,paid_search,desktop,freemium,2024-07-28 01:55:46.934092,,,,2024-07-28,,email_verified,1,0,1.9297039144444446,,,,,
U01632,2024-11-23,paid_search,mobile,freemium,,,,,2024-11-23,,signup,0,0,,,,,,
U01633,2024-02-03,organic,desktop,freemium,2024-02-03 01:03:40.158419,,,2024-02-03 07:29:56.222059,2024-02-03,,profile_completed,2,0,1.0611551163888888,6.437795455555555,,,,
U01634,2024-11-17,paid_search,desktop,freemium,2024-11-17 00:06:00.000000,,,2024-11-17 00:12:00.000000,2024-11-17,,profile_completed,2,0,0.1,0.1,,,,
U01635,2024-05-31,paid_search,desktop,freemium,2024-05-31 01:33:51.732163,2024-05-31 01:45:51.732163,2024-06-03 20:49:49.416257,2024-05-31 01:39:51.732163,2024-05-31,2024-06-03 20:43:49.416257,paid_conversion,5,1,1.5643700452777778,0.1,0.1,90.96602335944445,0.1,92.83039340472223
U01636,2024-07-14,organic,mobile,free_trial,,,,,2024-07-14,,signup,0,0,,,,,,
U01637,2024-03-01,paid_search,desktop,freemium,2024-03-01 00:06:00.000000,,,2024-03-01 15:42:47.268895,2024-03-01,,profile_completed,2,0,0.1,15.613130248611112,,,,
U01638,2024-08-14,referral,mobile,freemium,,,,,2024-08-14,,signup,0,0,,,,,,
U01639,2024-03-07,paid_search,desktop,free_trial,2024-03-07 00:06:00.000000,2024-03-08 08:20:13.975570,,2024-03-07 00:12:00.000000,2024-03-07,,first_feature_used,3,0,0.1,0.1,32.13721543611111,,,
U01640,2024-04-09,paid_search,desktop,freemium,2024-04-09 00:06:00.000000,,,,2024-04-09,,email_verified,1,0,0.1,,,,,
U01641,2024-09-20,organic,desktop,free_trial,2024-09-20 00:27:41.750768,2024-09-23 20:11:46.974838,,2024-09-20 03:11:00.906998,2024-09-20,,first_feature_used,3,0,0.4615974355555556,2.721987841666667,89.01279662222221,,,
U01642,2024-01-19,paid_search,tablet,free_trial,2024-01-19 00:06:00.000000,,,,2024-01-19,,email_verified,1,0,0.1,,,,,
U01643,2024-06-12,organic,desktop,freemium,2024-06-12 01:38:53.707099,,,,2024-06-12,,email_verified,1,0,1.6482519719444444,,,,,
U01644,2024-08-05,organic,mobile,freemium,2024-08-05 00:38:12.053418,,,2024-08-05 00:44:12.053418,2024-08-05,,profile_completed,2,0,0.636681505,0.1,,,,
U01645,2024-02-18,paid_search,desktop,freemium,2024-02-18 00:07:46.902056,,,2024-02-18 11:16:07.723204,2024-02-18,,profile_completed,2,0,0.12969501555555557,11.139116985555557,,,,
U01646,2024-04-17,organic,mobile,freemium,,,,,2024-04-17,,signup,0,0,,,,,,
U01647,2024-05-05,organic,desktop,free_trial,2024-05-05 02:07:54.260483,,,,2024-05-05,,email_verified,1,0,2.1317390230555557,,,,,
U01648,2024-08-30,paid_search,desktop,freemium,2024-08-30 00:06:00.000000,2024-09-03 00:57:17.487589,,2024-08-30 07:17:30.164992,2024-08-30,,first_feature_used,3,0,0.1,7.191712497777778,89.66314516583333,,,
U01649,2024-12-22,organic,desktop,freemium,,,,,2024-12-22,,signup,0,0,,,,,,
U01650,2024-11-01,organic,desktop,freemium,,,,,2024-11-01,,signup,0,0,,,,,,
U01651,2024-03-10,organic,desktop,free_trial,2024-03-10 04:10:27.081634,,,2024-03-10 08:00:55.856247,2024-03-10,,profile_completed,2,0,4.174189342777778,3.8413262813888887,,,,
U01652,2024-01-07,paid_search,desktop,free_trial,2024-01-07 02:52:09.739062,,,2024-01-07 11:03:28.282255,2024-01-07,,profile_completed,2,0,2.869371961666667,8.188484220277779,,,,
U01653,2024-01-19,organic,desktop,freemium,,,,,2024-01-19,,signup,0,0,,,,,,
U01654,2024-08-05,paid_search,tablet,free_trial,2024-08-05 00:35:19.405592,,,,2024-08-05,,email_verified,1,0,0.5887237755555556,,,,,
U01655,2024-02-27,paid_search,desktop,free_trial,2024-02-27 01:30:44.088373,,,,2024-02-27,,email_verified,1,0,1.5122467702777778,,,,,
U01656,2024-03-25,organic,tablet,freemium,2024-03-25 00:06:00.000000,,,,2024-03-25,,email_verified,1,0,0.1,,,,,
U01657,2024-11-05,referral,desktop,freemium,,,,,2024-11-05,,signup,0,0,,,,,,
U01658,2024-11-14,organic,desktop,freemium,2024-11-14 00:06:00.000000,,,,2024-11-14,,email_verified,1,0,0.1,,,,,
U01659,2024-11-02,paid_search,desktop,freemium,2024-11-02 00:23:13.396607,2024-11-05 10:18:07.904680,,2024-11-02 00:29:13.396607,2024-11-02,,first_feature_used,3,0,0.38705461305555555,0.1,81.81514113138888,,,
U01660,2024-04-02,organic,desktop,freemium,2024-04-02 01:59:37.601869,,,,2024-04-02,,email_verified,1,0,1.9937782969444444,,,,,
U01661,2024-08-14,paid_search,desktop,free_trial,2024-08-14 00:06:00.000000,,,2024-08-14 00:12:00.000000,2024-08-14,,profile_completed,2,0,0.1,0.1,,,,
U01662,2024-08-10,organic,mobile,freemium,,,,,2024-08-10,,signup,0,0,,,,,,
U01663,2024-03-08,referral,mobile,freemium,,,,,2024-03-08,,signup,0,0,,,,,,
U01664,2024-07-21,organic,desktop,freemium,2024-07-21 00:38:15.553353,,,,2024-07-21,,email_verified,1,0,0.6376537091666666,,,,,
U01665,2024-07-10,paid_search,desktop,free_trial,2024-07-10 00:06:00.000000,2024-07-10 14:19:47.117043,,2024-07-10 08:07:17.845529,2024-07-10,,first_feature_used,3,0,0.1,8.021623758055554,6.208130976111111,,,
U01666,2024-05-24,organic,desktop,free_trial,,,,,2024-05-24,,signup,0,0,,,,,,
U01667,2024-10-01,organic,mobile,freemium,2024-10-01 00:48:59.539190,,,,2024-10-01,,email_verified,1,0,0.8165386638888888,,,,,
U01668,2024-09-04,organic,desktop,freemium,2024-09-04 01:40:36.114370,,,2024-09-04 01:46:36.114370,2024-09-04,,profile_completed,2,0,1.6766984361111112,0.1,,,,
U01669,2024-07-13,paid_search,desktop,free_trial,2024-07-13 00:40:16.148452,2024-07-14 20:25:58.222448,,2024-07-13 15:03:48.437084,2024-07-13,,first_feature_used,3,0,0.6711523477777778,14.39230239777778,29.36938482333333,,,
U01670,2024-09-21,paid_search,desktop,freemium,2024-09-21 01:54:05.283116,,,,2024-09-21,,email_verified,1,0,1.901467532222222,,,,,
U01671,2024-10-05,referral,desktop,freemium,2024-10-05 00:31:38.323638,,,,2024-10-05,,email_verified,1,0,0.5273121216666666,,,,,
U01672,2024-07-25,paid_search,mobile,free_trial,,,,,2024-07-25,,signup,0,0,,,,,,
U01673,2024-04-07,referral,desktop,freemium,2024-04-07 04:12:21.507265,,,2024-04-07 04:18:21.507265,2024-04-07,,profile_completed,2,0,4.2059742402777776,0.1,,,,
U01674,2024-10-03,organic,desktop,freemium,,,,,2024-10-03,,signup,0,0,,,,,,
U01675,2024-09-18,paid_search,tablet,free_trial,2024-09-18 00:06:55.295151,2024-09-19 04:17:01.766095,,2024-09-18 00:12:55.295151,2024-09-18,,first_feature_used,3,0,0.11535976416666666,0.1,28.06846415111111,,,
U01676,2024-12-24,paid_search,tablet,free_trial,2024-12-24 01:25:55.591852,,,,2024-12-24,,email_verified,1,0,1.4321088477777777,,,,,
U01677,2024-02-24,paid_search,desktop,free_trial,2024-02-24 03:03:35.602515,,,,2024-02-24,,email_verified,1,0,3.0598895875000003,,,,,
U01678,2024-06-02,referral,desktop,freemium,2024-06-02 00:06:00.000000,2024-06-02 00:18:00.000000,2024-06-17 10:07:11.139796,2024-06-02 00:12:00.000000,2024-06-02,2024-06-07 18:13:09.309703,paid_conversion,5,1,0.1,0.1,0.1,137.91925269527778,231.90050835916665,370.11976105444444
U01679,2024-12-03,paid_search,mobile,free_trial,2024-12-03 00:06:00.000000,,,,2024-12-03,,email_verified,1,0,0.1,,,,,
U01680,2024-07-06,referral,desktop,free_trial,,,,,2024-07-06,,signup,0,0,,,,,,
U01681,2024-12-10,paid_search,desktop,free_trial,2024-12-10 00:06:00.000000,2024-12-11 17:55:44.846006,,2024-12-10 07:46:33.405637,2024-12-10,2024-12-12 04:40:23.232147,team_invited,4,0,0.1,7.6759460102777775,34.15317788027778,10.743996150277779,,
U01682,2024-01-05,organic,desktop,freemium,,,,,2024-01-05,,signup,0,0,,,,,,
U01683,2024-01-13,paid_search,desktop,freemium,,,,,2024-01-13,,signup,0,0,,,,,,
U01684,2024-10-17,paid_search,tablet,free_trial,2024-10-17 00:06:00.000000,2024-10-17 03:09:07.528751,,2024-10-17 03:03:07.528751,2024-10-17,,first_feature_used,3,0,0.1,2.9520913197222223,0.1,,,
U01685,2024-05-10,referral,mobile,freemium,2024-05-10 02:22:56.226217,,,,2024-05-10,,email_verified,1,0,2.3822850602777774,,,,,
U01686,2024-07-08,referral,tablet,free_trial,2024-07-08 02:40:57.000647,,,2024-07-08 23:21:43.840910,2024-07-08,,profile_completed,2,0,2.6825001797222225,20.679677850833336,,,,
U01687,2024-06-05,organic,mobile,free_trial,2024-06-05 03:53:58.036072,,,,2024-06-05,,email_verified,1,0,3.8994544644444447,,,,,
U01688,2024-05-28,organic,mobile,free_trial,,,,,2024-05-28,,signup,0,0,,,,,,
U01689,2024-12-08,organic,mobile,freemium,2024-12-08 00:06:00.000000,,,2024-12-08 18:02:24.287410,2024-12-08,,profile_completed,2,0,0.1,17.94007983611111,,,,
U01690,2024-02-04,paid_search,mobile,freemium,,,,,2024-02-04,,signup,0,0,,,,,,
U01691,2024-10-08,organic,desktop,free_trial,2024-10-08 00:59:33.025315,,,2024-10-08 06:24:13.673496,2024-10-08,,profile_completed,2,0,0.9925070319444445,5.411291161388889,,,,
U01692,2024-11-20,paid_search,desktop,freemium,,,,,2024-11-20,,signup,0,0,,,,,,
U01693,2024-08-27,paid_search,desktop,freemium,2024-08-27 00:06:00.000000,2024-08-29 02:23:29.555306,,2024-08-27 05:28:44.085083,2024-08-27,2024-08-29 11:12:06.184259,team_invited,4,0,0.1,5.378912523055556,44.9126306175,8.810174709166667,,
U01694,2024-05-24,referral,desktop,freemium,2024-05-24 00:06:00.000000,,,,2024-05-24,,email_verified,1,0,0.1,,,,,
U01695,2024-02-28,organic,desktop,freemium,,,,,2024-02-28,,signup,0,0,,,,,,
U01696,2024-09-06,paid_search,desktop,freemium,2024-09-06 02:40:01.186072,2024-09-07 09:49:35.839762,,2024-09-06 02:46:01.186072,2024-09-06,,first_feature_used,3,0,2.6669961311111114,0.1,31.059626025,,,
U01697,2024-06-20,organic,desktop,free_trial,2024-06-20 00:06:00.000000,2024-06-23 01:51:24.559720,,2024-06-20 00:12:00.000000,2024-06-20,2024-06-24 14:25:00.165669,team_invited,4,0,0.1,0.1,73.65682214444445,36.55989054138889,,
U01698,2024-02-24,referral,desktop,free_trial,2024-02-24 01:23:53.044368,,,2024-02-24 05:24:10.127442,2024-02-24,,profile_completed,2,0,1.39806788,4.004745298333333,,,,
U01699,2024-05-11,organic,desktop,freemium,2024-05-11 00:06:00.000000,,,2024-05-11 05:03:42.835459,2024-05-11,,profile_completed,2,0,0.1,4.9618987386111115,,,,
U01700,2024-12-16,organic,desktop,freemium,,,,,2024-12-16,,signup,0,0,,,,,,
U01701,2024-04-06,organic,desktop,free_trial,2024-04-06 01:06:11.066999,2024-04-08 05:21:09.773248,,2024-04-06 07:44:09.269011,2024-04-06,2024-04-13 04:21:02.993903,team_invited,4,0,1.103074166388889,6.632833892222223,45.616806732499995,118.99811684861112,,
U01702,2024-03-06,referral,tablet,freemium,,,,,2024-03-06,,signup,0,0,,,,,,
U01703,2024-09-05,organic,desktop,freemium,2024-09-05 00:06:00.000000,,,,2024-09-05,,email_verified,1,0,0.1,,,,,
U01704,2024-03-13,paid_search,desktop,freemium,2024-03-13 00:22:05.881195,2024-03-15 20:39:27.508000,,2024-03-13 13:48:10.565973,2024-03-13,,first_feature_used,3,0,0.36830033194444445,13.434634660555556,54.85470611861111,,,
U01705,2024-12-01,paid_search,desktop,freemium,2024-12-01 00:32:47.484875,,,,2024-12-01,,email_verified,1,0,0.5465235763888889,,,,,
U01706,2024-11-09,paid_search,mobile,free_trial,2024-11-09 00:32:30.296038,,,2024-11-09 04:05:59.989713,2024-11-09,,profile_completed,2,0,0.5417488994444444,3.5582482430555555,,,,
U01707,2024-12-24,organic,mobile,freemium,,,,,2024-12-24,,signup,0,0,,,,,,
U01708,2024-11-29,organic,desktop,freemium,2024-11-29 00:06:00.000000,,,2024-11-29 03:32:27.099982,2024-11-29,,profile_completed,2,0,0.1,3.440861106111111,,,,
U01709,2024-03-29,organic,desktop,free_trial,2024-03-29 02:08:45.982032,,,,2024-03-29,,email_verified,1,0,2.14610612,,,,,
U01710,2024-03-18,organic,mobile,free_trial,2024-03-18 00:41:26.223503,,,,2024-03-18,,email_verified,1,0,0.6906176397222222,,,,,
U01711,2024-05-05,paid_search,tablet,freemium,,,,,2024-05-05,,signup,0,0,,,,,,
U01712,2024-06-20,organic,desktop,free_trial,2024-06-20 00:06:00.000000,,,2024-06-20 10:06:04.291514,2024-06-20,,profile_completed,2,0,0.1,10.001192087222222,,,,
U01713,2024-11-17,organic,desktop,free_trial,2024-11-17 00:06:00.000000,,,,2024-11-17,,email_verified,1,0,0.1,,,,,
U01714,2024-09-24,organic,desktop,free_trial,2024-09-24 01:32:00.643775,2024-09-24 01:44:00.643775,,2024-09-24 01:38:00.643775,2024-09-24,2024-10-02 05:17:52.628976,team_invited,4,0,1.533512159722222,0.1,0.1,195.56444033361112,,
U01715,2024-08-23,paid_search,desktop,free_trial,2024-08-23 01:57:29.520782,,,2024-08-24 04:59:25.471197,2024-08-23,,profile_completed,2,0,1.9582002172222222,27.03220844861111,,,,
U01716,2024-11-16,organic,mobile,free_trial,2024-11-16 02:50:43.964633,,,,2024-11-16,,email_verified,1,0,2.8455457313888886,,,,,
U01717,2024-08-23,paid_search,tablet,freemium,2024-08-23 00:06:00.000000,2024-08-23 02:07:39.556816,,2024-08-23 02:01:39.556816,2024-08-23,,first_feature_used,3,0,0.1,1.927654671111111,0.1,,,
U01718,2024-05-18,organic,tablet,freemium,2024-05-18 00:30:48.836627,,,,2024-05-18,,email_verified,1,0,0.5135657297222221,,,,,
U01719,2024-05-30,referral,mobile,freemium,2024-05-30 01:49:27.259109,,,2024-05-30 01:55:27.259109,2024-05-30,,profile_completed,2,0,1.8242386413888887,0.1,,,,
U01720,2024-07-07,paid_search,desktop,free_trial,2024-07-07 00:15:52.253842,,,2024-07-07 00:21:52.253842,2024-07-07,,profile_completed,2,0,0.2645149561111111,0.1,,,,
U01721,2024-02-02,organic,tablet,free_trial,2024-02-02 00:06:00.000000,,,2024-02-02 00:12:00.000000,2024-02-02,,profile_completed,2,0,0.1,0.1,,,,
U01722,2024-09-27,organic,desktop,free_trial,2024-09-27 00:39:03.131623,,,,2024-09-27,,email_verified,1,0,0.6508698952777778,,,,,
U01723,2024-08-26,organic,desktop,freemium,2024-08-26 02:24:34.131096,,,2024-08-26 02:30:34.131096,2024-08-26,,profile_completed,2,0,2.40948086,0.1,,,,
U01724,2024-09-23,organic,mobile,freemium,,,,,2024-09-23,,signup,0,0,,,,,,
U01725,2024-07-13,organic,desktop,free_trial,2024-07-13 04:13:56.064937,,,2024-07-13 05:43:31.993774,2024-07-13,,profile_completed,2,0,4.232240260277777,1.4933135658333334,,,,
U01726,2024-10-12,referral,mobile,freemium,,,,,2024-10-12,,signup,0,0,,,,,,
U01727,2024-12-12,paid_search,tablet,free_trial,2024-12-12 01:52:26.639693,2024-12-12 23:29:20.097705,,2024-12-12 05:23:32.293860,2024-12-12,,first_feature_used,3,0,1.8740665813888888,3.518237268611111,18.096612179166666,,,
U01728,2024-07-27,organic,mobile,free_trial,2024-07-27 03:22:54.143031,,,2024-07-27 18:19:43.124103,2024-07-27,,profile_completed,2,0,3.3817063975,14.946939186666667,,,,
U01729,2024-06-11,paid_search,mobile,freemium,2024-06-11 04:32:47.866637,,,,2024-06-11,,email_verified,1,0,4.546629621388889,,,,,
U01730,2024-02-08,organic,desktop,free_trial,2024-02-08 02:20:52.081767,2024-02-08 02:32:52.081767,,2024-02-08 02:26:52.081767,2024-02-08,,first_feature_used,3,0,2.3478004908333334,0.1,0.1,,,
U01731,2024-10-11,referral,desktop,freemium,2024-10-11 01:21:07.079544,,,2024-10-11 21:02:05.997902,2024-10-11,,profile_completed,2,0,1.35196654,19.68303287722222,,,,
U01732,2024-11-25,organic,mobile,free_trial,2024-11-25 00:06:00.000000,2024-11-25 16:54:41.270806,,2024-11-25 16:48:41.270806,2024-11-25,,first_feature_used,3,0,0.1,16.71146411277778,0.1,,,
U01733,2024-09-12,paid_search,desktop,freemium,,,,,2024-09-12,,signup,0,0,,,,,,
U01734,2024-11-11,paid_search,tablet,free_trial,2024-11-11 02:40:04.608120,,,,2024-11-11,,email_verified,1,0,2.6679467000000003,,,,,
U01735,2024-11-10,organic,desktop,free_trial,2024-11-10 02:45:24.184794,,,2024-11-10 15:27:20.356516,2024-11-10,,profile_completed,2,0,2.7567179983333334,12.698936589444445,,,,
U01736,2024-10-18,organic,desktop,free_trial,2024-10-18 01:21:56.079728,2024-10-23 20:25:48.012358,,2024-10-18 05:47:02.241112,2024-10-18,,first_feature_used,3,0,1.3655777022222222,4.418378162222223,134.64604756833333,,,
U01737,2024-07-02,organic,desktop,freemium,2024-07-02 00:55:55.090546,,,,2024-07-02,,email_verified,1,0,0.9319695961111111,,,,,
U01738,2024-02-06,referral,mobile,freemium,,,,,2024-02-06,,signup,0,0,,,,,,
U01739,2024-01-02,paid_search,mobile,freemium,,,,,2024-01-02,,signup,0,0,,,,,,
U01740,2024-03-15,paid_search,tablet,free_trial,2024-03-15 05:51:01.364629,2024-03-18 14:29:25.068879,,2024-03-15 09:35:49.310243,2024-03-15,,first_feature_used,3,0,5.850379063611111,3.7466515594444445,76.89326628777778,,,
U01741,2024-06-06,paid_search,desktop,free_trial,2024-06-06 02:41:24.494770,2024-06-06 02:53:24.494770,,2024-06-06 02:47:24.494770,2024-06-06,,first_feature_used,3,0,2.690137436111111,0.1,0.1,,,
U01742,2024-09-28,referral,desktop,free_trial,2024-09-28 00:06:00.000000,2024-09-30 06:20:18.555974,,2024-09-28 12:50:49.291156,2024-09-28,2024-10-03 03:37:32.980356,team_invited,4,0,0.1,12.747025321111112,41.49146244944444,69.28734010611112,,
U01743,2024-06-15,paid_search,desktop,freemium,2024-06-15 03:24:00.609275,,,,2024-06-15,,email_verified,1,0,3.4001692430555557,,,,,
U01744,2024-01-09,paid_search,desktop,free_trial,2024-01-09 02:42:47.360437,2024-01-11 10:33:29.843162,,2024-01-09 20:05:05.783930,2024-01-09,,first_feature_used,3,0,2.7131556769444445,17.37178430361111,38.47334978666667,,,
U01745,2024-03-17,paid_search,desktop,free_trial,,,,,2024-03-17,,signup,0,0,,,,,,
U01746,2024-12-23,organic,desktop,freemium,,,,,2024-12-23,,signup,0,0,,,,,,
U01747,2024-12-26,referral,desktop,freemium,2024-12-26 00:40:39.025451,2024-12-27 02:51:25.346752,,2024-12-27 02:45:25.346752,2024-12-26,,first_feature_used,3,0,0.6775070697222222,26.079533694722222,0.1,,,
U01748,2024-05-17,organic,desktop,free_trial,,,,,2024-05-17,,signup,0,0,,,,,,
U01749,2024-10-20,organic,mobile,free_trial,,,,,2024-10-20,,signup,0,0,,,,,,
U01750,2024-09-19,referral,mobile,free_trial,2024-09-19 00:06:00.000000,2024-09-19 00:18:00.000000,,2024-09-19 00:12:00.000000,2024-09-19,,first_feature_used,3,0,0.1,0.1,0.1,,,
U01751,2024-12-05,organic,desktop,freemium,2024-12-05 00:06:00.000000,,,,2024-12-05,,email_verified,1,0,0.1,,,,,
U01752,2024-11-19,organic,desktop,free_trial,2024-11-19 00:06:00.000000,2024-11-23 06:36:29.644088,,2024-11-19 09:49:40.661986,2024-11-19,,first_feature_used,3,0,0.1,9.727961662777778,92.7802728061111,,,
U01753,2024-08-17,organic,mobile,freemium,2024-08-17 00:06:00.000000,,,,2024-08-17,,email_verified,1,0,0.1,,,,,
U01754,2024-05-24,paid_search,mobile,free_trial,2024-05-24 00:06:00.000000,,,2024-05-24 00:12:00.000000,2024-05-24,,profile_completed,2,0,0.1,0.1,,,,
U01755,2024-08-16,referral,mobile,freemium,2024-08-16 00:06:00.000000,,,,2024-08-16,,email_verified,1,0,0.1,,,,,
U01756,2024-04-26,organic,desktop,freemium,,,,,2024-04-26,,signup,0,0,,,,,,
U01757,2024-05-07,organic,desktop,free_trial,2024-05-07 00:06:00.000000,,,2024-05-07 00:12:00.000000,2024-05-07,,profile_completed,2,0,0.1,0.1,,,,
U01758,2024-08-10,paid_search,tablet,free_trial,2024-08-10 01:56:31.530964,2024-08-11 23:58:09.903856,,2024-08-10 08:53:36.329736,2024-08-10,,first_feature_used,3,0,1.9420919344444443,6.951332992222222,39.075992811111114,,,
U01759,2024-07-27,referral,desktop,free_trial,2024-07-27 00:06:00.000000,2024-07-27 00:18:00.000000,2024-08-01 01:04:52.727201,2024-07-27 00:12:00.000000,2024-07-27,2024-08-01 00:58:52.727201,paid_conversion,5,1,0.1,0.1,0.1,120.68131311138887,0.1,121.08131311138888
U01760,2024-07-31,organic,desktop,freemium,2024-07-31 00:06:00.000000,,,2024-07-31 00:12:00.000000,2024-07-31,,profile_completed,2,0,0.1,0.1,,,,
U01761,2024-05-20,referral,tablet,free_trial,2024-05-20 02:26:25.235037,2024-05-20 02:38:25.235037,,2024-05-20 02:32:25.235037,2024-05-20,2024-05-26 16:05:41.478055,team_invited,4,0,2.4403430658333334,0.1,0.1,157.45451194944445,,
U01762,2024-05-29,referral,desktop,freemium,2024-05-29 01:13:00.595840,,,2024-05-29 01:19:00.595840,2024-05-29,,profile_completed,2,0,1.2168321777777777,0.1,,,,
U01763,2024-01-04,organic,mobile,free_trial,,,,,2024-01-04,,signup,0,0,,,,,,
U01764,2024-08-07,referral,mobile,free_trial,2024-08-07 01:05:01.582437,,,2024-08-07 09:04:16.506198,2024-08-07,,profile_completed,2,0,1.0837728991666666,7.987478822499999,,,,
U01765,2024-07-29,paid_search,desktop,freemium,2024-07-29 00:06:00.000000,,,,2024-07-29,,email_verified,1,0,0.1,,,,,
U01766,2024-12-07,paid_search,mobile,freemium,2024-12-07 00:06:00.000000,,,,2024-12-07,,email_verified,1,0,0.1,,,,,
U01767,2024-07-03,organic,desktop,freemium,,,,,2024-07-03,,signup,0,0,,,,,,
U01768,2024-06-19,referral,mobile,freemium,2024-06-19 00:06:00.000000,,,,2024-06-19,,email_verified,1,0,0.1,,,,,
U01769,2024-01-25,paid_search,tablet,freemium,,,,,2024-01-25,,signup,0,0,,,,,,
U01770,2024-03-12,paid_search,mobile,free_trial,2024-03-12 00:06:00.000000,2024-03-14 17:46:46.931743,,2024-03-12 00:12:00.000000,2024-03-12,2024-03-14 22:14:27.585015,team_invited,4,0,0.1,0.1,65.57970326194445,4.4612925755555555,,
U01771,2024-05-03,referral,desktop,freemium,2024-05-03 02:59:07.998845,,,2024-05-03 03:05:07.998845,2024-05-03,,profile_completed,2,0,2.9855552347222223,0.1,,,,
U01772,2024-05-17,paid_search,mobile,freemium,2024-05-17 01:51:30.001523,,,,2024-05-17,,email_verified,1,0,1.8583337563888889,,,,,
U01773,2024-05-12,referral,tablet,freemium,2024-05-12 02:49:07.897620,2024-05-14 08:50:13.642373,,2024-05-12 02:55:07.897620,2024-05-12,2024-05-16 14:10:28.386142,team_invited,4,0,2.81886045,0.1,53.91826243138889,53.337428824722224,,
U01774,2024-05-23,referral,mobile,freemium,2024-05-23 00:06:00.000000,2024-05-23 06:16:55.168736,,2024-05-23 00:12:00.000000,2024-05-23,,first_feature_used,3,0,0.1,0.1,6.081991315555555,,,
U01775,2024-10-07,organic,mobile,free_trial,2024-10-07 00:06:00.000000,,,,2024-10-07,,email_verified,1,0,0.1,,,,,
U01776,2024-02-17,organic,desktop,freemium,,,,,2024-02-17,,signup,0,0,,,,,,
U01777,2024-05-01,organic,mobile,freemium,2024-05-01 00:24:58.680254,,,2024-05-01 03:36:39.705774,2024-05-01,,profile_completed,2,0,0.41630007055555557,3.194729311111111,,,,
U01778,2024-02-29,referral,desktop,free_trial,2024-02-29 00:25:49.971818,2024-03-05 20:58:26.252912,,2024-02-29 19:07:36.107348,2024-02-29,,first_feature_used,3,0,0.43054772722222223,18.696148758333333,121.84726265666667,,,
U01779,2024-04-22,organic,desktop,freemium,,,,,2024-04-22,,signup,0,0,,,,,,
U01780,2024-09-06,paid_search,tablet,free_trial,2024-09-06 00:32:52.365811,2024-09-06 16:22:38.898009,,2024-09-06 02:08:15.341228,2024-09-06,,first_feature_used,3,0,0.5478793919444445,1.589715393611111,14.23987688361111,,,
U01781,2024-01-18,organic,tablet,free_trial,2024-01-18 00:06:00.000000,2024-01-22 13:57:15.472463,,2024-01-18 00:12:00.000000,2024-01-18,2024-01-26 17:13:28.483825,team_invited,4,0,0.1,0.1,109.75429790638889,99.2702809338889,,
U01782,2024-05-03,organic,tablet,free_trial,,,,,2024-05-03,,signup,0,0,,,,,,
U01783,2024-01-09,paid_search,desktop,freemium,2024-01-09 01:44:34.844661,,,,2024-01-09,,email_verified,1,0,1.7430124058333334,,,,,
U01784,2024-12-14,organic,desktop,freemium,2024-12-14 00:11:19.182611,,,2024-12-14 00:17:19.182611,2024-12-14,,profile_completed,2,0,0.18866183638888886,0.1,,,,
U01785,2024-09-22,referral,desktop,free_trial,,,,,2024-09-22,,signup,0,0,,,,,,
U01786,2024-03-29,organic,desktop,free_trial,2024-03-29 00:42:50.056707,2024-03-31 06:16:51.232781,,2024-03-30 03:55:01.480918,2024-03-29,,first_feature_used,3,0,0.7139046408333334,27.203173391944446,26.363819961944444,,,
U01787,2024-03-13,referral,mobile,freemium,,,,,2024-03-13,,signup,0,0,,,,,,
U01788,2024-02-06,organic,desktop,free_trial,2024-02-06 00:06:00.000000,2024-02-10 12:19:35.582725,,2024-02-06 19:27:12.166753,2024-02-06,,first_feature_used,3,0,0.1,19.35337965361111,88.87317110333333,,,
U01789,2024-06-21,referral,desktop,free_trial,2024-06-21 01:33:30.469956,,,2024-06-21 01:39:30.469956,2024-06-21,,profile_completed,2,0,1.5584638766666667,0.1,,,,
U01790,2024-10-02,paid_search,desktop,free_trial,2024-10-02 00:25:06.132142,,,2024-10-02 18:06:48.165671,2024-10-02,,profile_completed,2,0,0.41837003944444445,17.695009313611113,,,,
U01791,2024-08-01,organic,desktop,freemium,2024-08-01 00:06:00.000000,2024-08-01 20:34:14.438130,,2024-08-01 00:12:00.000000,2024-08-01,2024-08-04 23:24:37.186771,team_invited,4,0,0.1,0.1,20.37067725833333,74.83965240027779,,
U01792,2024-11-17,organic,mobile,free_trial,,,,,2024-11-17,,signup,0,0,,,,,,
U01793,2024-05-05,organic,mobile,freemium,2024-05-05 00:06:00.000000,,,,2024-05-05,,email_verified,1,0,0.1,,,,,
U01794,2024-04-11,paid_search,desktop,freemium,2024-04-11 00:23:12.216175,,,2024-04-11 00:29:12.216175,2024-04-11,,profile_completed,2,0,0.3867267152777778,0.1,,,,
U01795,2024-06-23,referral,desktop,free_trial,2024-06-23 00:06:00.000000,,,,2024-06-23,,email_verified,1,0,0.1,,,,,
U01796,2024-03-14,organic,desktop,freemium,,,,,2024-03-14,,signup,0,0,,,,,,
U01797,2024-12-22,organic,desktop,free_trial,2024-12-22 05:54:32.224797,,,,2024-12-22,,email_verified,1,0,5.9089513325,,,,,
U01798,2024-03-08,paid_search,tablet,free_trial,2024-03-08 00:06:00.000000,2024-03-08 13:43:56.477744,,2024-03-08 13:37:56.477744,2024-03-08,,first_feature_used,3,0,0.1,13.53235492888889,0.1,,,
U01799,2024-06-23,paid_search,mobile,free_trial,2024-06-23 00:06:00.000000,,,,2024-06-23,,email_verified,1,0,0.1,,,,,
U01800,2024-07-09,paid_search,desktop,freemium,,,,,2024-07-09,,signup,0,0,,,,,,
U01801,2024-01-21,paid_search,mobile,freemium,,,,,2024-01-21,,signup,0,0,,,,,,
U01802,2024-06-19,paid_search,desktop,freemium,2024-06-19 03:13:20.380423,,,2024-06-19 08:27:59.369895,2024-06-19,,profile_completed,2,0,3.222327895277778,5.244163742222223,,,,
U01803,2024-06-14,referral,desktop,freemium,2024-06-14 01:28:51.823354,,,2024-06-14 16:27:35.912817,2024-06-14,,profile_completed,2,0,1.4810620427777779,14.978913739722222,,,,
U01804,2024-04-04,organic,desktop,free_trial,2024-04-04 00:45:01.849644,2024-04-06 14:40:32.101747,2024-04-16 16:59:12.697386,2024-04-04 00:51:01.849644,2024-04-04,2024-04-07 22:27:30.719920,paid_conversion,5,1,0.75051379,0.1,61.825070028611115,31.7829494925,210.5283270738889,304.986860385
U01805,2024-02-16,organic,desktop,freemium,2024-02-16 00:06:00.000000,2024-02-16 18:26:43.378345,,2024-02-16 00:12:00.000000,2024-02-16,2024-02-24 18:17:32.843731,team_invited,4,0,0.1,0.1,18.245382873611113,191.84707371833332,,
U01806,2024-01-17,organic,desktop,free_trial,2024-01-17 00:06:00.000000,,,2024-01-17 00:12:00.000000,2024-01-17,,profile_completed,2,0,0.1,0.1,,,,
U01807,2024-01-04,paid_search,mobile,free_trial,2024-01-04 02:33:42.127627,,,,2024-01-04,,email_verified,1,0,2.561702118611111,,,,,
U01808,2024-06-24,organic,tablet,freemium,2024-06-24 00:51:31.773127,,,,2024-06-24,,email_verified,1,0,0.8588258686111111,,,,,
U01809,2024-02-02,referral,desktop,free_trial,2024-02-02 00:06:00.000000,,,2024-02-02 00:12:00.000000,2024-02-02,,profile_completed,2,0,0.1,0.1,,,,
U01810,2024-12-16,paid_search,mobile,free_trial,2024-12-16 06:25:59.162913,2024-12-17 22:40:32.847855,,2024-12-16 06:31:59.162913,2024-12-16,,first_feature_used,3,0,6.433100809166667,0.1,40.142690261666665,,,
U01811,2024-03-30,paid_search,desktop,free_trial,2024-03-30 01:38:44.185872,2024-04-02 12:13:29.952151,,2024-03-30 04:35:09.164126,2024-03-30,,first_feature_used,3,0,1.6456071866666666,2.940271737222222,79.63910778472223,,,
U01812,2024-08-26,paid_search,desktop,free_trial,2024-08-26 00:06:00.000000,,,,2024-08-26,,email_verified,1,0,0.1,,,,,
U01813,2024-09-02,organic,desktop,freemium,2024-09-02 00:06:00.000000,,,,2024-09-02,,email_verified,1,0,0.1,,,,,
U01814,2024-06-29,referral,desktop,free_trial,2024-06-29 02:38:01.108612,2024-07-01 03:42:00.279150,,2024-06-29 02:44:01.108612,2024-06-29,,first_feature_used,3,0,2.633641281111111,0.1,48.966436260555554,,,
U01815,2024-11-18,organic,desktop,freemium,2024-11-18 00:12:01.252676,,,,2024-11-18,,email_verified,1,0,0.20034796555555553,,,,,
U01816,2024-02-10,paid_search,tablet,free_trial,2024-02-10 00:06:00.000000,,,2024-02-10 00:12:00.000000,2024-02-10,,profile_completed,2,0,0.1,0.1,,,,
U01817,2024-03-26,referral,mobile,freemium,2024-03-26 00:06:00.000000,,,,2024-03-26,,email_verified,1,0,0.1,,,,,
U01818,2024-04-02,paid_search,desktop,freemium,2024-04-02 00:06:00.000000,,,2024-04-02 00:12:00.000000,2024-04-02,,profile_completed,2,0,0.1,0.1,,,,
U01819,2024-02-19,referral,mobile,freemium,2024-02-19 01:49:02.997987,,,,2024-02-19,,email_verified,1,0,1.8174994408333334,,,,,
U01820,2024-04-17,organic,desktop,free_trial,2024-04-17 00:10:52.022538,,,,2024-04-17,,email_verified,1,0,0.1811173716666667,,,,,
U01821,2024-04-24,referral,mobile,freemium,2024-04-24 01:02:26.935098,,,,2024-04-24,,email_verified,1,0,1.040815305,,,,,
U01822,2024-10-06,paid_search,desktop,freemium,,,,,2024-10-06,,signup,0,0,,,,,,
U01823,2024-04-20,paid_search,desktop,freemium,,,,,2024-04-20,,signup,0,0,,,,,,
U01824,2024-11-15,organic,mobile,free_trial,,,,,2024-11-15,,signup,0,0,,,,,,
U01825,2024-10-09,organic,desktop,free_trial,2024-10-09 00:06:00.000000,,,,2024-10-09,,email_verified,1,0,0.1,,,,,
U01826,2024-11-25,paid_search,desktop,freemium,2024-11-25 03:01:10.261977,,,2024-11-25 23:50:17.406768,2024-11-25,,profile_completed,2,0,3.0195172158333334,20.818651330833333,,,,
U01827,2024-02-08,organic,desktop,free_trial,2024-02-08 00:44:26.211225,,,2024-02-09 14:11:53.564513,2024-02-08,,profile_completed,2,0,0.7406142291666666,37.45759813555556,,,,
U01828,2024-12-25,paid_search,desktop,free_trial,2024-12-25 00:06:00.000000,,,2024-12-25 06:30:36.181809,2024-12-25,,profile_completed,2,0,0.1,6.410050502500001,,,,
U01829,2024-08-12,referral,desktop,freemium,2024-08-12 00:06:00.000000,,,,2024-08-12,,email_verified,1,0,0.1,,,,,
U01830,2024-12-24,referral,mobile,free_trial,2024-12-24 00:27:39.015043,2024-12-26 02:59:42.559983,,2024-12-24 00:33:39.015043,2024-12-24,2024-12-26 03:05:42.559983,team_invited,4,0,0.4608375119444445,0.1,50.43431803888889,0.1,,
U01831,2024-05-09,organic,mobile,free_trial,2024-05-09 00:06:00.000000,,,2024-05-09 01:04:21.744771,2024-05-09,,profile_completed,2,0,0.1,0.9727068808333333,,,,
U01832,2024-12-13,referral,desktop,freemium,2024-12-13 03:53:14.128452,,,,2024-12-13,,email_verified,1,0,3.8872579033333334,,,,,
U01833,2024-08-02,organic,desktop,free_trial,2024-08-02 01:10:37.290796,2024-08-05 08:14:19.271237,,2024-08-02 13:45:08.757893,2024-08-02,,first_feature_used,3,0,1.1770252211111112,12.575407526944444,66.48625370666667,,,
U01834,2024-01-27,paid_search,mobile,free_trial,2024-01-27 01:10:53.449500,,,2024-01-27 01:16:53.449500,2024-01-27,,profile_completed,2,0,1.18151375,0.1,,,,
U01835,2024-05-29,referral,mobile,free_trial,2024-05-29 00:16:25.249035,2024-05-30 00:46:57.804391,,2024-05-29 08:52:34.548892,2024-05-29,,first_feature_used,3,0,0.2736802875,8.602583293611112,15.906459860833333,,,
U01836,2024-02-20,organic,mobile,free_trial,2024-02-20 01:19:17.155139,,,2024-02-20 01:25:17.155139,2024-02-20,,profile_completed,2,0,1.3214319830555556,0.1,,,,
U01837,2024-12-09,organic,desktop,free_trial,2024-12-09 03:14:13.368930,,,2024-12-09 09:53:44.818169,2024-12-09,,profile_completed,2,0,3.237046925,6.658735899722223,,,,
U01838,2024-04-21,organic,desktop,freemium,,,,,2024-04-21,,signup,0,0,,,,,,
U01839,2024-03-22,paid_search,desktop,free_trial,2024-03-22 02:45:47.939444,2024-03-24 19:25:34.185820,,2024-03-22 16:17:28.487402,2024-03-22,,first_feature_used,3,0,2.763316512222222,13.527929988333334,51.13491622722223,,,
U01840,2024-07-20,referral,desktop,free_trial,2024-07-20 00:31:12.522836,2024-07-22 03:16:38.981039,,2024-07-20 00:37:12.522836,2024-07-20,2024-07-22 18:28:43.807663,team_invited,4,0,0.5201452322222222,0.1,50.65734950083333,15.201340728888889,,
U01841,2024-06-04,organic,desktop,freemium,2024-06-04 00:06:00.000000,,,,2024-06-04,,email_verified,1,0,0.1,,,,,
U01842,2024-02-05,organic,desktop,free_trial,2024-02-05 01:24:50.545616,2024-02-07 19:47:52.735982,,2024-02-05 01:30:50.545616,2024-02-05,,first_feature_used,3,0,1.414040448888889,0.1,66.28394176833334,,,
U01843,2024-10-25,paid_search,mobile,free_trial,,,,,2024-10-25,,signup,0,0,,,,,,
U01844,2024-11-04,organic,desktop,free_trial,2024-11-04 00:06:00.000000,,,,2024-11-04,,email_verified,1,0,0.1,,,,,
U01845,2024-09-28,paid_search,mobile,free_trial,2024-09-28 00:09:45.532637,,,,2024-09-28,,email_verified,1,0,0.16264795472222224,,,,,
U01846,2024-08-13,referral,desktop,free_trial,2024-08-13 00:06:00.000000,2024-08-13 11:40:45.896745,,2024-08-13 00:12:00.000000,2024-08-13,,first_feature_used,3,0,0.1,0.1,11.479415762499999,,,
U01847,2024-05-26,paid_search,desktop,free_trial,2024-05-26 00:12:01.880797,2024-05-26 00:24:01.880797,,2024-05-26 00:18:01.880797,2024-05-26,,first_feature_used,3,0,0.20052244361111113,0.1,0.1,,,
U01848,2024-07-16,referral,mobile,freemium,,,,,2024-07-16,,signup,0,0,,,,,,
U01849,2024-07-09,paid_search,mobile,freemium,,,,,2024-07-09,,signup,0,0,,,,,,
U01850,2024-03-01,referral,desktop,freemium,2024-03-01 01:37:01.193158,2024-03-03 20:39:41.140962,,2024-03-01 01:43:01.193158,2024-03-01,,first_feature_used,3,0,1.6169980994444444,0.1,66.94442994555556,,,
U01851,2024-01-30,organic,mobile,free_trial,2024-01-30 00:06:00.000000,,,,2024-01-30,,email_verified,1,0,0.1,,,,,
U01852,2024-04-02,organic,desktop,freemium,2024-04-02 01:08:46.642569,,,,2024-04-02,,email_verified,1,0,1.1462896025,,,,,
U01853,2024-06-14,paid_search,desktop,freemium,2024-06-14 00:06:00.000000,,,,2024-06-14,,email_verified,1,0,0.1,,,,,
U01854,2024-02-28,organic,mobile,free_trial,,,,,2024-02-28,,signup,0,0,,,,,,
U01855,2024-02-08,referral,mobile,freemium,2024-02-08 05:08:19.594999,2024-02-13 12:14:19.803464,,2024-02-08 14:19:32.672718,2024-02-08,,first_feature_used,3,0,5.138776388611111,9.186966033055556,117.91309187388889,,,
U01856,2024-11-06,paid_search,desktop,freemium,,,,,2024-11-06,,signup,0,0,,,,,,
U01857,2024-05-16,referral,tablet,free_trial,2024-05-16 02:58:39.626261,2024-05-16 15:29:22.939526,,2024-05-16 03:04:39.626261,2024-05-16,2024-05-26 16:31:01.004901,team_invited,4,0,2.9776739613888887,0.1,12.4120314625,241.02724038194444,,
U01858,2024-08-01,organic,mobile,freemium,2024-08-01 01:28:45.770767,,,2024-08-01 01:34:45.770767,2024-08-01,,profile_completed,2,0,1.4793807686111111,0.1,,,,
U01859,2024-07-10,paid_search,mobile,free_trial,,,,,2024-07-10,,signup,0,0,,,,,,
U01860,2024-09-25,paid_search,desktop,free_trial,2024-09-25 00:06:00.000000,2024-09-26 14:00:40.009522,,2024-09-25 14:44:00.950669,2024-09-25,,first_feature_used,3,0,0.1,14.633597408055556,23.277516348055553,,,
U01861,2024-09-27,organic,desktop,free_trial,2024-09-27 00:06:00.000000,,,2024-09-27 00:26:17.181173,2024-09-27,,profile_completed,2,0,0.1,0.33810588138888886,,,,
U01862,2024-04-18,paid_search,desktop,free_trial,2024-04-18 01:04:23.892867,2024-04-18 01:26:51.083721,,2024-04-18 01:20:51.083721,2024-04-18,2024-04-20 03:04:44.768226,team_invited,4,0,1.0733035741666668,0.27421968166666666,0.1,49.63157902916667,,
U01863,2024-11-05,paid_search,mobile,freemium,,,,,2024-11-05,,signup,0,0,,,,,,
U01864,2024-05-15,referral,desktop,freemium,2024-05-15 00:06:00.000000,,,,2024-05-15,,email_verified,1,0,0.1,,,,,
U01865,2024-10-31,paid_search,mobile,free_trial,2024-10-31 03:20:52.217041,,,,2024-10-31,,email_verified,1,0,3.3478380669444445,,,,,
U01866,2024-05-27,organic,desktop,freemium,2024-05-27 01:14:28.512860,,,2024-05-27 08:08:17.798473,2024-05-27,,profile_completed,2,0,1.2412535722222222,6.897023781388889,,,,
U01867,2024-02-10,paid_search,mobile,freemium,2024-02-10 00:52:31.436276,,,,2024-02-10,,email_verified,1,0,0.8753989655555555,,,,,
U01868,2024-10-04,paid_search,mobile,freemium,,,,,2024-10-04,,signup,0,0,,,,,,
U01869,2024-01-12,organic,mobile,freemium,,,,,2024-01-12,,signup,0,0,,,,,,
U01870,2024-10-08,organic,mobile,freemium,2024-10-08 00:06:00.000000,,,,2024-10-08,,email_verified,1,0,0.1,,,,,
U01871,2024-01-16,organic,mobile,freemium,,,,,2024-01-16,,signup,0,0,,,,,,
U01872,2024-03-16,organic,desktop,free_trial,2024-03-16 00:06:00.000000,,,,2024-03-16,,email_verified,1,0,0.1,,,,,
U01873,2024-08-08,paid_search,mobile,freemium,2024-08-08 00:06:00.000000,,,,2024-08-08,,email_verified,1,0,0.1,,,,,
U01874,2024-12-09,organic,tablet,free_trial,2024-12-09 00:06:47.348260,,,,2024-12-09,,email_verified,1,0,0.11315229444444444,,,,,
U01875,2024-05-29,paid_search,desktop,free_trial,2024-05-29 00:06:00.000000,2024-05-31 07:16:03.403705,,2024-05-29 00:12:00.000000,2024-05-29,,first_feature_used,3,0,0.1,0.1,55.06761214027778,,,
U01876,2024-02-14,organic,desktop,free_trial,2024-02-14 01:24:23.807262,,,2024-02-14 02:27:21.221500,2024-02-14,,profile_completed,2,0,1.4066131283333334,1.0492817327777777,,,,
U01877,2024-03-26,paid_search,tablet,free_trial,2024-03-26 00:06:00.000000,,,2024-03-26 15:37:05.146314,2024-03-26,,profile_completed,2,0,0.1,15.518096198333332,,,,
U01878,2024-11-23,organic,desktop,freemium,,,,,2024-11-23,,signup,0,0,,,,,,
U01879,2024-09-22,referral,desktop,freemium,2024-09-22 00:06:00.000000,2024-09-22 08:00:35.350134,,2024-09-22 00:12:00.000000,2024-09-22,,first_feature_used,3,0,0.1,0.1,7.809819481666667,,,
U01880,2024-02-06,organic,desktop,free_trial,2024-02-06 02:42:59.636836,2024-02-06 11:46:38.625319,,2024-02-06 08:26:39.442356,2024-02-06,2024-02-18 17:13:46.989790,team_invited,4,0,2.716565787777778,5.727723755555556,3.333106378611111,293.4523234641666,,
U01881,2024-05-20,paid_search,desktop,freemium,2024-05-20 00:06:00.000000,,,,2024-05-20,,email_verified,1,0,0.1,,,,,
U01882,2024-04-06,organic,desktop,free_trial,2024-04-06 00:06:00.000000,,,2024-04-06 00:12:00.000000,2024-04-06,,profile_completed,2,0,0.1,0.1,,,,
U01883,2024-03-05,organic,desktop,freemium,2024-03-05 01:55:49.399103,,,2024-03-06 22:38:35.639023,2024-03-05,,profile_completed,2,0,1.930388639722222,44.71284442222222,,,,
U01884,2024-11-04,paid_search,tablet,free_trial,2024-11-04 01:18:02.406297,2024-11-04 08:37:08.621741,,2024-11-04 08:31:08.621741,2024-11-04,,first_feature_used,3,0,1.3006684158333335,7.218393178888889,0.1,,,
U01885,2024-08-13,referral,desktop,free_trial,2024-08-13 00:06:00.000000,,,2024-08-13 14:07:50.006555,2024-08-13,,profile_completed,2,0,0.1,14.030557376388888,,,,
U01886,2024-03-06,referral,desktop,freemium,2024-03-06 00:44:53.355407,2024-03-06 09:47:38.361587,,2024-03-06 05:00:38.428851,2024-03-06,,first_feature_used,3,0,0.7481542797222223,4.262520401111111,4.783314648888888,,,
U01887,2024-08-25,organic,mobile,free_trial,,,,,2024-08-25,,signup,0,0,,,,,,
U01888,2024-05-30,organic,mobile,free_trial,2024-05-30 00:06:00.000000,,,2024-05-30 11:02:35.137220,2024-05-30,,profile_completed,2,0,0.1,10.943093672222222,,,,
U01889,2024-01-23,paid_search,desktop,free_trial,2024-01-23 00:06:00.000000,2024-01-24 18:35:09.910551,2024-02-07 00:37:49.817355,2024-01-24 18:29:09.910551,2024-01-23,2024-01-31 22:19:10.838965,paid_conversion,5,1,0.1,42.38608626416667,0.1,171.7335912261111,146.31082733055555,360.6305048208333
U01890,2024-06-13,paid_search,desktop,free_trial,2024-06-13 02:19:59.339134,,,,2024-06-13,,email_verified,1,0,2.3331497594444444,,,,,
U01891,2024-03-08,organic,mobile,freemium,2024-03-08 00:40:40.270265,,,2024-03-08 23:16:07.685096,2024-03-08,,profile_completed,2,0,0.677852851388889,22.590948564166666,,,,
U01892,2024-03-30,paid_search,mobile,free_trial,2024-03-30 00:16:47.852186,2024-03-31 19:11:45.528213,,2024-03-30 00:22:47.852186,2024-03-30,,first_feature_used,3,0,0.27995894055555554,0.1,42.81602111861111,,,
U01893,2024-11-16,paid_search,desktop,free_trial,2024-11-16 00:06:00.000000,2024-11-23 19:23:16.614642,,2024-11-16 00:12:00.000000,2024-11-16,,first_feature_used,3,0,0.1,0.1,187.18794851166666,,,
U01894,2024-09-16,paid_search,desktop,freemium,2024-09-16 01:05:57.213936,,,,2024-09-16,,email_verified,1,0,1.0992260933333333,,,,,
U01895,2024-02-18,organic,mobile,freemium,,,,,2024-02-18,,signup,0,0,,,,,,
U01896,2024-11-06,organic,mobile,free_trial,2024-11-06 00:06:00.000000,,,2024-11-06 00:12:00.000000,2024-11-06,,profile_completed,2,0,0.1,0.1,,,,
U01897,2024-07-28,organic,desktop,freemium,2024-07-28 00:22:23.890135,,,,2024-07-28,,email_verified,1,0,0.3733028152777778,,,,,
U01898,2024-11-15,paid_search,mobile,free_trial,2024-11-15 00:06:00.000000,,,2024-11-15 19:42:01.758198,2024-11-15,,profile_completed,2,0,0.1,19.600488388333332,,,,
U01899,2024-09-29,organic,mobile,free_trial,,,,,2024-09-29,,signup,0,0,,,,,,
U01900,2024-05-03,paid_search,mobile,freemium,2024-05-03 05:40:37.005180,,,,2024-05-03,,email_verified,1,0,5.6769458833333335,,,,,
U01901,2024-07-14,paid_search,mobile,free_trial,2024-07-14 00:06:00.000000,,,2024-07-14 08:17:08.797246,2024-07-14,,profile_completed,2,0,0.1,8.185777012777777,,,,
U01902,2024-07-12,paid_search,mobile,free_trial,2024-07-12 00:46:50.301216,,,,2024-07-12,,email_verified,1,0,0.7806392266666666,,,,,
U01903,2024-09-19,organic,desktop,freemium,,,,,2024-09-19,,signup,0,0,,,,,,
U01904,2024-03-31,organic,desktop,freemium,2024-03-31 02:08:59.987971,,,,2024-03-31,,email_verified,1,0,2.149996658611111,,,,,
U01905,2024-05-01,paid_search,mobile,freemium,2024-05-01 06:00:04.746650,,,2024-05-01 18:47:00.883224,2024-05-01,,profile_completed,2,0,6.001318513888889,12.782260159444444,,,,
U01906,2024-03-30,paid_search,mobile,freemium,2024-03-30 00:06:00.000000,,,2024-03-30 00:12:00.000000,2024-03-30,,profile_completed,2,0,0.1,0.1,,,,
U01907,2024-04-18,referral,desktop,free_trial,2024-04-18 00:23:02.334750,,,2024-04-18 00:29:02.334750,2024-04-18,,profile_completed,2,0,0.383981875,0.1,,,,
U01908,2024-02-28,organic,desktop,freemium,,,,,2024-02-28,,signup,0,0,,,,,,
U01909,2024-01-14,referral,mobile,free_trial,,,,,2024-01-14,,signup,0,0,,,,,,
U01910,2024-12-09,organic,mobile,freemium,2024-12-09 00:10:20.345767,,,,2024-12-09,,email_verified,1,0,0.17231826861111113,,,,,
U01911,2024-01-28,organic,desktop,free_trial,2024-01-28 00:06:00.000000,,,,2024-01-28,,email_verified,1,0,0.1,,,,,
U01912,2024-11-20,organic,desktop,free_trial,2024-11-20 00:06:00.000000,2024-11-20 03:33:45.441291,,2024-11-20 00:12:00.000000,2024-11-20,,first_feature_used,3,0,0.1,0.1,3.362622580833333,,,
U01913,2024-01-02,paid_search,desktop,free_trial,2024-01-02 01:43:03.013372,2024-01-02 02:24:55.933118,,2024-01-02 01:49:03.013372,2024-01-02,2024-01-02 02:30:55.933118,team_invited,4,0,1.7175037144444445,0.1,0.5980332627777778,0.1,,
U01914,2024-10-10,organic,tablet,freemium,2024-10-10 00:06:00.000000,,,,2024-10-10,,email_verified,1,0,0.1,,,,,
U01915,2024-04-29,organic,mobile,free_trial,2024-04-29 00:06:00.000000,,,,2024-04-29,,email_verified,1,0,0.1,,,,,
U01916,2024-07-07,paid_search,desktop,freemium,2024-07-07 04:09:11.284535,,,2024-07-07 07:43:27.647200,2024-07-07,,profile_completed,2,0,4.153134593055555,3.571211851388889,,,,
U01917,2024-04-13,paid_search,desktop,freemium,2024-04-13 00:06:00.000000,,,2024-04-13 02:22:46.117541,2024-04-13,,profile_completed,2,0,0.1,2.279477094722222,,,,
U01918,2024-06-28,organic,mobile,freemium,,,,,2024-06-28,,signup,0,0,,,,,,
U01919,2024-06-13,organic,desktop,free_trial,2024-06-13 01:00:53.998329,,,2024-06-13 11:21:22.096053,2024-06-13,,profile_completed,2,0,1.0149995358333332,10.341138256666666,,,,
U01920,2024-07-12,paid_search,tablet,free_trial,2024-07-12 00:06:00.000000,,,2024-07-12 00:12:00.000000,2024-07-12,,profile_completed,2,0,0.1,0.1,,,,
U01921,2024-05-23,organic,desktop,freemium,2024-05-23 00:06:00.000000,,,2024-05-23 00:12:00.000000,2024-05-23,,profile_completed,2,0,0.1,0.1,,,,
U01922,2024-07-14,organic,desktop,freemium,,,,,2024-07-14,,signup,0,0,,,,,,
U01923,2024-10-28,paid_search,desktop,free_trial,2024-10-28 00:06:00.000000,,,,2024-10-28,,email_verified,1,0,0.1,,,,,
U01924,2024-06-07,organic,desktop,freemium,2024-06-07 02:28:45.364132,,,,2024-06-07,,email_verified,1,0,2.4792678144444444,,,,,
U01925,2024-05-11,paid_search,mobile,free_trial,2024-05-11 01:36:15.266117,,,,2024-05-11,,email_verified,1,0,1.6042405880555557,,,,,
U01926,2024-02-18,organic,mobile,free_trial,2024-02-18 01:30:49.552265,,,,2024-02-18,,email_verified,1,0,1.5137645180555557,,,,,
U01927,2024-05-11,organic,desktop,free_trial,2024-05-11 00:18:34.302372,,,2024-05-11 00:24:34.302372,2024-05-11,,profile_completed,2,0,0.3095284366666667,0.1,,,,
U01928,2024-02-15,organic,desktop,free_trial,2024-02-15 02:55:06.265978,,,2024-02-16 14:07:30.678003,2024-02-15,,profile_completed,2,0,2.918407216111111,35.20678111805555,,,,
U01929,2024-03-07,organic,mobile,free_trial,2024-03-07 00:06:00.000000,,,,2024-03-07,,email_verified,1,0,0.1,,,,,
U01930,2024-12-13,organic,mobile,freemium,,,,,2024-12-13,,signup,0,0,,,,,,
U01931,2024-02-02,organic,desktop,free_trial,2024-02-02 00:06:00.000000,,,2024-02-02 00:12:00.000000,2024-02-02,,profile_completed,2,0,0.1,0.1,,,,
U01932,2024-06-24,referral,desktop,freemium,2024-06-24 00:06:00.000000,,,2024-06-24 00:12:00.000000,2024-06-24,,profile_completed,2,0,0.1,0.1,,,,
U01933,2024-10-31,referral,desktop,freemium,2024-10-31 00:06:00.000000,2024-11-01 13:30:37.821536,,2024-10-31 00:12:00.000000,2024-10-31,2024-11-02 08:00:35.126542,team_invited,4,0,0.1,0.1,37.310505982222224,18.499251390555553,,
U01934,2024-12-13,organic,desktop,freemium,2024-12-13 00:06:00.000000,2024-12-14 01:15:38.505679,,2024-12-13 05:33:20.904579,2024-12-13,,first_feature_used,3,0,0.1,5.455806827499999,19.704889194444444,,,
U01935,2024-02-23,paid_search,mobile,free_trial,2024-02-23 02:29:50.661484,,,2024-02-23 20:33:39.747750,2024-02-23,,profile_completed,2,0,2.497405967777778,18.06363507388889,,,,
U01936,2024-02-29,paid_search,desktop,freemium,2024-02-29 01:49:38.217094,,,,2024-02-29,,email_verified,1,0,1.827282526111111,,,,,
U01937,2024-05-15,referral,desktop,free_trial,2024-05-15 00:06:00.000000,2024-05-15 00:18:00.000000,2024-05-22 01:43:59.409164,2024-05-15 00:12:00.000000,2024-05-15,2024-05-15 14:23:40.166746,paid_conversion,5,1,0.1,0.1,0.1,14.09449076277778,155.33867844944444,169.7331692122222
U01938,2024-07-21,organic,mobile,freemium,2024-07-21 00:06:00.000000,2024-07-21 21:49:24.311460,,2024-07-21 21:43:24.311460,2024-07-21,,first_feature_used,3,0,0.1,21.623419849999998,0.1,,,
U01939,2024-12-16,organic,desktop,free_trial,2024-12-16 02:28:01.388454,,,2024-12-16 14:05:13.999032,2024-12-16,,profile_completed,2,0,2.467052348333333,11.620169605,,,,
U01940,2024-03-16,organic,desktop,freemium,2024-03-16 00:06:00.000000,,,,2024-03-16,,email_verified,1,0,0.1,,,,,
U01941,2024-03-01,organic,desktop,free_trial,2024-03-01 00:27:42.696749,2024-03-01 21:01:06.551468,,2024-03-01 20:55:06.551468,2024-03-01,,first_feature_used,3,0,0.46186020805555555,20.456626310833332,0.1,,,
U01942,2024-04-02,organic,tablet,freemium,,,,,2024-04-02,,signup,0,0,,,,,,
U01943,2024-11-15,referral,mobile,free_trial,2024-11-15 00:44:44.114896,,,,2024-11-15,,email_verified,1,0,0.7455874711111111,,,,,
U01944,2024-01-11,referral,desktop,free_trial,2024-01-11 00:59:26.906044,,,2024-01-11 04:04:56.247751,2024-01-11,,profile_completed,2,0,0.9908072344444444,3.0914838075,,,,
U01945,2024-05-18,organic,mobile,freemium,,,,,2024-05-18,,signup,0,0,,,,,,
U01946,2024-02-13,paid_search,desktop,free_trial,2024-02-13 03:50:46.436605,,,2024-02-13 10:24:28.508601,2024-02-13,,profile_completed,2,0,3.846232390277778,6.5616866655555555,,,,
U01947,2024-02-27,organic,desktop,freemium,2024-02-27 03:57:11.682357,2024-02-29 01:34:31.811635,,2024-02-27 18:21:09.209019,2024-02-27,2024-03-02 15:22:15.961148,team_invited,4,0,3.9532450991666668,14.399312961666666,31.222945171111114,61.79559708694445,,
U01948,2024-11-30,paid_search,desktop,freemium,2024-11-30 00:06:00.000000,,,2024-11-30 04:52:03.813987,2024-11-30,,profile_completed,2,0,0.1,4.767726107500001,,,,
U01949,2024-01-01,paid_search,desktop,freemium,2024-01-01 00:06:00.000000,,,,2024-01-01,,email_verified,1,0,0.1,,,,,
U01950,2024-04-27,organic,desktop,freemium,2024-04-27 00:06:00.000000,,,2024-04-27 08:08:29.367683,2024-04-27,,profile_completed,2,0,0.1,8.041491023055556,,,,
U01951,2024-11-30,referral,tablet,freemium,2024-11-30 00:06:00.000000,,,,2024-11-30,,email_verified,1,0,0.1,,,,,
U01952,2024-08-09,referral,desktop,freemium,2024-08-09 00:06:00.000000,,,2024-08-09 17:04:41.712544,2024-08-09,,profile_completed,2,0,0.1,16.978253484444444,,,,
U01953,2024-01-27,paid_search,mobile,free_trial,2024-01-27 03:10:09.154058,2024-01-29 19:42:10.664548,,2024-01-28 03:04:42.674064,2024-01-27,,first_feature_used,3,0,3.1692094605555554,23.90931111277778,40.62444180111111,,,
U01954,2024-06-18,paid_search,mobile,freemium,,,,,2024-06-18,,signup,0,0,,,,,,
U01955,2024-12-20,paid_search,desktop,freemium,2024-12-20 01:24:39.767878,,,,2024-12-20,,email_verified,1,0,1.4110466327777778,,,,,
U01956,2024-05-26,organic,desktop,free_trial,2024-05-26 00:06:00.000000,,,2024-05-26 11:58:49.434255,2024-05-26,,profile_completed,2,0,0.1,11.880398404166666,,,,
U01957,2024-07-11,organic,desktop,free_trial,2024-07-11 01:39:59.593507,2024-07-12 18:12:12.793229,,2024-07-11 01:45:59.593507,2024-07-11,2024-07-12 18:18:12.793229,team_invited,4,0,1.6665537519444444,0.1,40.43699992277777,0.1,,
U01958,2024-07-13,paid_search,desktop,free_trial,2024-07-13 00:06:00.000000,,,2024-07-13 00:12:00.000000,2024-07-13,,profile_completed,2,0,0.1,0.1,,,,
U01959,2024-08-29,organic,desktop,freemium,2024-08-29 00:06:00.000000,,,2024-08-29 12:22:30.035801,2024-08-29,,profile_completed,2,0,0.1,12.275009944722221,,,,
U01960,2024-03-09,referral,tablet,free_trial,2024-03-09 00:06:00.000000,,,,2024-03-09,,email_verified,1,0,0.1,,,,,
U01961,2024-11-02,organic,mobile,freemium,2024-11-02 00:06:00.000000,,,,2024-11-02,,email_verified,1,0,0.1,,,,,
U01962,2024-12-26,organic,desktop,freemium,2024-12-26 01:35:47.612941,2024-12-28 03:58:53.729928,,2024-12-26 01:41:47.612941,2024-12-26,2024-12-31 20:15:41.937037,team_invited,4,0,1.5965591502777778,0.1,50.28503249638889,88.28005753027779,,
U01963,2024-02-22,organic,desktop,freemium,,,,,2024-02-22,,signup,0,0,,,,,,
U01964,2024-10-25,referral,desktop,free_trial,2024-10-25 00:06:00.000000,2024-10-26 13:30:36.785259,2024-11-14 05:02:31.801940,2024-10-25 15:46:30.971174,2024-10-25,2024-11-02 20:12:18.606015,paid_conversion,5,1,0.1,15.675269770555555,21.734948356944447,174.69495021,272.83699886805556,485.04216720555553
U01965,2024-10-25,organic,tablet,freemium,2024-10-25 02:10:52.223056,,,2024-10-25 15:34:25.976567,2024-10-25,,profile_completed,2,0,2.181173071111111,13.392709308611112,,,,
U01966,2024-09-27,organic,desktop,freemium,2024-09-27 01:34:50.324788,2024-10-02 11:48:31.212674,,2024-09-27 02:18:52.167794,2024-09-27,,first_feature_used,3,0,1.5806457744444444,0.7338452794444444,129.49417913333335,,,
U01967,2024-05-15,organic,desktop,free_trial,2024-05-15 03:23:20.149631,,,,2024-05-15,,email_verified,1,0,3.3889304530555555,,,,,
U01968,2024-06-20,paid_search,mobile,free_trial,2024-06-20 04:35:16.340989,,,,2024-06-20,,email_verified,1,0,4.587872496944445,,,,,
U01969,2024-11-02,referral,desktop,free_trial,2024-11-02 00:06:00.000000,,,2024-11-02 11:16:07.582789,2024-11-02,,profile_completed,2,0,0.1,11.168772996944444,,,,
U01970,2024-02-25,organic,desktop,freemium,2024-02-25 01:06:45.961257,2024-02-28 14:29:06.160082,,2024-02-25 04:28:50.857752,2024-02-25,,first_feature_used,3,0,1.1127670158333334,3.368026804166667,82.00425064722222,,,
U01971,2024-10-29,referral,mobile,free_trial,2024-10-29 00:06:00.000000,,,,2024-10-29,,email_verified,1,0,0.1,,,,,
U01972,2024-12-02,organic,desktop,free_trial,2024-12-02 03:32:02.467674,2024-12-02 10:00:32.527677,,2024-12-02 09:54:32.527677,2024-12-02,,first_feature_used,3,0,3.5340187983333333,6.3750166675,0.1,,,
U01973,2024-09-05,paid_search,desktop,free_trial,2024-09-05 00:06:00.000000,2024-09-06 04:21:12.381876,,2024-09-05 09:16:05.637345,2024-09-05,,first_feature_used,3,0,0.1,9.168232595833334,19.085206814166668,,,
U01974,2024-05-04,organic,desktop,free_trial,2024-05-04 01:44:45.049474,2024-05-04 14:39:26.322306,,2024-05-04 14:33:26.322306,2024-05-04,,first_feature_used,3,0,1.7458470761111111,12.811464675555555,0.1,,,
U01975,2024-07-23,paid_search,desktop,free_trial,2024-07-23 00:06:00.000000,2024-07-26 01:20:38.966358,2024-08-05 00:19:38.284339,2024-07-23 16:32:25.636878,2024-07-23,2024-07-30 01:14:37.385121,paid_conversion,5,1,0.1,16.440454688333332,56.80370263333333,95.89956076749999,143.0835831161111,312.32730120527776
U01976,2024-01-19,paid_search,tablet,freemium,2024-01-19 00:06:00.000000,2024-01-20 06:52:25.864543,,2024-01-19 07:05:08.245583,2024-01-19,,first_feature_used,3,0,0.1,6.985623773055556,23.78822748888889,,,
U01977,2024-12-06,paid_search,desktop,free_trial,2024-12-06 01:23:20.294025,,,2024-12-06 01:29:20.294025,2024-12-06,,profile_completed,2,0,1.3889705625,0.1,,,,
U01978,2024-05-04,organic,mobile,freemium,,,,,2024-05-04,,signup,0,0,,,,,,
U01979,2024-01-21,referral,desktop,free_trial,2024-01-21 00:06:00.000000,,,2024-01-21 00:12:00.000000,2024-01-21,,profile_completed,2,0,0.1,0.1,,,,
U01980,2024-10-16,referral,mobile,free_trial,2024-10-16 00:06:00.000000,2024-10-16 07:56:36.013377,,2024-10-16 07:50:36.013377,2024-10-16,2024-10-17 03:26:18.680861,team_invited,4,0,0.1,7.743337049166667,0.1,19.495185412222224,,
U01981,2024-08-28,paid_search,tablet,freemium,2024-08-28 00:06:00.000000,2024-08-29 00:47:23.147055,,2024-08-28 04:29:28.267497,2024-08-28,2024-08-30 19:34:48.163666,team_invited,4,0,0.1,4.391185415833333,20.298577655,42.790282391944444,,
U01982,2024-08-15,paid_search,desktop,freemium,,,,,2024-08-15,,signup,0,0,,,,,,
U01983,2024-01-20,paid_search,tablet,freemium,2024-01-20 00:06:00.000000,,,2024-01-20 00:20:57.768977,2024-01-20,,profile_completed,2,0,0.1,0.24938027138888888,,,,
U01984,2024-10-01,organic,mobile,free_trial,,,,,2024-10-01,,signup,0,0,,,,,,
U01985,2024-08-20,referral,mobile,free_trial,2024-08-20 00:06:00.000000,2024-08-24 01:23:33.989241,,2024-08-20 00:12:00.000000,2024-08-20,,first_feature_used,3,0,0.1,0.1,97.19277478916666,,,
U01986,2024-10-16,organic,desktop,freemium,2024-10-16 00:06:00.000000,2024-10-18 16:11:51.261630,2024-10-19 08:26:44.340408,2024-10-16 00:12:00.000000,2024-10-16,2024-10-18 16:17:51.261630,paid_conversion,5,1,0.1,0.1,63.997572675,0.1,16.148077438333335,80.44565011333333
U01987,2024-10-28,paid_search,mobile,free_trial,2024-10-28 02:50:54.859725,2024-10-30 22:05:36.428196,,2024-10-28 02:56:54.859725,2024-10-28,,first_feature_used,3,0,2.8485721458333333,0.1,67.14488013083333,,,
U01988,2024-03-18,organic,desktop,freemium,2024-03-18 00:06:00.000000,,,2024-03-18 03:21:16.477407,2024-03-18,,profile_completed,2,0,0.1,3.2545770575,,,,
U01989,2024-03-17,organic,tablet,free_trial,2024-03-17 01:26:26.201832,,,,2024-03-17,,email_verified,1,0,1.4406116199999999,,,,,
U01990,2024-12-03,paid_search,tablet,free_trial,2024-12-03 01:55:07.904713,,,2024-12-03 02:01:07.904713,2024-12-03,,profile_completed,2,0,1.9188624202777778,0.1,,,,
U01991,2024-07-12,paid_search,desktop,freemium,,,,,2024-07-12,,signup,0,0,,,,,,
U01992,2024-06-08,referral,tablet,freemium,2024-06-08 02:23:14.707233,2024-06-10 19:45:10.167147,,2024-06-08 17:36:17.087212,2024-06-08,,first_feature_used,3,0,2.387418675833333,15.217327771944444,50.14807775972222,,,
U01993,2024-04-14,referral,mobile,freemium,,,,,2024-04-14,,signup,0,0,,,,,,
U01994,2024-08-21,organic,desktop,freemium,,,,,2024-08-21,,signup,0,0,,,,,,
U01995,2024-10-02,organic,desktop,free_trial,2024-10-02 03:17:43.819229,,,,2024-10-02,,email_verified,1,0,3.295505341388889,,,,,
U01996,2024-01-01,organic,desktop,freemium,,,,,2024-01-01,,signup,0,0,,,,,,
U01997,2024-07-20,paid_search,desktop,freemium,,,,,2024-07-20,,signup,0,0,,,,,,
U01998,2024-12-28,paid_search,desktop,free_trial,2024-12-28 02:41:50.345950,,,,2024-12-28,,email_verified,1,0,2.697318319444445,,,,,
U01999,2024-04-12,referral,tablet,free_trial,2024-04-12 00:36:08.884980,2024-04-12 11:55:11.765265,,2024-04-12 11:35:37.414188,2024-04-12,,first_feature_used,3,0,0.6024680499999999,10.991258113333334,0.3262086325,,,
U02000,2024-04-12,paid_search,desktop,freemium,2024-04-12 04:47:22.945180,,,,2024-04-12,,email_verified,1,0,4.789706994444444,,,,,
U02001,2024-11-16,organic,mobile,free_trial,2024-11-16 00:06:00.000000,,,,2024-11-16,,email_verified,1,0,0.1,,,,,
U02002,2024-01-23,paid_search,mobile,freemium,,,,,2024-01-23,,signup,0,0,,,,,,
U02003,2024-05-25,paid_search,mobile,free_trial,2024-05-25 00:42:53.994734,2024-05-25 00:54:53.994734,,2024-05-25 00:48:53.994734,2024-05-25,,first_feature_used,3,0,0.7149985372222222,0.1,0.1,,,
U02004,2024-06-16,paid_search,desktop,freemium,,,,,2024-06-16,,signup,0,0,,,,,,
U02005,2024-10-18,organic,desktop,freemium,2024-10-18 00:06:00.000000,,,2024-10-18 00:12:00.000000,2024-10-18,,profile_completed,2,0,0.1,0.1,,,,
U02006,2024-02-17,organic,mobile,freemium,,,,,2024-02-17,,signup,0,0,,,,,,
U02007,2024-06-07,organic,desktop,freemium,2024-06-07 00:06:00.000000,2024-06-08 19:05:32.969865,,2024-06-07 00:12:00.000000,2024-06-07,2024-06-08 19:11:32.969865,team_invited,4,0,0.1,0.1,42.89249162916666,0.1,,
U02008,2024-02-25,organic,desktop,free_trial,2024-02-25 00:06:00.000000,,,2024-02-25 06:24:00.186557,2024-02-25,,profile_completed,2,0,0.1,6.300051821388889,,,,
U02009,2024-10-14,paid_search,mobile,freemium,2024-10-14 00:06:00.000000,,,,2024-10-14,,email_verified,1,0,0.1,,,,,
U02010,2024-08-18,organic,desktop,freemium,2024-08-18 00:12:57.988756,,,2024-08-18 00:18:57.988756,2024-08-18,,profile_completed,2,0,0.21610798777777776,0.1,,,,
U02011,2024-06-30,paid_search,desktop,freemium,2024-06-30 00:23:01.223232,,,2024-06-30 02:52:47.133751,2024-06-30,,profile_completed,2,0,0.38367312000000003,2.4960862552777776,,,,
U02012,2024-05-23,paid_search,desktop,freemium,2024-05-23 00:06:00.000000,,,,2024-05-23,,email_verified,1,0,0.1,,,,,
U02013,2024-02-25,referral,desktop,freemium,,,,,2024-02-25,,signup,0,0,,,,,,
U02014,2024-12-02,organic,mobile,freemium,2024-12-02 01:07:20.532958,,,,2024-12-02,,email_verified,1,0,1.122370266111111,,,,,
U02015,2024-08-24,organic,desktop,freemium,,,,,2024-08-24,,signup,0,0,,,,,,
U02016,2024-04-26,organic,tablet,freemium,,,,,2024-04-26,,signup,0,0,,,,,,
U02017,2024-05-31,organic,mobile,freemium,2024-05-31 00:06:00.000000,,,,2024-05-31,,email_verified,1,0,0.1,,,,,
U02018,2024-09-22,organic,desktop,free_trial,,,,,2024-09-22,,signup,0,0,,,,,,
U02019,2024-09-19,paid_search,desktop,free_trial,2024-09-19 01:06:37.080074,,,2024-09-19 08:27:03.623350,2024-09-19,,profile_completed,2,0,1.1103000205555555,7.340706465555556,,,,
U02020,2024-06-17,organic,desktop,freemium,2024-06-17 00:06:00.000000,,,,2024-06-17,,email_verified,1,0,0.1,,,,,
U02021,2024-04-20,organic,tablet,free_trial,2024-04-20 00:06:00.000000,,,2024-04-20 00:12:00.000000,2024-04-20,,profile_completed,2,0,0.1,0.1,,,,
U02022,2024-08-28,organic,mobile,free_trial,2024-08-28 00:06:00.000000,,,,2024-08-28,,email_verified,1,0,0.1,,,,,
U02023,2024-08-28,paid_search,desktop,free_trial,2024-08-28 00:06:00.000000,,,2024-08-28 00:12:00.000000,2024-08-28,,profile_completed,2,0,0.1,0.1,,,,
U02024,2024-08-06,referral,desktop,freemium,2024-08-06 00:08:35.786840,2024-08-09 02:17:12.456689,,2024-08-06 01:54:38.386739,2024-08-06,,first_feature_used,3,0,0.14327412222222222,1.7673888608333332,72.37613054166667,,,
U02025,2024-01-27,paid_search,desktop,freemium,2024-01-27 00:59:01.280948,2024-01-29 02:06:41.652953,,2024-01-27 01:05:01.280948,2024-01-27,,first_feature_used,3,0,0.9836891522222222,0.1,49.027881112500005,,,
U02026,2024-06-21,paid_search,desktop,freemium,2024-06-21 00:06:00.000000,2024-06-21 00:18:00.000000,,2024-06-21 00:12:00.000000,2024-06-21,2024-06-22 22:06:03.543491,team_invited,4,0,0.1,0.1,0.1,45.80098430305555,,
U02027,2024-08-12,paid_search,desktop,freemium,2024-08-12 00:06:00.000000,,,,2024-08-12,,email_verified,1,0,0.1,,,,,
U02028,2024-12-12,paid_search,desktop,freemium,2024-12-12 03:21:42.373098,,,,2024-12-12,,email_verified,1,0,3.361770305,,,,,
U02029,2024-07-10,organic,mobile,free_trial,2024-07-10 00:12:07.450826,,,,2024-07-10,,email_verified,1,0,0.20206967388888888,,,,,
U02030,2024-05-05,paid_search,desktop,free_trial,2024-05-05 00:26:51.398525,2024-05-05 09:29:08.044235,,2024-05-05 09:23:08.044235,2024-05-05,,first_feature_used,3,0,0.4476107013888889,8.937957141666667,0.1,,,
U02031,2024-07-21,paid_search,desktop,free_trial,2024-07-21 00:40:09.853019,,,2024-07-21 16:21:51.616218,2024-07-21,,profile_completed,2,0,0.6694036163888889,15.694934221944445,,,,
U02032,2024-03-05,organic,mobile,free_trial,2024-03-05 01:47:04.510266,,,,2024-03-05,,email_verified,1,0,1.784586185,,,,,
U02033,2024-02-03,paid_search,tablet,freemium,2024-02-03 00:06:00.000000,,,2024-02-03 00:12:00.000000,2024-02-03,,profile_completed,2,0,0.1,0.1,,,,
U02034,2024-09-04,paid_search,desktop,free_trial,2024-09-04 01:56:27.694571,2024-09-05 13:31:30.356915,,2024-09-04 15:50:02.925409,2024-09-04,,first_feature_used,3,0,1.9410262697222223,13.893119677222224,21.69095319611111,,,
U02035,2024-12-25,paid_search,tablet,freemium,2024-12-25 01:37:10.295220,2024-12-25 01:49:10.295220,,2024-12-25 01:43:10.295220,2024-12-25,,first_feature_used,3,0,1.61952645,0.1,0.1,,,
U02036,2024-11-04,organic,desktop,freemium,,,,,2024-11-04,,signup,0,0,,,,,,
U02037,2024-08-01,paid_search,mobile,free_trial,2024-08-01 01:43:36.763088,,,2024-08-01 16:58:24.772393,2024-08-01,,profile_completed,2,0,1.7268786355555554,15.246669251388889,,,,
U02038,2024-01-15,referral,desktop,freemium,2024-01-15 00:06:00.000000,,,,2024-01-15,,email_verified,1,0,0.1,,,,,
U02039,2024-12-26,organic,mobile,freemium,,,,,2024-12-26,,signup,0,0,,,,,,
U02040,2024-06-13,organic,desktop,freemium,2024-06-13 01:30:30.501831,,,2024-06-13 01:36:30.501831,2024-06-13,,profile_completed,2,0,1.5084727308333332,0.1,,,,
U02041,2024-04-15,organic,tablet,freemium,2024-04-15 00:06:00.000000,,,,2024-04-15,,email_verified,1,0,0.1,,,,,
U02042,2024-11-21,organic,tablet,freemium,2024-11-21 00:06:00.000000,2024-11-22 14:06:15.583304,,2024-11-21 00:12:00.000000,2024-11-21,2024-11-29 17:02:13.015944,team_invited,4,0,0.1,0.1,37.904328695555556,170.93262017777778,,
U02043,2024-09-29,referral,desktop,freemium,2024-09-29 01:33:02.864293,,,2024-09-29 04:06:24.871979,2024-09-29,,profile_completed,2,0,1.5507956369444444,2.5561132461111113,,,,
U02044,2024-09-30,paid_search,desktop,freemium,2024-09-30 01:38:15.969820,,,,2024-09-30,,email_verified,1,0,1.6377693944444445,,,,,
U02045,2024-04-11,organic,desktop,free_trial,2024-04-11 01:52:19.046059,,,,2024-04-11,,email_verified,1,0,1.8719572386111112,,,,,
U02046,2024-12-28,organic,desktop,freemium,2024-12-28 01:19:32.508638,,,,2024-12-28,,email_verified,1,0,1.325696843888889,,,,,
U02047,2024-06-14,referral,mobile,free_trial,2024-06-14 00:06:00.000000,,,,2024-06-14,,email_verified,1,0,0.1,,,,,
U02048,2024-07-12,organic,mobile,free_trial,,,,,2024-07-12,,signup,0,0,,,,,,
U02049,2024-10-01,paid_search,desktop,free_trial,2024-10-01 00:25:51.721711,2024-10-01 22:55:16.188555,,2024-10-01 19:10:19.080723,2024-10-01,,first_feature_used,3,0,0.43103380861111107,18.74093305888889,3.7491966199999998,,,
U02050,2024-08-28,organic,desktop,free_trial,2024-08-28 00:06:00.000000,2024-08-28 20:06:52.259415,,2024-08-28 11:26:41.634258,2024-08-28,2024-08-29 12:22:17.678878,team_invited,4,0,0.1,11.344898405,8.669618099166666,16.257060961944443,,
U02051,2024-03-03,organic,tablet,free_trial,2024-03-03 01:01:36.190447,,,,2024-03-03,,email_verified,1,0,1.026719568611111,,,,,
U02052,2024-04-20,paid_search,desktop,free_trial,2024-04-20 00:06:00.000000,,,2024-04-20 12:44:18.551926,2024-04-20,,profile_completed,2,0,0.1,12.638486646111112,,,,
U02053,2024-05-11,organic,mobile,free_trial,2024-05-11 01:28:27.027796,2024-05-12 22:15:59.766851,,2024-05-11 01:34:27.027796,2024-05-11,2024-05-17 18:17:35.700239,team_invited,4,0,1.4741743877777778,0.1,44.69242751527778,116.02664816333333,,
U02054,2024-12-11,paid_search,desktop,freemium,2024-12-11 03:44:24.783745,,,2024-12-12 00:08:02.302009,2024-12-11,,profile_completed,2,0,3.7402177069444447,20.393755073333335,,,,
U02055,2024-09-17,organic,desktop,freemium,,,,,2024-09-17,,signup,0,0,,,,,,
U02056,2024-05-13,paid_search,desktop,freemium,,,,,2024-05-13,,signup,0,0,,,,,,
U02057,2024-09-25,paid_search,desktop,free_trial,2024-09-25 00:19:00.457249,2024-09-25 00:31:00.457249,,2024-09-25 00:25:00.457249,2024-09-25,,first_feature_used,3,0,0.31679368027777777,0.1,0.1,,,
U02058,2024-09-26,paid_search,mobile,freemium,,,,,2024-09-26,,signup,0,0,,,,,,
U02059,2024-05-23,organic,desktop,free_trial,2024-05-23 02:50:13.645627,,,,2024-05-23,,email_verified,1,0,2.8371237852777775,,,,,
U02060,2024-05-27,paid_search,mobile,free_trial,,,,,2024-05-27,,signup,0,0,,,,,,
U02061,2024-11-22,referral,mobile,free_trial,2024-11-22 00:06:00.000000,,,2024-11-22 00:12:00.000000,2024-11-22,,profile_completed,2,0,0.1,0.1,,,,
U02062,2024-07-24,organic,desktop,freemium,2024-07-24 01:57:25.290721,,,,2024-07-24,,email_verified,1,0,1.957025200277778,,,,,
U02063,2024-02-24,organic,desktop,freemium,2024-02-24 00:06:00.000000,,,,2024-02-24,,email_verified,1,0,0.1,,,,,
U02064,2024-09-19,referral,mobile,freemium,2024-09-19 00:06:00.000000,2024-09-19 00:44:11.119170,2024-09-26 17:25:29.310115,2024-09-19 00:12:00.000000,2024-09-19,2024-09-26 17:19:29.310115,paid_conversion,5,1,0.1,0.1,0.5364219916666666,184.58838637361112,0.1,185.42480836527778
U02065,2024-08-03,organic,mobile,freemium,2024-08-03 00:10:00.685365,,,,2024-08-03,,email_verified,1,0,0.16685704583333336,,,,,
U02066,2024-07-04,paid_search,desktop,free_trial,2024-07-04 03:17:43.710225,2024-07-07 16:05:13.678530,,2024-07-04 07:32:31.455002,2024-07-04,,first_feature_used,3,0,3.2954750625,4.246595771388889,80.5450620911111,,,
U02067,2024-09-21,paid_search,desktop,freemium,2024-09-21 02:04:48.219714,2024-09-22 11:05:06.994410,,2024-09-22 04:58:01.629105,2024-09-21,,first_feature_used,3,0,2.080061031666667,26.887058164166664,6.1181570291666665,,,
U02068,2024-11-27,organic,mobile,free_trial,2024-11-27 00:06:00.000000,,,,2024-11-27,,email_verified,1,0,0.1,,,,,
U02069,2024-04-30,paid_search,desktop,free_trial,2024-04-30 00:06:00.000000,2024-04-30 00:18:00.000000,,2024-04-30 00:12:00.000000,2024-04-30,,first_feature_used,3,0,0.1,0.1,0.1,,,
U02070,2024-06-02,paid_search,mobile,freemium,2024-06-02 00:06:00.000000,,,,2024-06-02,,email_verified,1,0,0.1,,,,,
U02071,2024-03-10,organic,desktop,freemium,,,,,2024-03-10,,signup,0,0,,,,,,
U02072,2024-08-24,referral,mobile,free_trial,2024-08-24 00:06:00.000000,2024-08-24 17:54:37.400678,,2024-08-24 17:48:37.400678,2024-08-24,2024-08-24 18:00:37.400678,team_invited,4,0,0.1,17.71038907722222,0.1,0.1,,
U02073,2024-05-26,organic,desktop,free_trial,2024-05-26 00:06:00.000000,2024-05-27 12:04:48.237783,,2024-05-26 09:19:41.881475,2024-05-26,,first_feature_used,3,0,0.1,9.228300409722223,26.751765641111113,,,
U02074,2024-05-04,organic,mobile,free_trial,2024-05-04 00:06:00.000000,2024-05-04 05:02:15.219912,,2024-05-04 04:56:15.219912,2024-05-04,,first_feature_used,3,0,0.1,4.837561086666667,0.1,,,
U02075,2024-09-11,referral,desktop,free_trial,2024-09-11 00:24:25.697097,2024-09-15 15:39:21.090237,2024-09-28 22:32:16.674169,2024-09-11 00:30:25.697097,2024-09-11,2024-09-25 15:22:52.220541,paid_conversion,5,1,0.4071380825,0.1,111.14872031666667,239.72531397333333,79.15679267444445,430.53796504694446
U02076,2024-05-28,organic,desktop,free_trial,2024-05-28 02:30:25.036838,2024-05-28 03:52:20.234967,,2024-05-28 02:36:25.036838,2024-05-28,,first_feature_used,3,0,2.506954677222222,0.1,1.2653328136111113,,,
U02077,2024-06-18,referral,desktop,freemium,2024-06-18 04:14:47.648245,,,,2024-06-18,,email_verified,1,0,4.2465689569444445,,,,,
U02078,2024-06-09,organic,mobile,free_trial,2024-06-09 00:33:46.084714,,,,2024-06-09,,email_verified,1,0,0.5628013094444445,,,,,
U02079,2024-04-04,paid_search,desktop,free_trial,,,,,2024-04-04,,signup,0,0,,,,,,
U02080,2024-02-15,organic,desktop,free_trial,2024-02-15 00:14:11.580080,,,,2024-02-15,,email_verified,1,0,0.2365500222222222,,,,,
U02081,2024-10-28,paid_search,mobile,freemium,,,,,2024-10-28,,signup,0,0,,,,,,
U02082,2024-02-03,paid_search,desktop,free_trial,2024-02-03 00:06:00.000000,2024-02-04 06:20:14.689285,,2024-02-03 03:11:08.597053,2024-02-03,2024-02-04 06:26:14.689285,team_invited,4,0,0.1,3.085721403611111,27.151692286666666,0.1,,
U02083,2024-04-28,referral,desktop,free_trial,2024-04-28 00:48:54.008312,2024-04-28 01:00:54.008312,,2024-04-28 00:54:54.008312,2024-04-28,,first_feature_used,3,0,0.8150023088888889,0.1,0.1,,,
U02084,2024-08-31,referral,mobile,freemium,,,,,2024-08-31,,signup,0,0,,,,,,
U02085,2024-02-17,paid_search,mobile,freemium,,,,,2024-02-17,,signup,0,0,,,,,,
U02086,2024-08-27,paid_search,mobile,free_trial,,,,,2024-08-27,,signup,0,0,,,,,,
U02087,2024-09-24,paid_search,desktop,freemium,2024-09-24 01:27:28.874078,,,2024-09-24 02:54:20.576391,2024-09-24,,profile_completed,2,0,1.4580205772222221,1.4476950869444445,,,,
U02088,2024-08-29,referral,desktop,free_trial,2024-08-29 00:06:00.000000,2024-08-29 21:52:10.716751,,2024-08-29 00:12:00.000000,2024-08-29,,first_feature_used,3,0,0.1,0.1,21.669643541944446,,,
U02089,2024-04-21,paid_search,mobile,freemium,,,,,2024-04-21,,signup,0,0,,,,,,
U02090,2024-01-08,referral,desktop,free_trial,2024-01-08 02:39:12.819383,2024-01-08 10:57:16.126033,,2024-01-08 05:45:37.045675,2024-01-08,2024-01-12 08:29:46.051968,team_invited,4,0,2.6535609397222224,3.1067295255555556,5.194188988333333,93.54164609305556,,
U02091,2024-11-19,organic,mobile,freemium,,,,,2024-11-19,,signup,0,0,,,,,,
U02092,2024-04-29,paid_search,desktop,freemium,,,,,2024-04-29,,signup,0,0,,,,,,
U02093,2024-10-20,paid_search,tablet,freemium,2024-10-20 00:06:00.000000,,,2024-10-20 01:15:33.039712,2024-10-20,,profile_completed,2,0,0.1,1.1591776977777777,,,,
U02094,2024-03-13,organic,mobile,freemium,,,,,2024-03-13,,signup,0,0,,,,,,
U02095,2024-02-29,organic,desktop,free_trial,2024-02-29 00:06:00.000000,2024-02-29 00:18:00.000000,,2024-02-29 00:12:00.000000,2024-02-29,,first_feature_used,3,0,0.1,0.1,0.1,,,
U02096,2024-10-11,referral,desktop,freemium,,,,,2024-10-11,,signup,0,0,,,,,,
U02097,2024-12-09,organic,desktop,free_trial,2024-12-09 02:38:35.901712,,,2024-12-09 16:43:28.569466,2024-12-09,,profile_completed,2,0,2.6433060311111114,14.081296598333333,,,,
U02098,2024-11-10,organic,desktop,free_trial,2024-11-10 02:04:54.189395,2024-11-14 11:44:45.553256,2024-11-22 02:56:27.769431,2024-11-10 02:10:54.189395,2024-11-10,2024-11-16 12:58:15.612749,paid_conversion,5,1,2.0817192763888888,0.1,105.56426773916667,49.22501652583333,133.97004352277776,290.94104706416664
U02099,2024-10-01,organic,mobile,free_trial,2024-10-01 00:06:00.000000,,,,2024-10-01,,email_verified,1,0,0.1,,,,,
U02100,2024-03-31,organic,desktop,freemium,,,,,2024-03-31,,signup,0,0,,,,,,
U02101,2024-11-29,paid_search,desktop,freemium,,,,,2024-11-29,,signup,0,0,,,,,,
U02102,2024-08-31,referral,desktop,freemium,2024-08-31 03:34:23.951922,2024-08-31 14:51:20.266646,,2024-08-31 14:45:20.266646,2024-08-31,2024-09-10 13:09:49.258856,team_invited,4,0,3.5733199783333336,11.182309645555556,0.1,238.30805339166668,,
U02103,2024-03-03,referral,mobile,freemium,2024-03-03 00:06:00.000000,,,,2024-03-03,,email_verified,1,0,0.1,,,,,
U02104,2024-02-17,paid_search,desktop,freemium,,,,,2024-02-17,,signup,0,0,,,,,,
U02105,2024-11-13,paid_search,desktop,freemium,2024-11-13 00:06:00.000000,2024-11-13 00:18:00.000000,2024-11-21 08:57:47.742738,2024-11-13 00:12:00.000000,2024-11-13,2024-11-14 13:02:07.906673,paid_conversion,5,1,0.1,0.1,0.1,36.735529631388886,163.92773224027778,200.96326187166667
U02106,2024-04-10,organic,tablet,freemium,2024-04-10 00:32:47.156462,2024-04-13 08:55:30.275179,,2024-04-10 21:51:13.811417,2024-04-10,,first_feature_used,3,0,0.5464323505555555,21.30740415416667,59.07123993388889,,,
U02107,2024-10-06,referral,desktop,free_trial,2024-10-06 00:06:00.000000,2024-10-06 09:54:11.638159,,2024-10-06 00:22:15.942214,2024-10-06,,first_feature_used,3,0,0.1,0.27109505944444445,9.5321377625,,,
U02108,2024-02-20,organic,desktop,free_trial,2024-02-20 00:06:00.000000,,,2024-02-20 05:17:13.333999,2024-02-20,,profile_completed,2,0,0.1,5.187037221944444,,,,
U02109,2024-04-12,organic,tablet,freemium,2024-04-12 01:06:47.983466,,,,2024-04-12,,email_verified,1,0,1.1133287405555556,,,,,
U02110,2024-04-13,referral,desktop,freemium,,,,,2024-04-13,,signup,0,0,,,,,,
U02111,2024-04-12,referral,tablet,free_trial,2024-04-12 03:26:28.793250,2024-04-12 03:38:28.793250,,2024-04-12 03:32:28.793250,2024-04-12,,first_feature_used,3,0,3.4413314583333334,0.1,0.1,,,
U02112,2024-09-03,organic,mobile,free_trial,2024-09-03 02:19:59.642868,,,2024-09-03 16:28:10.170867,2024-09-03,,profile_completed,2,0,2.33323413,14.1362577775,,,,
U02113,2024-11-29,paid_search,mobile,free_trial,2024-11-29 01:50:52.131322,,,2024-11-29 01:56:52.131322,2024-11-29,,profile_completed,2,0,1.847814256111111,0.1,,,,
U02114,2024-11-28,paid_search,desktop,free_trial,2024-11-28 00:41:47.400815,,,2024-11-28 14:26:18.279946,2024-11-28,,profile_completed,2,0,0.6965002263888889,13.741910869722222,,,,
U02115,2024-09-27,organic,desktop,freemium,,,,,2024-09-27,,signup,0,0,,,,,,
U02116,2024-03-14,organic,desktop,free_trial,2024-03-14 02:48:37.950126,2024-03-15 20:02:17.544358,,2024-03-15 04:44:28.455402,2024-03-14,2024-03-26 10:28:08.633795,team_invited,4,0,2.8105417016666667,25.930695909999997,15.296969154444444,254.43085817694444,,
U02117,2024-12-16,organic,desktop,free_trial,2024-12-16 00:06:00.000000,2024-12-17 01:21:01.883602,,2024-12-16 11:45:58.070582,2024-12-16,,first_feature_used,3,0,0.1,11.666130717222222,13.584392505555556,,,
U02118,2024-07-16,paid_search,desktop,freemium,2024-07-16 00:06:00.000000,,,2024-07-16 07:24:21.206822,2024-07-16,,profile_completed,2,0,0.1,7.305890783888889,,,,
U02119,2024-07-18,organic,desktop,free_trial,,,,,2024-07-18,,signup,0,0,,,,,,
U02120,2024-09-13,paid_search,mobile,free_trial,,,,,2024-09-13,,signup,0,0,,,,,,
U02121,2024-10-07,organic,desktop,freemium,2024-10-07 00:06:00.000000,,,2024-10-07 00:12:00.000000,2024-10-07,,profile_completed,2,0,0.1,0.1,,,,
U02122,2024-12-13,referral,mobile,free_trial,2024-12-13 03:08:34.969649,,,,2024-12-13,,email_verified,1,0,3.1430471247222225,,,,,
U02123,2024-07-31,paid_search,tablet,freemium,2024-07-31 00:49:59.014354,,,,2024-07-31,,email_verified,1,0,0.8330595427777777,,,,,
U02124,2024-08-10,referral,mobile,freemium,,,,,2024-08-10,,signup,0,0,,,,,,
U02125,2024-09-29,organic,mobile,freemium,2024-09-29 00:25:30.977743,2024-09-30 05:02:32.910801,,2024-09-29 00:31:30.977743,2024-09-29,,first_feature_used,3,0,0.42527159527777775,0.1,28.51720362722222,,,
U02126,2024-04-03,paid_search,mobile,free_trial,2024-04-03 00:59:11.450503,,,,2024-04-03,,email_verified,1,0,0.9865140286111111,,,,,
U02127,2024-04-22,referral,desktop,freemium,2024-04-22 02:14:53.760401,,,2024-04-22 02:20:53.760401,2024-04-22,,profile_completed,2,0,2.2482667780555556,0.1,,,,
U02128,2024-08-16,organic,desktop,freemium,,,,,2024-08-16,,signup,0,0,,,,,,
U02129,2024-01-24,organic,tablet,freemium,,,,,2024-01-24,,signup,0,0,,,,,,
U02130,2024-04-26,organic,mobile,free_trial,2024-04-26 00:06:00.000000,2024-04-27 10:19:18.282153,,2024-04-27 10:13:18.282153,2024-04-26,,first_feature_used,3,0,0.1,34.121745042499995,0.1,,,
U02131,2024-09-19,organic,mobile,free_trial,2024-09-19 00:06:00.000000,,,,2024-09-19,,email_verified,1,0,0.1,,,,,
U02132,2024-12-22,organic,tablet,free_trial,2024-12-22 05:24:20.025064,,,,2024-12-22,,email_verified,1,0,5.405562517777778,,,,,
U02133,2024-07-08,organic,desktop,freemium,2024-07-08 00:16:25.766974,,,2024-07-08 05:11:43.779793,2024-07-08,,profile_completed,2,0,0.27382415944444444,4.9216702275,,,,
U02134,2024-05-25,organic,desktop,freemium,2024-05-25 00:55:32.490852,,,,2024-05-25,,email_verified,1,0,0.9256919033333333,,,,,
U02135,2024-06-09,paid_search,mobile,free_trial,,,,,2024-06-09,,signup,0,0,,,,,,
U02136,2024-09-07,organic,desktop,freemium,2024-09-07 00:31:15.524270,,,2024-09-07 00:37:15.524270,2024-09-07,,profile_completed,2,0,0.5209789638888889,0.1,,,,
U02137,2024-07-17,organic,desktop,freemium,2024-07-17 04:21:54.406680,,,,2024-07-17,,email_verified,1,0,4.365112966666667,,,,,
U02138,2024-01-09,paid_search,mobile,freemium,,,,,2024-01-09,,signup,0,0,,,,,,
U02139,2024-07-15,organic,mobile,free_trial,2024-07-15 05:56:47.252027,,,2024-07-15 14:59:38.206794,2024-07-15,,profile_completed,2,0,5.946458896388888,9.047487435277777,,,,
U02140,2024-05-26,organic,desktop,freemium,2024-05-26 01:16:37.820296,,,,2024-05-26,,email_verified,1,0,1.2771723044444445,,,,,
U02141,2024-09-12,organic,mobile,freemium,,,,,2024-09-12,,signup,0,0,,,,,,
U02142,2024-11-15,organic,desktop,freemium,,,,,2024-11-15,,signup,0,0,,,,,,
U02143,2024-12-17,paid_search,mobile,freemium,2024-12-17 00:39:20.324248,,,2024-12-17 00:45:20.324248,2024-12-17,,profile_completed,2,0,0.6556456244444444,0.1,,,,
U02144,2024-08-10,organic,desktop,freemium,,,,,2024-08-10,,signup,0,0,,,,,,
U02145,2024-05-12,organic,mobile,free_trial,,,,,2024-05-12,,signup,0,0,,,,,,
U02146,2024-06-11,referral,desktop,freemium,2024-06-11 02:09:15.088458,,,,2024-06-11,,email_verified,1,0,2.1541912383333335,,,,,
U02147,2024-03-05,referral,desktop,free_trial,2024-03-05 00:06:00.000000,2024-03-07 04:21:16.937070,2024-03-22 20:21:18.337922,2024-03-05 04:57:13.222833,2024-03-05,2024-03-14 01:32:24.865859,paid_conversion,5,1,0.1,4.853673009166666,47.4010317325,165.18553577472224,210.81485335083332,428.35509386722225
U02148,2024-12-07,organic,desktop,freemium,,,,,2024-12-07,,signup,0,0,,,,,,
U02149,2024-11-05,organic,desktop,freemium,2024-11-05 01:26:49.686132,,,2024-11-05 01:32:49.686132,2024-11-05,,profile_completed,2,0,1.4471350366666667,0.1,,,,
U02150,2024-11-07,paid_search,desktop,freemium,2024-11-07 01:10:08.506784,,,,2024-11-07,,email_verified,1,0,1.1690296622222223,,,,,
U02151,2024-04-29,referral,mobile,freemium,,,,,2024-04-29,,signup,0,0,,,,,,
U02152,2024-04-27,referral,mobile,free_trial,2024-04-27 00:06:00.000000,,,,2024-04-27,,email_verified,1,0,0.1,,,,,
U02153,2024-11-08,organic,desktop,free_trial,,,,,2024-11-08,,signup,0,0,,,,,,
U02154,2024-07-17,organic,mobile,freemium,,,,,2024-07-17,,signup,0,0,,,,,,
U02155,2024-09-14,organic,mobile,free_trial,,,,,2024-09-14,,signup,0,0,,,,,,
U02156,2024-06-27,referral,mobile,free_trial,2024-06-27 01:25:51.765645,2024-06-27 01:37:51.765645,,2024-06-27 01:31:51.765645,2024-06-27,,first_feature_used,3,0,1.4310460125000002,0.1,0.1,,,
U02157,2024-06-10,referral,desktop,freemium,2024-06-10 03:12:20.971098,2024-06-12 23:43:03.059797,,2024-06-10 12:22:27.283462,2024-06-10,,first_feature_used,3,0,3.205825305,9.16842010111111,59.34327120416667,,,
U02158,2024-08-18,organic,desktop,free_trial,2024-08-18 01:59:11.879683,,,,2024-08-18,,email_verified,1,0,1.9866332452777777,,,,,
U02159,2024-10-23,paid_search,tablet,free_trial,2024-10-23 03:36:48.488347,,,,2024-10-23,,email_verified,1,0,3.6134689852777777,,,,,
U02160,2024-05-01,organic,desktop,free_trial,,,,,2024-05-01,,signup,0,0,,,,,,
U02161,2024-10-22,paid_search,desktop,freemium,2024-10-22 00:06:00.000000,2024-10-26 15:51:31.253937,,2024-10-22 04:26:44.424891,2024-10-22,,first_feature_used,3,0,0.1,4.345673580833333,107.41300806833334,,,
U02162,2024-03-30,referral,mobile,free_trial,2024-03-30 00:06:00.000000,2024-04-01 23:43:14.385100,,2024-03-30 20:32:40.976166,2024-03-30,,first_feature_used,3,0,0.1,20.444715601666665,51.175946926111116,,,
U02163,2024-05-27,paid_search,desktop,freemium,,,,,2024-05-27,,signup,0,0,,,,,,
U02164,2024-11-29,organic,mobile,free_trial,,,,,2024-11-29,,signup,0,0,,,,,,
U02165,2024-12-14,paid_search,desktop,free_trial,2024-12-14 02:50:43.768950,2024-12-18 21:37:13.176502,,2024-12-14 02:56:43.768950,2024-12-14,,first_feature_used,3,0,2.845491375,0.1,114.67483543111112,,,
U02166,2024-12-03,organic,mobile,free_trial,2024-12-03 01:50:04.702348,,,2024-12-03 01:56:04.702348,2024-12-03,,profile_completed,2,0,1.8346395411111112,0.1,,,,
U02167,2024-04-25,referral,tablet,free_trial,2024-04-25 00:06:00.000000,,,2024-04-25 01:03:41.776580,2024-04-25,,profile_completed,2,0,0.1,0.9616046055555556,,,,
U02168,2024-11-03,organic,tablet,freemium,2024-11-03 01:24:09.650977,2024-11-07 08:47:32.943877,,2024-11-03 12:04:38.996013,2024-11-03,,first_feature_used,3,0,1.4026808269444444,10.674818065555556,92.71498551777778,,,
U02169,2024-12-07,referral,tablet,free_trial,2024-12-07 03:35:32.812887,2024-12-07 07:12:21.952942,,2024-12-07 03:41:32.812887,2024-12-07,,first_feature_used,3,0,3.5924480241666665,0.1,3.513650015277778,,,
U02170,2024-12-23,organic,mobile,free_trial,,,,,2024-12-23,,signup,0,0,,,,,,
U02171,2024-01-08,organic,desktop,free_trial,2024-01-08 02:13:44.237167,,,2024-01-08 23:06:51.246172,2024-01-08,,profile_completed,2,0,2.228954768611111,20.88528027916667,,,,
U02172,2024-09-28,organic,tablet,free_trial,2024-09-28 05:13:44.685662,2024-09-28 23:39:32.848079,2024-10-07 07:31:29.242376,2024-09-28 05:19:44.685662,2024-09-28,2024-10-02 11:12:54.944278,paid_conversion,5,1,5.229079350555556,0.1,18.330045115833332,83.55613783305556,116.30952724944444,223.5247895488889
U02173,2024-12-29,organic,tablet,free_trial,2024-12-29 00:37:05.250662,2024-12-29 03:08:59.337820,,2024-12-29 02:35:42.797986,2024-12-29,2024-12-30 03:56:25.782569,team_invited,4,0,0.6181251838888888,1.977096478888889,0.5545943983333333,24.790679096944444,,
U02174,2024-10-06,organic,desktop,free_trial,,,,,2024-10-06,,signup,0,0,,,,,,
U02175,2024-03-26,paid_search,desktop,freemium,2024-03-26 01:03:10.553066,,,2024-03-26 01:09:10.553066,2024-03-26,,profile_completed,2,0,1.0529314072222222,0.1,,,,
U02176,2024-10-05,organic,desktop,free_trial,,,,,2024-10-05,,signup,0,0,,,,,,
U02177,2024-02-08,organic,desktop,freemium,,,,,2024-02-08,,signup,0,0,,,,,,
U02178,2024-06-24,organic,mobile,freemium,,,,,2024-06-24,,signup,0,0,,,,,,
U02179,2024-08-16,organic,desktop,free_trial,2024-08-16 00:06:00.000000,2024-08-16 10:42:24.485013,,2024-08-16 00:12:00.000000,2024-08-16,,first_feature_used,3,0,0.1,0.1,10.5068013925,,,
U02180,2024-06-15,referral,desktop,freemium,,,,,2024-06-15,,signup,0,0,,,,,,
U02181,2024-09-12,referral,desktop,freemium,2024-09-12 01:15:06.892141,,,,2024-09-12,,email_verified,1,0,1.2519144836111111,,,,,
U02182,2024-03-28,organic,desktop,freemium,2024-03-28 00:06:00.000000,,,,2024-03-28,,email_verified,1,0,0.1,,,,,
U02183,2024-08-09,paid_search,tablet,freemium,,,,,2024-08-09,,signup,0,0,,,,,,
U02184,2024-08-23,paid_search,desktop,freemium,2024-08-23 01:07:47.568995,,,2024-08-23 15:54:10.387260,2024-08-23,,profile_completed,2,0,1.1298802763888889,14.773005073611111,,,,
U02185,2024-08-19,referral,desktop,free_trial,2024-08-19 00:06:00.000000,,,2024-08-20 06:22:12.004068,2024-08-19,,profile_completed,2,0,0.1,30.270001129999997,,,,
U02186,2024-04-15,organic,desktop,freemium,2024-04-15 01:25:56.474082,,,,2024-04-15,,email_verified,1,0,1.4323539116666666,,,,,
U02187,2024-04-21,organic,mobile,free_trial,2024-04-21 00:06:00.000000,2024-04-23 10:48:28.675018,,2024-04-21 00:12:00.000000,2024-04-21,2024-05-02 21:30:56.017028,team_invited,4,0,0.1,0.1,58.60796528277778,226.7075950027778,,
U02188,2024-04-04,paid_search,mobile,freemium,,,,,2024-04-04,,signup,0,0,,,,,,
U02189,2024-06-17,referral,desktop,freemium,2024-06-17 03:07:38.843447,,,2024-06-17 03:13:38.843447,2024-06-17,,profile_completed,2,0,3.1274565130555554,0.1,,,,
U02190,2024-08-01,paid_search,desktop,freemium,2024-08-01 03:15:40.165170,,,,2024-08-01,,email_verified,1,0,3.2611569916666667,,,,,
U02191,2024-05-12,paid_search,desktop,freemium,2024-05-12 03:51:15.703401,,,,2024-05-12,,email_verified,1,0,3.8543620558333336,,,,,
U02192,2024-05-29,organic,desktop,free_trial,2024-05-29 00:06:00.000000,,,2024-05-29 00:12:00.000000,2024-05-29,,profile_completed,2,0,0.1,0.1,,,,
U02193,2024-04-14,paid_search,mobile,freemium,,,,,2024-04-14,,signup,0,0,,,,,,
U02194,2024-03-20,referral,desktop,free_trial,2024-03-20 01:09:40.846361,2024-03-20 04:35:57.780704,2024-03-29 20:51:38.845111,2024-03-20 01:15:40.846361,2024-03-20,2024-03-22 23:36:35.101628,paid_conversion,5,1,1.1613462113888888,0.1,3.3380373175000004,67.01036692333334,165.25103985638887,236.86079030861112
U02195,2024-08-27,organic,desktop,freemium,2024-08-27 00:06:00.000000,,,,2024-08-27,,email_verified,1,0,0.1,,,,,
U02196,2024-10-24,paid_search,desktop,freemium,2024-10-24 02:05:51.343121,,,,2024-10-24,,email_verified,1,0,2.097595311388889,,,,,
U02197,2024-04-16,organic,desktop,free_trial,2024-04-16 02:53:53.132111,2024-04-16 05:20:11.375513,,2024-04-16 05:14:11.375513,2024-04-16,,first_feature_used,3,0,2.8980922530555557,2.338400945,0.1,,,
U02198,2024-11-10,paid_search,desktop,freemium,2024-11-10 00:06:00.000000,,,,2024-11-10,,email_verified,1,0,0.1,,,,,
U02199,2024-07-27,paid_search,desktop,free_trial,2024-07-27 00:06:00.000000,2024-07-31 05:57:46.000532,,2024-07-27 00:12:00.000000,2024-07-27,2024-07-31 06:03:46.000532,team_invited,4,0,0.1,0.1,101.76277792555555,0.1,,
U02200,2024-03-02,paid_search,desktop,free_trial,2024-03-02 00:13:01.530923,2024-03-02 06:04:58.995751,2024-03-14 02:09:15.828452,2024-03-02 05:58:58.995751,2024-03-02,2024-03-10 11:47:30.175013,paid_conversion,5,1,0.21709192305555555,5.765962452222222,0.1,197.7086609061111,86.36268151083334,290.15439679222226
U02201,2024-05-13,referral,desktop,freemium,2024-05-13 00:06:00.000000,2024-05-13 06:10:17.799945,,2024-05-13 06:04:17.799945,2024-05-13,2024-05-13 06:16:17.799945,team_invited,4,0,0.1,5.971611095833333,0.1,0.1,,
U02202,2024-01-03,organic,desktop,freemium,2024-01-03 00:06:00.000000,,,,2024-01-03,,email_verified,1,0,0.1,,,,,
U02203,2024-01-15,organic,tablet,freemium,2024-01-15 01:30:21.745955,2024-01-16 19:50:34.013059,,2024-01-15 06:06:32.027037,2024-01-15,,first_feature_used,3,0,1.5060405430555557,4.602855856111112,37.73388500611111,,,
U02204,2024-05-02,organic,desktop,free_trial,2024-05-02 00:06:00.000000,2024-05-02 00:18:00.000000,,2024-05-02 00:12:00.000000,2024-05-02,,first_feature_used,3,0,0.1,0.1,0.1,,,
U02205,2024-06-14,organic,desktop,free_trial,2024-06-14 00:56:10.660834,,,,2024-06-14,,email_verified,1,0,0.9362946761111111,,,,,
U02206,2024-10-18,organic,desktop,free_trial,2024-10-18 01:58:11.819652,2024-10-21 11:26:21.859394,,2024-10-18 02:04:11.819652,2024-10-18,2024-10-21 11:32:21.859394,team_invited,4,0,1.9699499033333334,0.1,81.36945548388888,0.1,,
U02207,2024-02-19,organic,mobile,free_trial,2024-02-19 02:37:55.066105,,,,2024-02-19,,email_verified,1,0,2.6319628069444443,,,,,
U02208,2024-11-02,organic,tablet,free_trial,2024-11-02 00:06:00.000000,,,,2024-11-02,,email_verified,1,0,0.1,,,,,
U02209,2024-03-26,organic,mobile,free_trial,,,,,2024-03-26,,signup,0,0,,,,,,
U02210,2024-02-20,organic,mobile,freemium,2024-02-20 00:06:00.000000,,,2024-02-20 00:12:00.000000,2024-02-20,,profile_completed,2,0,0.1,0.1,,,,
U02211,2024-09-12,paid_search,mobile,free_trial,2024-09-12 02:03:01.586581,,,2024-09-12 08:44:52.751964,2024-09-12,,profile_completed,2,0,2.0504407169444443,6.697545939722222,,,,
U02212,2024-10-09,organic,desktop,freemium,2024-10-09 01:55:36.210842,2024-10-10 17:18:26.973717,,2024-10-09 02:01:36.210842,2024-10-09,,first_feature_used,3,0,1.926725233888889,0.1,39.280767465277776,,,
U02213,2024-08-08,paid_search,mobile,freemium,,,,,2024-08-08,,signup,0,0,,,,,,
U02214,2024-02-12,referral,mobile,free_trial,2024-02-12 01:57:07.640041,2024-02-14 10:52:13.289137,2024-02-18 16:49:15.469614,2024-02-12 13:30:40.312197,2024-02-12,2024-02-15 06:48:28.855423,paid_conversion,5,1,1.952122233611111,11.559075598888889,45.35916026111111,19.93765730166667,82.01294838638889,160.82096378166665
U02215,2024-02-12,paid_search,desktop,freemium,2024-02-12 00:06:00.000000,,,,2024-02-12,,email_verified,1,0,0.1,,,,,
U02216,2024-05-22,organic,desktop,free_trial,2024-05-22 01:54:30.900039,2024-05-24 15:40:57.479933,,2024-05-22 02:00:30.900039,2024-05-22,,first_feature_used,3,0,1.9085833441666666,0.1,61.67404997055555,,,
U02217,2024-06-13,organic,desktop,free_trial,2024-06-13 00:06:00.000000,2024-06-13 07:29:58.165146,,2024-06-13 00:12:00.000000,2024-06-13,,first_feature_used,3,0,0.1,0.1,7.2994903183333335,,,
U02218,2024-12-30,paid_search,desktop,freemium,2024-12-30 00:06:00.000000,,,2024-12-30 00:12:00.000000,2024-12-30,,profile_completed,2,0,0.1,0.1,,,,
U02219,2024-04-14,paid_search,mobile,free_trial,2024-04-14 01:23:54.063435,,,2024-04-14 05:38:59.402559,2024-04-14,,profile_completed,2,0,1.3983509541666668,4.25148309,,,,
U02220,2024-03-11,organic,desktop,free_trial,2024-03-11 02:34:51.748646,,,,2024-03-11,,email_verified,1,0,2.5810412905555555,,,,,
U02221,2024-12-11,organic,mobile,freemium,,,,,2024-12-11,,signup,0,0,,,,,,
U02222,2024-02-26,paid_search,tablet,free_trial,2024-02-26 01:44:06.201684,2024-02-26 01:56:06.201684,,2024-02-26 01:50:06.201684,2024-02-26,,first_feature_used,3,0,1.7350560233333332,0.1,0.1,,,
U02223,2024-01-10,organic,desktop,freemium,2024-01-10 00:06:00.000000,,,,2024-01-10,,email_verified,1,0,0.1,,,,,
U02224,2024-06-03,paid_search,desktop,freemium,,,,,2024-06-03,,signup,0,0,,,,,,
U02225,2024-05-26,organic,mobile,free_trial,2024-05-26 00:06:00.000000,,,,2024-05-26,,email_verified,1,0,0.1,,,,,
U02226,2024-08-14,organic,mobile,freemium,,,,,2024-08-14,,signup,0,0,,,,,,
U02227,2024-11-16,referral,desktop,free_trial,2024-11-16 00:54:08.539181,2024-11-16 06:48:42.609869,,2024-11-16 06:42:42.609869,2024-11-16,,first_feature_used,3,0,0.9023719947222223,5.80946408,0.1,,,
U02228,2024-12-06,organic,desktop,free_trial,2024-12-06 00:06:00.000000,,,,2024-12-06,,email_verified,1,0,0.1,,,,,
U02229,2024-04-15,paid_search,mobile,freemium,,,,,2024-04-15,,signup,0,0,,,,,,
U02230,2024-12-23,organic,tablet,free_trial,2024-12-23 02:11:07.030945,,,,2024-12-23,,email_verified,1,0,2.1852863736111114,,,,,
U02231,2024-08-18,organic,desktop,freemium,2024-08-18 00:06:00.000000,,,2024-08-18 00:12:00.000000,2024-08-18,,profile_completed,2,0,0.1,0.1,,,,
U02232,2024-01-26,referral,desktop,free_trial,2024-01-26 00:48:51.696475,,,,2024-01-26,,email_verified,1,0,0.8143601319444445,,,,,
U02233,2024-12-08,organic,tablet,free_trial,,,,,2024-12-08,,signup,0,0,,,,,,
U02234,2024-02-20,organic,desktop,freemium,2024-02-20 00:06:00.000000,,,,2024-02-20,,email_verified,1,0,0.1,,,,,
U02235,2024-08-02,referral,desktop,freemium,2024-08-02 00:06:00.000000,,,2024-08-02 00:12:00.000000,2024-08-02,,profile_completed,2,0,0.1,0.1,,,,
U02236,2024-10-15,paid_search,desktop,free_trial,2024-10-15 00:06:00.000000,2024-10-17 19:18:43.758296,,2024-10-15 00:12:00.000000,2024-10-15,,first_feature_used,3,0,0.1,0.1,67.11215508222223,,,
U02237,2024-04-01,paid_search,desktop,freemium,,,,,2024-04-01,,signup,0,0,,,,,,
U02238,2024-04-08,organic,desktop,free_trial,2024-04-08 01:04:59.781310,2024-04-08 21:24:20.429572,,2024-04-08 01:10:59.781310,2024-04-08,,first_feature_used,3,0,1.083272586111111,0.1,20.222402295000002,,,
U02239,2024-06-22,organic,mobile,free_trial,,,,,2024-06-22,,signup,0,0,,,,,,
U02240,2024-11-18,paid_search,mobile,freemium,,,,,2024-11-18,,signup,0,0,,,,,,
U02241,2024-03-22,organic,desktop,freemium,2024-03-22 00:38:10.845005,,,,2024-03-22,,email_verified,1,0,0.6363458347222223,,,,,
U02242,2024-08-30,organic,desktop,free_trial,2024-08-30 02:44:05.494989,2024-09-01 06:24:39.962871,,2024-08-30 07:46:02.208466,2024-08-30,2024-09-08 14:33:12.299653,team_invited,4,0,2.734859719166667,5.032420410277778,46.64382066805556,176.14231577277778,,
U02243,2024-06-14,paid_search,desktop,freemium,2024-06-14 00:10:21.692659,,,,2024-06-14,,email_verified,1,0,0.1726924052777778,,,,,
U02244,2024-02-10,organic,mobile,free_trial,2024-02-10 00:50:38.621423,,,,2024-02-10,,email_verified,1,0,0.8440615063888889,,,,,
U02245,2024-09-16,organic,mobile,freemium,2024-09-16 00:06:00.000000,,,,2024-09-16,,email_verified,1,0,0.1,,,,,
U02246,2024-10-30,organic,mobile,freemium,,,,,2024-10-30,,signup,0,0,,,,,,
U02247,2024-07-29,organic,mobile,free_trial,2024-07-29 00:14:39.465668,,,2024-07-30 12:43:38.067779,2024-07-29,,profile_completed,2,0,0.2442960188888889,36.48294503083333,,,,
U02248,2024-03-05,paid_search,mobile,free_trial,2024-03-05 00:06:00.000000,2024-03-05 00:18:00.000000,,2024-03-05 00:12:00.000000,2024-03-05,,first_feature_used,3,0,0.1,0.1,0.1,,,
U02249,2024-02-26,referral,mobile,freemium,2024-02-26 00:06:00.000000,2024-02-29 20:09:23.383281,,2024-02-26 16:06:52.938501,2024-02-26,,first_feature_used,3,0,0.1,16.014705139166665,76.04179021666667,,,
U02250,2024-06-03,organic,desktop,freemium,,,,,2024-06-03,,signup,0,0,,,,,,
U02251,2024-07-03,organic,tablet,free_trial,2024-07-03 00:06:00.000000,2024-07-04 04:47:01.398821,,2024-07-03 00:12:00.000000,2024-07-03,,first_feature_used,3,0,0.1,0.1,28.58372189472222,,,
U02252,2024-07-20,paid_search,mobile,free_trial,2024-07-20 01:47:48.401219,2024-07-20 05:40:07.888736,,2024-07-20 05:34:07.888736,2024-07-20,2024-07-23 16:27:45.811047,team_invited,4,0,1.796778116388889,3.772079865833333,0.1,82.79386730861111,,
U02253,2024-03-29,organic,desktop,free_trial,2024-03-29 01:27:02.222037,2024-04-03 17:31:46.833050,,2024-03-29 01:33:02.222037,2024-03-29,,first_feature_used,3,0,1.4506172325,0.1,135.97905861472222,,,
U02254,2024-07-01,paid_search,desktop,freemium,,,,,2024-07-01,,signup,0,0,,,,,,
U02255,2024-04-17,referral,mobile,freemium,2024-04-17 00:06:00.000000,,,,2024-04-17,,email_verified,1,0,0.1,,,,,
U02256,2024-09-07,paid_search,desktop,freemium,,,,,2024-09-07,,signup,0,0,,,,,,
U02257,2024-10-17,organic,mobile,free_trial,2024-10-17 00:10:57.824643,,,2024-10-17 00:16:57.824643,2024-10-17,,profile_completed,2,0,0.1827290675,0.1,,,,
U02258,2024-08-26,referral,desktop,freemium,2024-08-26 02:21:49.170409,2024-08-27 11:05:58.206924,,2024-08-26 04:25:12.940042,2024-08-26,,first_feature_used,3,0,2.3636584469444446,2.056602675833333,30.679240800555554,,,
U02259,2024-01-01,organic,desktop,free_trial,,,,,2024-01-01,,signup,0,0,,,,,,
U02260,2024-12-28,referral,desktop,free_trial,2024-12-28 03:01:28.098045,,,2024-12-28 10:31:08.700465,2024-12-28,,profile_completed,2,0,3.024471679166667,7.494611783333333,,,,
U02261,2024-01-09,paid_search,mobile,free_trial,,,,,2024-01-09,,signup,0,0,,,,,,
U02262,2024-12-30,paid_search,desktop,free_trial,2024-12-30 00:06:00.000000,2024-12-30 18:09:15.349020,,2024-12-30 00:12:00.000000,2024-12-30,2024-12-31 13:57:37.568604,team_invited,4,0,0.1,0.1,17.954263616666665,19.80617210666667,,
U02263,2024-01-12,referral,mobile,freemium,2024-01-12 00:06:00.000000,,,,2024-01-12,,email_verified,1,0,0.1,,,,,
U02264,2024-07-07,paid_search,desktop,free_trial,2024-07-07 00:24:46.435152,,,,2024-07-07,,email_verified,1,0,0.41289865333333337,,,,,
U02265,2024-02-08,organic,desktop,free_trial,2024-02-08 00:06:00.000000,,,2024-02-08 21:41:23.833438,2024-02-08,,profile_completed,2,0,0.1,21.58995373277778,,,,
U02266,2024-02-04,organic,desktop,freemium,2024-02-04 05:07:56.555820,,,2024-02-04 06:58:08.040093,2024-02-04,,profile_completed,2,0,5.132376616666667,1.8365234091666667,,,,
U02267,2024-09-06,paid_search,desktop,free_trial,2024-09-06 03:18:45.054708,2024-09-07 06:51:14.970830,,2024-09-07 06:45:14.970830,2024-09-06,,first_feature_used,3,0,3.3125151966666664,27.44164336722222,0.1,,,
U02268,2024-09-22,paid_search,mobile,free_trial,2024-09-22 00:06:00.000000,,,2024-09-22 00:12:00.000000,2024-09-22,,profile_completed,2,0,0.1,0.1,,,,
U02269,2024-02-13,organic,mobile,free_trial,,,,,2024-02-13,,signup,0,0,,,,,,
U02270,2024-12-22,paid_search,desktop,free_trial,2024-12-22 00:54:35.999028,2024-12-23 10:17:20.398738,,2024-12-22 01:42:59.842609,2024-12-22,,first_feature_used,3,0,0.90999973,0.8066232169444445,32.5723767025,,,
U02271,2024-04-26,paid_search,desktop,free_trial,2024-04-26 02:52:58.113783,2024-04-27 07:37:01.579479,2024-05-14 02:20:18.651262,2024-04-26 05:37:05.461046,2024-04-26,2024-05-03 20:50:35.833144,paid_conversion,5,1,2.882809384166667,2.7353742397222223,25.998921786944443,157.22618157361111,245.495227255,434.33851423944446
U02272,2024-04-26,organic,mobile,freemium,2024-04-26 01:10:46.507560,,,,2024-04-26,,email_verified,1,0,1.1795854333333333,,,,,
U02273,2024-04-18,organic,mobile,free_trial,2024-04-18 03:48:10.139067,2024-04-18 07:49:12.628442,,2024-04-18 07:43:12.628442,2024-04-18,2024-04-21 04:12:16.154607,team_invited,4,0,3.8028164075,3.917358159722222,0.1,68.38431282361111,,
U02274,2024-06-17,organic,desktop,free_trial,2024-06-17 03:55:56.021779,,,,2024-06-17,,email_verified,1,0,3.9322282719444446,,,,,
U02275,2024-03-05,organic,mobile,freemium,,,,,2024-03-05,,signup,0,0,,,,,,
U02276,2024-06-04,organic,desktop,free_trial,2024-06-04 00:06:00.000000,2024-06-04 05:20:07.987783,,2024-06-04 04:26:34.661696,2024-06-04,,first_feature_used,3,0,0.1,4.342961582222222,0.8925905797222222,,,
U02277,2024-03-17,organic,desktop,freemium,2024-03-17 00:06:00.000000,2024-03-20 03:50:43.900123,,2024-03-17 10:54:51.870175,2024-03-17,,first_feature_used,3,0,0.1,10.814408381944444,64.93111943000001,,,
U02278,2024-01-19,organic,mobile,free_trial,2024-01-19 00:06:00.000000,,,,2024-01-19,,email_verified,1,0,0.1,,,,,
U02279,2024-05-14,organic,mobile,freemium,2024-05-14 01:01:28.538053,,,,2024-05-14,,email_verified,1,0,1.0245939036111111,,,,,
U02280,2024-09-02,paid_search,mobile,free_trial,2024-09-02 00:06:00.000000,,,,2024-09-02,,email_verified,1,0,0.1,,,,,
U02281,2024-10-05,organic,desktop,freemium,2024-10-05 00:06:00.000000,,,2024-10-05 00:12:00.000000,2024-10-05,,profile_completed,2,0,0.1,0.1,,,,
U02282,2024-05-08,referral,desktop,freemium,2024-05-08 01:15:06.544051,,,2024-05-08 01:21:06.544051,2024-05-08,,profile_completed,2,0,1.2518177919444444,0.1,,,,
U02283,2024-04-28,referral,mobile,freemium,,,,,2024-04-28,,signup,0,0,,,,,,
U02284,2024-10-14,paid_search,desktop,freemium,2024-10-14 02:02:28.653860,,,2024-10-14 14:57:55.749901,2024-10-14,,profile_completed,2,0,2.041292738888889,12.924193344722221,,,,
U02285,2024-09-05,referral,desktop,free_trial,2024-09-05 00:55:06.107673,2024-09-05 15:54:33.510923,,2024-09-05 15:48:33.510923,2024-09-05,,first_feature_used,3,0,0.9183632425,14.890945347222223,0.1,,,
U02286,2024-10-30,referral,mobile,free_trial,2024-10-30 00:06:00.000000,,,2024-10-30 00:12:00.000000,2024-10-30,,profile_completed,2,0,0.1,0.1,,,,
U02287,2024-11-26,organic,desktop,freemium,2024-11-26 02:49:33.921434,,,,2024-11-26,,email_verified,1,0,2.826089287222222,,,,,
U02288,2024-10-26,paid_search,desktop,freemium,,,,,2024-10-26,,signup,0,0,,,,,,
U02289,2024-12-07,organic,desktop,free_trial,2024-12-07 00:11:34.447004,2024-12-07 00:23:34.447004,,2024-12-07 00:17:34.447004,2024-12-07,,first_feature_used,3,0,0.19290194555555557,0.1,0.1,,,
U02290,2024-06-01,paid_search,tablet,freemium,2024-06-01 00:06:00.000000,,,,2024-06-01,,email_verified,1,0,0.1,,,,,
U02291,2024-05-24,paid_search,desktop,freemium,2024-05-24 00:06:00.000000,2024-05-24 03:48:07.423693,,2024-05-24 03:42:07.423693,2024-05-24,2024-05-24 03:54:07.423693,team_invited,4,0,0.1,3.6020621369444448,0.1,0.1,,
U02292,2024-04-27,organic,desktop,freemium,2024-04-27 01:35:37.716589,,,2024-04-28 00:37:04.136283,2024-04-27,,profile_completed,2,0,1.593810163611111,23.024005470555554,,,,
U02293,2024-03-26,organic,desktop,freemium,,,,,2024-03-26,,signup,0,0,,,,,,
U02294,2024-09-30,referral,desktop,freemium,2024-09-30 00:06:00.000000,2024-09-30 16:55:52.573924,,2024-09-30 16:49:52.573924,2024-09-30,,first_feature_used,3,0,0.1,16.731270534444445,0.1,,,
U02295,2024-09-17,organic,desktop,free_trial,2024-09-17 00:41:41.213013,2024-09-17 05:33:22.977965,,2024-09-17 00:47:41.213013,2024-09-17,2024-09-20 13:07:03.977924,team_invited,4,0,0.6947813925,0.1,4.761601375555556,79.5613888775,,
U02296,2024-10-19,organic,mobile,freemium,2024-10-19 01:30:15.818096,,,,2024-10-19,,email_verified,1,0,1.5043939155555555,,,,,
U02297,2024-03-02,organic,desktop,free_trial,2024-03-02 00:06:00.000000,2024-03-04 10:10:14.361273,,2024-03-02 03:33:11.991406,2024-03-02,,first_feature_used,3,0,0.1,3.453330946111111,54.61732496305556,,,
U02298,2024-06-28,paid_search,desktop,free_trial,,,,,2024-06-28,,signup,0,0,,,,,,
U02299,2024-03-22,referral,desktop,freemium,2024-03-22 06:43:22.581354,2024-03-22 20:49:01.557838,,2024-03-22 20:43:01.557838,2024-03-22,,first_feature_used,3,0,6.722939265000001,13.994160134444444,0.1,,,
U02300,2024-11-21,paid_search,desktop,freemium,2024-11-21 00:15:59.850349,,,,2024-11-21,,email_verified,1,0,0.2666250969444445,,,,,
U02301,2024-04-07,organic,desktop,free_trial,2024-04-07 00:06:00.000000,,,,2024-04-07,,email_verified,1,0,0.1,,,,,
U02302,2024-02-22,organic,mobile,freemium,,,,,2024-02-22,,signup,0,0,,,,,,
U02303,2024-07-27,organic,mobile,free_trial,2024-07-27 01:22:36.090434,,,2024-07-27 01:28:36.090434,2024-07-27,,profile_completed,2,0,1.3766917872222222,0.1,,,,
U02304,2024-11-16,paid_search,mobile,free_trial,2024-11-16 02:06:19.447269,,,2024-11-16 20:28:28.113968,2024-11-16,,profile_completed,2,0,2.1054020191666667,18.369074083055555,,,,
U02305,2024-11-30,referral,desktop,freemium,2024-11-30 00:25:24.356823,,,2024-11-30 00:31:24.356823,2024-11-30,,profile_completed,2,0,0.42343245083333336,0.1,,,,
U02306,2024-02-05,paid_search,mobile,freemium,2024-02-05 00:06:00.000000,,,,2024-02-05,,email_verified,1,0,0.1,,,,,
U02307,2024-04-28,organic,mobile,free_trial,2024-04-28 01:46:59.164000,2024-04-28 01:58:59.164000,,2024-04-28 01:52:59.164000,2024-04-28,2024-05-04 03:07:44.900214,team_invited,4,0,1.783101111111111,0.1,0.1,145.14603783722222,,
U02308,2024-02-26,paid_search,desktop,free_trial,2024-02-26 00:06:00.000000,2024-02-28 06:44:41.086578,2024-03-09 14:57:28.912683,2024-02-27 01:26:08.355347,2024-02-26,2024-02-28 06:50:41.086578,paid_conversion,5,1,0.1,25.335654263055556,29.30909200861111,0.1,248.11328502916666,302.95803130083334
U02309,2024-04-22,organic,desktop,freemium,,,,,2024-04-22,,signup,0,0,,,,,,
U02310,2024-07-13,paid_search,mobile,free_trial,2024-07-13 00:06:00.000000,,,,2024-07-13,,email_verified,1,0,0.1,,,,,
U02311,2024-04-12,paid_search,desktop,freemium,2024-04-12 00:06:00.000000,,,2024-04-12 06:57:09.381770,2024-04-12,,profile_completed,2,0,0.1,6.852606047222222,,,,
U02312,2024-01-25,paid_search,desktop,free_trial,2024-01-25 00:08:59.817708,,,2024-01-25 10:42:50.914565,2024-01-25,,profile_completed,2,0,0.14994936333333334,10.564193571388888,,,,
U02313,2024-07-05,paid_search,mobile,freemium,2024-07-05 03:54:17.367552,2024-07-08 23:25:03.798471,,2024-07-05 04:00:17.367552,2024-07-05,2024-07-10 08:05:56.587170,team_invited,4,0,3.90482432,0.1,91.4128974775,32.68133019416666,,
U02314,2024-01-20,referral,desktop,free_trial,2024-01-20 03:44:26.939354,2024-01-21 22:25:16.757492,,2024-01-20 03:50:26.939354,2024-01-20,,first_feature_used,3,0,3.7408164872222223,0.1,42.580505038333335,,,
U02315,2024-03-23,organic,tablet,free_trial,2024-03-23 05:44:26.451978,,,,2024-03-23,,email_verified,1,0,5.740681105,,,,,
U02316,2024-01-01,organic,desktop,free_trial,2024-01-01 02:21:59.915303,2024-01-01 17:38:05.962847,2024-01-08 04:25:12.405958,2024-01-01 17:32:05.962847,2024-01-01,2024-01-05 00:12:44.373737,paid_conversion,5,1,2.366643139722222,15.16834654,0.1,78.57733635833333,76.20778672805555,172.42011276611112
U02317,2024-02-01,organic,desktop,freemium,2024-02-01 00:26:39.063479,,,,2024-02-01,,email_verified,1,0,0.4441842997222222,,,,,
U02318,2024-06-08,paid_search,desktop,freemium,2024-06-08 01:45:02.943284,,,2024-06-08 19:21:08.716432,2024-06-08,,profile_completed,2,0,1.750817578888889,17.601603652222224,,,,
U02319,2024-11-06,paid_search,desktop,free_trial,2024-11-06 03:36:38.171723,,,2024-11-06 05:56:39.260939,2024-11-06,,profile_completed,2,0,3.6106032563888886,2.333635893333333,,,,
U02320,2024-10-09,paid_search,mobile,free_trial,2024-10-09 00:06:00.000000,2024-10-10 20:58:57.665895,,2024-10-09 05:49:01.953850,2024-10-09,,first_feature_used,3,0,0.1,5.717209402777779,39.165475568055555,,,
U02321,2024-02-06,paid_search,mobile,free_trial,2024-02-06 00:06:00.000000,,,2024-02-06 08:46:57.062257,2024-02-06,,profile_completed,2,0,0.1,8.682517293611111,,,,
U02322,2024-01-13,organic,tablet,freemium,,,,,2024-01-13,,signup,0,0,,,,,,
U02323,2024-05-03,paid_search,desktop,free_trial,2024-05-03 00:06:00.000000,,,2024-05-03 00:12:00.000000,2024-05-03,,profile_completed,2,0,0.1,0.1,,,,
U02324,2024-08-26,paid_search,desktop,freemium,2024-08-26 00:06:00.000000,,,2024-08-26 17:11:36.290612,2024-08-26,,profile_completed,2,0,0.1,17.09341405888889,,,,
U02325,2024-09-29,organic,desktop,free_trial,2024-09-29 00:06:00.000000,,,2024-09-29 04:29:06.876079,2024-09-29,,profile_completed,2,0,0.1,4.385243355277778,,,,
U02326,2024-10-27,organic,desktop,freemium,2024-10-27 01:15:25.358250,,,,2024-10-27,,email_verified,1,0,1.2570439583333335,,,,,
U02327,2024-05-04,organic,tablet,freemium,2024-05-04 02:38:56.619873,,,,2024-05-04,,email_verified,1,0,2.649061075833333,,,,,
U02328,2024-03-02,organic,desktop,free_trial,2024-03-02 00:16:48.611921,2024-03-04 21:13:22.483174,,2024-03-02 06:30:56.102988,2024-03-02,,first_feature_used,3,0,0.28016997805555555,6.235414185277778,62.707327829444445,,,
U02329,2024-01-10,paid_search,desktop,free_trial,2024-01-10 02:44:15.035279,2024-01-12 04:08:01.735587,,2024-01-10 09:18:15.123161,2024-01-10,,first_feature_used,3,0,2.737509799722222,6.566691078333333,42.82961456277778,,,
U02330,2024-02-23,referral,desktop,freemium,2024-02-23 00:06:00.000000,2024-02-23 02:09:12.146571,,2024-02-23 00:12:00.000000,2024-02-23,2024-02-23 02:15:12.146571,team_invited,4,0,0.1,0.1,1.9533740475,0.1,,
U02331,2024-01-24,paid_search,mobile,free_trial,2024-01-24 01:21:40.672093,,,2024-01-24 13:23:24.972739,2024-01-24,,profile_completed,2,0,1.3612978036111112,12.028972401666667,,,,
U02332,2024-11-10,organic,desktop,freemium,2024-11-10 01:22:39.422954,,,2024-11-10 03:32:52.839642,2024-11-10,,profile_completed,2,0,1.3776174872222222,2.1703935244444446,,,,
U02333,2024-04-07,paid_search,mobile,freemium,2024-04-07 00:44:24.313401,,,,2024-04-07,,email_verified,1,0,0.7400870558333333,,,,,
U02334,2024-10-27,paid_search,mobile,free_trial,2024-10-27 00:06:00.000000,2024-10-27 12:29:58.750579,,2024-10-27 00:12:00.000000,2024-10-27,,first_feature_used,3,0,0.1,0.1,12.29965293861111,,,
U02335,2024-07-20,organic,mobile,freemium,,,,,2024-07-20,,signup,0,0,,,,,,
U02336,2024-07-15,referral,desktop,free_trial,2024-07-15 00:06:00.000000,,,,2024-07-15,,email_verified,1,0,0.1,,,,,
U02337,2024-06-14,organic,desktop,freemium,2024-06-14 01:10:12.514549,,,,2024-06-14,,email_verified,1,0,1.170142930277778,,,,,
U02338,2024-10-26,organic,desktop,free_trial,2024-10-26 01:33:19.178440,,,2024-10-26 01:49:26.922175,2024-10-26,,profile_completed,2,0,1.5553273444444444,0.26881770416666667,,,,
U02339,2024-01-16,organic,mobile,free_trial,2024-01-16 01:21:23.849194,,,,2024-01-16,,email_verified,1,0,1.3566247761111112,,,,,
U02340,2024-02-03,organic,tablet,free_trial,2024-02-03 04:50:42.782173,,,2024-02-03 04:56:42.782173,2024-02-03,,profile_completed,2,0,4.845217270277778,0.1,,,,
U02341,2024-06-03,referral,desktop,free_trial,2024-06-03 05:43:11.709746,2024-06-03 05:55:11.709746,,2024-06-03 05:49:11.709746,2024-06-03,2024-06-06 19:47:18.136527,team_invited,4,0,5.719919373888889,0.1,0.1,85.8684518836111,,
U02342,2024-05-23,organic,desktop,free_trial,2024-05-23 02:21:23.225971,,,,2024-05-23,,email_verified,1,0,2.3564516586111113,,,,,
U02343,2024-07-18,organic,desktop,free_trial,2024-07-18 00:06:00.000000,,,2024-07-18 00:35:11.249106,2024-07-18,,profile_completed,2,0,0.1,0.486458085,,,,
U02344,2024-09-26,organic,mobile,freemium,2024-09-26 05:23:26.466782,,,,2024-09-26,,email_verified,1,0,5.390685217222222,,,,,
U02345,2024-08-02,organic,desktop,free_trial,2024-08-02 01:50:38.889060,,,,2024-08-02,,email_verified,1,0,1.84413585,,,,,
U02346,2024-04-03,organic,desktop,free_trial,2024-04-03 00:06:00.000000,2024-04-04 23:26:37.458136,,2024-04-03 00:12:00.000000,2024-04-03,,first_feature_used,3,0,0.1,0.1,47.243738371111114,,,
U02347,2024-04-29,organic,mobile,free_trial,,,,,2024-04-29,,signup,0,0,,,,,,
U02348,2024-10-01,paid_search,desktop,free_trial,2024-10-01 03:14:26.172267,,,,2024-10-01,,email_verified,1,0,3.2406034075,,,,,
U02349,2024-03-14,organic,desktop,free_trial,2024-03-14 00:46:57.025427,,,,2024-03-14,,email_verified,1,0,0.7825070630555556,,,,,
U02350,2024-07-03,paid_search,desktop,free_trial,2024-07-03 00:57:55.323536,2024-07-08 08:50:44.794113,2024-07-24 17:13:09.553036,2024-07-03 22:46:32.904320,2024-07-03,2024-07-18 09:06:08.692404,paid_conversion,5,1,0.9653676488888888,21.810439106666667,106.06996938694445,240.25663841416667,152.11690573111113,521.2193202877778
U02351,2024-07-15,organic,desktop,freemium,2024-07-15 03:05:09.704502,,,2024-07-15 13:18:25.518556,2024-07-15,,profile_completed,2,0,3.0860290283333334,10.221059459444445,,,,
U02352,2024-09-30,paid_search,mobile,freemium,2024-09-30 00:06:00.000000,,,,2024-09-30,,email_verified,1,0,0.1,,,,,
U02353,2024-09-17,referral,desktop,freemium,2024-09-17 00:06:00.000000,2024-09-17 00:18:00.000000,,2024-09-17 00:12:00.000000,2024-09-17,,first_feature_used,3,0,0.1,0.1,0.1,,,
U02354,2024-06-18,organic,desktop,free_trial,2024-06-18 00:15:14.661243,,,2024-06-18 02:10:29.731283,2024-06-18,,profile_completed,2,0,0.2540725675,1.9208527888888889,,,,
U02355,2024-04-22,organic,desktop,freemium,2024-04-22 02:10:11.009815,,,,2024-04-22,,email_verified,1,0,2.1697249486111114,,,,,
U02356,2024-05-14,referral,desktop,freemium,2024-05-14 02:13:04.487209,2024-05-14 02:25:04.487209,,2024-05-14 02:19:04.487209,2024-05-14,,first_feature_used,3,0,2.217913113611111,0.1,0.1,,,
U02357,2024-05-30,paid_search,mobile,freemium,2024-05-30 02:34:56.390759,2024-05-31 22:27:24.539469,,2024-05-30 07:13:46.924334,2024-05-30,,first_feature_used,3,0,2.582330766388889,4.6473704375,39.22711531527778,,,
U02358,2024-03-21,paid_search,mobile,free_trial,,,,,2024-03-21,,signup,0,0,,,,,,
U02359,2024-08-16,organic,desktop,free_trial,2024-08-16 00:06:00.000000,,,,2024-08-16,,email_verified,1,0,0.1,,,,,
U02360,2024-03-17,organic,desktop,free_trial,2024-03-17 00:38:49.033843,,,,2024-03-17,,email_verified,1,0,0.6469538452777778,,,,,
U02361,2024-08-24,paid_search,desktop,free_trial,2024-08-24 00:39:13.744026,2024-08-24 13:57:28.284609,,2024-08-24 02:21:54.917372,2024-08-24,,first_feature_used,3,0,0.653817785,1.7114370405555555,11.592602010277778,,,
U02362,2024-10-01,referral,desktop,freemium,2024-10-01 00:38:53.679778,,,2024-10-01 00:44:53.679778,2024-10-01,,profile_completed,2,0,0.6482443827777779,0.1,,,,
U02363,2024-12-17,organic,desktop,free_trial,2024-12-17 01:04:46.086378,,,,2024-12-17,,email_verified,1,0,1.0794684383333333,,,,,
U02364,2024-02-13,paid_search,tablet,free_trial,2024-02-13 00:06:00.000000,,,,2024-02-13,,email_verified,1,0,0.1,,,,,
U02365,2024-10-04,paid_search,desktop,free_trial,2024-10-04 00:06:00.000000,,,2024-10-04 00:12:00.000000,2024-10-04,,profile_completed,2,0,0.1,0.1,,,,
U02366,2024-02-01,organic,desktop,free_trial,2024-02-01 00:06:00.000000,2024-02-02 03:52:11.185492,,2024-02-01 10:05:21.565449,2024-02-01,,first_feature_used,3,0,0.1,9.989323735833334,17.780450011944446,,,
U02367,2024-05-03,organic,desktop,free_trial,2024-05-03 00:06:00.000000,,,,2024-05-03,,email_verified,1,0,0.1,,,,,
U02368,2024-03-05,organic,mobile,free_trial,,,,,2024-03-05,,signup,0,0,,,,,,
U02369,2024-02-29,organic,desktop,free_trial,2024-02-29 00:06:00.000000,2024-03-01 10:09:21.033952,,2024-02-29 05:18:10.408883,2024-02-29,,first_feature_used,3,0,0.1,5.202891356388889,28.852951408055556,,,
U02370,2024-03-05,paid_search,tablet,free_trial,,,,,2024-03-05,,signup,0,0,,,,,,
U02371,2024-01-17,organic,desktop,freemium,,,,,2024-01-17,,signup,0,0,,,,,,
U02372,2024-10-27,organic,mobile,freemium,2024-10-27 01:55:17.259910,,,,2024-10-27,,email_verified,1,0,1.921461086111111,,,,,
U02373,2024-01-23,paid_search,mobile,freemium,2024-01-23 05:25:25.530761,2024-01-24 09:33:40.397519,,2024-01-24 09:00:36.557329,2024-01-23,,first_feature_used,3,0,5.423758544722222,27.58639626888889,0.5510667194444444,,,
U02374,2024-05-25,paid_search,desktop,freemium,,,,,2024-05-25,,signup,0,0,,,,,,
U02375,2024-09-12,paid_search,desktop,free_trial,2024-09-12 02:35:37.315460,2024-09-14 01:12:07.378324,,2024-09-12 17:21:50.287160,2024-09-12,2024-09-15 20:04:52.043225,team_invited,4,0,2.593698738888889,14.770269916666667,31.83808087888889,42.87907358361112,,
U02376,2024-12-27,paid_search,desktop,freemium,,,,,2024-12-27,,signup,0,0,,,,,,
U02377,2024-11-07,organic,mobile,freemium,,,,,2024-11-07,,signup,0,0,,,,,,
U02378,2024-02-20,paid_search,mobile,free_trial,2024-02-20 02:53:14.381705,2024-02-21 00:12:58.205512,,2024-02-20 02:59:14.381705,2024-02-20,,first_feature_used,3,0,2.887328251388889,0.1,21.228839946388888,,,
U02379,2024-12-26,organic,desktop,free_trial,2024-12-26 01:57:57.670891,2024-12-28 01:41:35.611621,2025-01-26 03:00:35.915104,2024-12-26 09:59:47.294636,2024-12-26,2025-01-09 08:31:31.385423,paid_conversion,5,1,1.9660196919444444,8.030451040277779,39.69675471805556,294.8321593894445,402.48459157805553,747.0099764177777
U02380,2024-08-26,organic,desktop,freemium,,,,,2024-08-26,,signup,0,0,,,,,,
U02381,2024-03-06,organic,desktop,free_trial,,,,,2024-03-06,,signup,0,0,,,,,,
U02382,2024-06-12,paid_search,desktop,freemium,,,,,2024-06-12,,signup,0,0,,,,,,
U02383,2024-12-01,paid_search,mobile,free_trial,2024-12-01 00:06:00.000000,2024-12-04 09:18:01.531396,,2024-12-01 00:12:00.000000,2024-12-01,,first_feature_used,3,0,0.1,0.1,81.10042538777778,,,
U02384,2024-05-23,organic,desktop,free_trial,2024-05-23 00:06:00.000000,2024-05-23 14:59:07.245795,,2024-05-23 14:53:07.245795,2024-05-23,2024-05-31 12:01:45.129040,team_invited,4,0,0.1,14.785346054166668,0.1,189.04385645694447,,
U02385,2024-03-08,referral,desktop,freemium,2024-03-08 02:21:36.768777,,,2024-03-08 02:27:36.768777,2024-03-08,,profile_completed,2,0,2.3602135491666663,0.1,,,,
U02386,2024-11-15,referral,mobile,freemium,2024-11-15 01:20:18.365537,,,,2024-11-15,,email_verified,1,0,1.3384348713888887,,,,,
U02387,2024-12-13,organic,mobile,freemium,2024-12-13 00:06:00.000000,,,,2024-12-13,,email_verified,1,0,0.1,,,,,
U02388,2024-12-22,paid_search,mobile,freemium,,,,,2024-12-22,,signup,0,0,,,,,,
U02389,2024-12-14,organic,desktop,freemium,,,,,2024-12-14,,signup,0,0,,,,,,
U02390,2024-11-14,referral,tablet,free_trial,2024-11-14 00:06:00.000000,,,,2024-11-14,,email_verified,1,0,0.1,,,,,
U02391,2024-06-14,organic,desktop,freemium,2024-06-14 03:15:18.404637,,,,2024-06-14,,email_verified,1,0,3.2551123991666664,,,,,
U02392,2024-03-11,organic,desktop,free_trial,2024-03-11 00:46:09.483802,,,,2024-03-11,,email_verified,1,0,0.7693010561111112,,,,,
U02393,2024-08-13,organic,desktop,free_trial,2024-08-13 00:06:00.000000,,,2024-08-13 11:12:35.876712,2024-08-13,,profile_completed,2,0,0.1,11.109965753333332,,,,
U02394,2024-03-21,organic,mobile,freemium,,,,,2024-03-21,,signup,0,0,,,,,,
U02395,2024-06-21,paid_search,desktop,free_trial,2024-06-21 01:07:42.685335,,,,2024-06-21,,email_verified,1,0,1.1285237041666667,,,,,
U02396,2024-08-27,paid_search,mobile,freemium,2024-08-27 00:06:00.000000,,,2024-08-27 03:12:18.019156,2024-08-27,,profile_completed,2,0,0.1,3.1050053211111113,,,,
U02397,2024-12-11,organic,mobile,free_trial,,,,,2024-12-11,,signup,0,0,,,,,,
U02398,2024-04-15,paid_search,mobile,free_trial,,,,,2024-04-15,,signup,0,0,,,,,,
U02399,2024-04-01,referral,mobile,free_trial,2024-04-01 00:06:00.000000,2024-04-01 00:18:00.000000,,2024-04-01 00:12:00.000000,2024-04-01,,first_feature_used,3,0,0.1,0.1,0.1,,,
U02400,2024-09-25,paid_search,tablet,freemium,,,,,2024-09-25,,signup,0,0,,,,,,
U02401,2024-01-03,paid_search,desktop,freemium,2024-01-03 00:06:00.000000,2024-01-03 00:18:00.000000,,2024-01-03 00:12:00.000000,2024-01-03,2024-01-05 19:17:15.870144,team_invited,4,0,0.1,0.1,0.1,66.98774170666667,,
U02402,2024-07-25,organic,desktop,free_trial,2024-07-25 00:06:00.000000,,,2024-07-25 07:14:25.360175,2024-07-25,,profile_completed,2,0,0.1,7.14037782638889,,,,
U02403,2024-09-29,organic,mobile,free_trial,2024-09-29 03:30:44.678800,,,,2024-09-29,,email_verified,1,0,3.5124107777777778,,,,,
U02404,2024-07-20,referral,desktop,free_trial,2024-07-20 00:06:00.000000,2024-07-21 09:25:11.150569,,2024-07-20 10:24:13.928490,2024-07-20,,first_feature_used,3,0,0.1,10.303869025,23.015895021944445,,,
U02405,2024-05-20,paid_search,desktop,free_trial,2024-05-20 00:06:00.000000,2024-05-21 22:02:12.960524,2024-05-22 23:24:10.762364,2024-05-21 04:08:15.764284,2024-05-20,2024-05-21 22:08:12.960524,paid_conversion,5,1,0.1,28.037712301111114,17.899221177777775,0.1,25.266056066666668,71.40298954555556
U02406,2024-10-29,paid_search,mobile,freemium,,,,,2024-10-29,,signup,0,0,,,,,,
U02407,2024-05-15,referral,desktop,freemium,2024-05-15 01:35:08.811272,,,2024-05-15 01:41:08.811272,2024-05-15,,profile_completed,2,0,1.5857809088888888,0.1,,,,
U02408,2024-09-16,organic,mobile,free_trial,,,,,2024-09-16,,signup,0,0,,,,,,
U02409,2024-06-18,paid_search,desktop,free_trial,2024-06-18 00:06:00.000000,,,2024-06-18 00:12:00.000000,2024-06-18,,profile_completed,2,0,0.1,0.1,,,,
U02410,2024-01-10,organic,mobile,freemium,2024-01-10 01:38:49.160540,,,2024-01-10 01:44:49.160540,2024-01-10,,profile_completed,2,0,1.6469890388888888,0.1,,,,
U02411,2024-07-12,organic,desktop,free_trial,2024-07-12 03:05:30.490149,2024-07-12 03:17:30.490149,,2024-07-12 03:11:30.490149,2024-07-12,,first_feature_used,3,0,3.0918028191666664,0.1,0.1,,,
U02412,2024-01-19,paid_search,mobile,free_trial,2024-01-19 02:20:27.670896,,,,2024-01-19,,email_verified,1,0,2.341019693333333,,,,,
U02413,2024-12-05,organic,mobile,freemium,,,,,2024-12-05,,signup,0,0,,,,,,
U02414,2024-08-07,referral,desktop,free_trial,2024-08-07 00:53:30.083428,2024-08-08 14:18:43.336892,,2024-08-07 00:59:30.083428,2024-08-07,,first_feature_used,3,0,0.891689841111111,0.1,37.32034818444445,,,
U02415,2024-05-15,organic,desktop,free_trial,2024-05-15 00:06:00.000000,2024-05-18 04:25:14.034521,,2024-05-15 11:05:51.035363,2024-05-15,,first_feature_used,3,0,0.1,10.997509823055557,65.32305532166666,,,
U02416,2024-06-26,referral,desktop,free_trial,2024-06-26 00:59:16.572252,2024-06-29 04:55:53.134900,,2024-06-26 10:23:51.858149,2024-06-26,,first_feature_used,3,0,0.9879367366666667,9.409801638055557,66.53368798638888,,,
U02417,2024-08-14,paid_search,desktop,freemium,2024-08-14 01:31:44.589372,,,2024-08-14 10:59:57.734984,2024-08-14,,profile_completed,2,0,1.5290526033333334,9.470318225555555,,,,
U02418,2024-04-04,paid_search,desktop,free_trial,2024-04-04 00:06:00.000000,2024-04-06 03:53:47.099008,,2024-04-04 00:12:00.000000,2024-04-04,,first_feature_used,3,0,0.1,0.1,51.69641639111111,,,
U02419,2024-04-15,referral,desktop,freemium,2024-04-15 00:52:12.822651,2024-04-15 01:04:12.822651,,2024-04-15 00:58:12.822651,2024-04-15,,first_feature_used,3,0,0.8702285141666667,0.1,0.1,,,
U02420,2024-06-01,organic,mobile,free_trial,2024-06-01 00:06:00.000000,,,,2024-06-01,,email_verified,1,0,0.1,,,,,
U02421,2024-04-04,organic,desktop,free_trial,,,,,2024-04-04,,signup,0,0,,,,,,
U02422,2024-10-03,organic,desktop,freemium,,,,,2024-10-03,,signup,0,0,,,,,,
U02423,2024-02-07,organic,desktop,free_trial,2024-02-07 00:06:00.000000,2024-02-07 10:15:45.586797,,2024-02-07 10:09:45.586797,2024-02-07,,first_feature_used,3,0,0.1,10.062662999166667,0.1,,,
U02424,2024-10-28,referral,desktop,free_trial,2024-10-28 00:06:00.000000,,,2024-10-28 04:16:26.557156,2024-10-28,,profile_completed,2,0,0.1,4.174043654444445,,,,
U02425,2024-05-07,paid_search,desktop,free_trial,2024-05-07 00:06:00.000000,,,,2024-05-07,,email_verified,1,0,0.1,,,,,
U02426,2024-07-23,organic,tablet,freemium,2024-07-23 00:06:00.000000,,,2024-07-23 07:51:23.263683,2024-07-23,,profile_completed,2,0,0.1,7.756462134166667,,,,
U02427,2024-02-27,organic,mobile,free_trial,2024-02-27 00:06:00.000000,,,,2024-02-27,,email_verified,1,0,0.1,,,,,
U02428,2024-05-20,paid_search,desktop,freemium,2024-05-20 01:36:15.623830,2024-05-23 02:40:08.852160,,2024-05-20 01:42:15.623830,2024-05-20,,first_feature_used,3,0,1.604339952777778,0.1,72.96478564722223,,,
U02429,2024-10-02,paid_search,mobile,free_trial,2024-10-02 01:02:26.804349,2024-10-02 09:07:19.614446,,2024-10-02 09:01:19.614446,2024-10-02,2024-10-09 10:11:00.525954,team_invited,4,0,1.0407789858333334,7.981336138055556,0.1,169.06136430777778,,
U02430,2024-04-08,organic,desktop,free_trial,2024-04-08 00:06:00.000000,,,2024-04-08 06:32:51.125052,2024-04-08,,profile_completed,2,0,0.1,6.447534736666666,,,,
U02431,2024-02-18,paid_search,desktop,free_trial,2024-02-18 00:47:33.129257,2024-02-18 18:32:27.858208,,2024-02-18 12:37:31.550870,2024-02-18,,first_feature_used,3,0,0.7925359047222222,11.832894892499999,5.9156409272222215,,,
U02432,2024-07-09,paid_search,mobile,free_trial,2024-07-09 00:06:00.000000,,,2024-07-09 00:12:00.000000,2024-07-09,,profile_completed,2,0,0.1,0.1,,,,
U02433,2024-02-29,paid_search,desktop,freemium,2024-02-29 02:45:27.858191,,,,2024-02-29,,email_verified,1,0,2.7577383863888887,,,,,
U02434,2024-04-24,organic,desktop,free_trial,2024-04-24 02:38:44.952401,,,2024-04-24 02:44:44.952401,2024-04-24,,profile_completed,2,0,2.645820111388889,0.1,,,,
U02435,2024-06-13,paid_search,mobile,freemium,,,,,2024-06-13,,signup,0,0,,,,,,
U02436,2024-07-24,organic,desktop,free_trial,2024-07-24 01:10:41.599688,,,2024-07-24 17:06:33.104622,2024-07-24,,profile_completed,2,0,1.1782221355555555,15.930973592777777,,,,
U02437,2024-08-21,organic,desktop,free_trial,2024-08-21 03:51:29.042149,,,2024-08-21 03:57:29.042149,2024-08-21,,profile_completed,2,0,3.8580672636111113,0.1,,,,
U02438,2024-09-03,paid_search,desktop,free_trial,2024-09-03 00:06:00.000000,2024-09-03 05:37:03.524012,2024-09-05 23:53:10.245538,2024-09-03 05:31:03.524012,2024-09-03,2024-09-05 23:47:10.245538,paid_conversion,5,1,0.1,5.417645558888889,0.1,66.16853375722222,0.1,71.88617931611111
U02439,2024-11-04,paid_search,mobile,freemium,2024-11-04 00:06:00.000000,,,,2024-11-04,,email_verified,1,0,0.1,,,,,
U02440,2024-01-25,organic,mobile,free_trial,,,,,2024-01-25,,signup,0,0,,,,,,
U02441,2024-05-12,referral,tablet,freemium,2024-05-12 00:06:00.000000,2024-05-14 16:16:36.921066,,2024-05-12 07:34:27.967085,2024-05-12,,first_feature_used,3,0,0.1,7.474435301388889,56.70248721694444,,,
U02442,2024-01-01,organic,desktop,freemium,2024-01-01 02:27:59.843142,,,,2024-01-01,,email_verified,1,0,2.466623095,,,,,
U02443,2024-01-04,paid_search,mobile,freemium,2024-01-04 00:06:00.000000,,,,2024-01-04,,email_verified,1,0,0.1,,,,,
U02444,2024-03-18,referral,desktop,free_trial,2024-03-18 01:06:40.133868,2024-03-18 01:18:40.133868,,2024-03-18 01:12:40.133868,2024-03-18,,first_feature_used,3,0,1.1111482966666666,0.1,0.1,,,
U02445,2024-08-06,paid_search,desktop,freemium,,,,,2024-08-06,,signup,0,0,,,,,,
U02446,2024-11-22,referral,desktop,free_trial,2024-11-22 00:06:00.000000,2024-11-22 08:06:40.040161,,2024-11-22 00:12:00.000000,2024-11-22,,first_feature_used,3,0,0.1,0.1,7.911122266944445,,,
U02447,2024-10-09,paid_search,mobile,free_trial,2024-10-09 01:45:20.807303,,,,2024-10-09,,email_verified,1,0,1.7557798063888888,,,,,
U02448,2024-08-23,paid_search,desktop,free_trial,2024-08-23 03:01:22.178624,,,2024-08-23 03:07:22.178624,2024-08-23,,profile_completed,2,0,3.022827395555556,0.1,,,,
U02449,2024-10-11,paid_search,mobile,freemium,,,,,2024-10-11,,signup,0,0,,,,,,
U02450,2024-03-03,paid_search,desktop,free_trial,,,,,2024-03-03,,signup,0,0,,,,,,
U02451,2024-11-02,organic,desktop,freemium,2024-11-02 00:06:00.000000,,,,2024-11-02,,email_verified,1,0,0.1,,,,,
U02452,2024-11-20,paid_search,tablet,freemium,,,,,2024-11-20,,signup,0,0,,,,,,
U02453,2024-02-04,organic,mobile,free_trial,2024-02-04 00:06:00.000000,,,,2024-02-04,,email_verified,1,0,0.1,,,,,
U02454,2024-06-20,referral,desktop,free_trial,2024-06-20 01:47:58.715170,2024-06-20 16:09:54.396272,2024-07-01 22:09:09.977406,2024-06-20 16:03:54.396272,2024-06-20,2024-06-20 16:15:54.396272,paid_conversion,5,1,1.799643102777778,14.265466972777778,0.1,0.1,269.8876614261111,286.1527715016667
U02455,2024-10-29,organic,mobile,freemium,,,,,2024-10-29,,signup,0,0,,,,,,
U02456,2024-06-22,organic,desktop,free_trial,2024-06-22 00:06:00.000000,2024-06-22 13:49:48.372669,2024-07-07 23:55:08.634806,2024-06-22 01:07:19.422838,2024-06-22,2024-06-27 05:17:45.099131,paid_conversion,5,1,0.1,1.0220618994444444,12.708041619722222,111.46575735055555,258.62320435416666,383.9190652238889
U02457,2024-11-02,referral,mobile,free_trial,2024-11-02 00:46:24.518556,2024-11-03 02:06:16.688052,,2024-11-02 00:52:24.518556,2024-11-02,,first_feature_used,3,0,0.7734773766666667,0.1,25.231158193333332,,,
U02458,2024-12-07,organic,desktop,free_trial,2024-12-07 02:43:13.462499,2024-12-11 13:43:49.201400,2024-12-17 16:13:33.701630,2024-12-07 07:50:01.213830,2024-12-07,2024-12-12 22:44:03.739679,paid_conversion,5,1,2.720406249722222,5.113264258611111,101.89666321388889,33.00403841083333,113.4916560975,256.2260282305556
U02459,2024-06-22,organic,desktop,freemium,2024-06-22 04:10:23.110782,2024-06-22 19:56:44.547306,2024-06-28 05:45:38.136885,2024-06-22 04:16:23.110782,2024-06-22,2024-06-22 20:02:44.547306,paid_conversion,5,1,4.1730863283333335,0.1,15.672621256666666,0.1,129.71488599416668,149.76059357916668
U02460,2024-01-22,paid_search,desktop,free_trial,2024-01-22 03:08:31.019380,,,,2024-01-22,,email_verified,1,0,3.1419498277777778,,,,,
U02461,2024-05-04,organic,desktop,free_trial,2024-05-04 01:53:53.711462,2024-05-07 02:04:11.214383,,2024-05-04 19:53:10.835046,2024-05-04,,first_feature_used,3,0,1.898253183888889,17.988089884444445,54.18343870472222,,,
U02462,2024-03-19,organic,desktop,free_trial,2024-03-19 00:06:00.000000,2024-03-19 10:26:17.045878,,2024-03-19 10:20:17.045878,2024-03-19,,first_feature_used,3,0,0.1,10.238068299444445,0.1,,,
U02463,2024-06-22,paid_search,desktop,free_trial,2024-06-22 04:36:53.609144,2024-06-22 11:07:41.982298,,2024-06-22 11:01:41.982298,2024-06-22,,first_feature_used,3,0,4.614891428888888,6.413436987222222,0.1,,,
U02464,2024-08-01,organic,tablet,freemium,2024-08-01 00:06:00.000000,,,,2024-08-01,,email_verified,1,0,0.1,,,,,
U02465,2024-06-18,organic,desktop,free_trial,,,,,2024-06-18,,signup,0,0,,,,,,
U02466,2024-03-12,organic,desktop,freemium,2024-03-12 00:36:47.050453,,,2024-03-12 06:06:13.376865,2024-03-12,,profile_completed,2,0,0.6130695702777778,5.4906462255555555,,,,
U02467,2024-04-19,organic,desktop,freemium,2024-04-19 00:06:00.000000,,,,2024-04-19,,email_verified,1,0,0.1,,,,,
U02468,2024-09-05,organic,mobile,free_trial,2024-09-05 02:10:04.722088,,,,2024-09-05,,email_verified,1,0,2.167978357777778,,,,,
U02469,2024-01-10,organic,desktop,freemium,2024-01-10 00:06:00.000000,,,2024-01-10 19:29:02.208671,2024-01-10,,profile_completed,2,0,0.1,19.383946853055555,,,,
U02470,2024-03-19,paid_search,desktop,freemium,2024-03-19 02:06:37.563311,2024-03-21 12:06:21.730312,,2024-03-19 13:27:17.475179,2024-03-19,,first_feature_used,3,0,2.1104342530555553,11.344419963333333,46.65118198138889,,,
U02471,2024-11-21,paid_search,mobile,freemium,,,,,2024-11-21,,signup,0,0,,,,,,
U02472,2024-02-06,organic,desktop,freemium,,,,,2024-02-06,,signup,0,0,,,,,,
U02473,2024-05-31,organic,tablet,free_trial,2024-05-31 02:50:26.992349,,,2024-05-31 02:56:26.992349,2024-05-31,,profile_completed,2,0,2.8408312080555556,0.1,,,,
U02474,2024-03-16,referral,desktop,freemium,2024-03-16 00:06:00.000000,,,2024-03-16 18:32:44.286058,2024-03-16,,profile_completed,2,0,0.1,18.445635016111112,,,,
U02475,2024-02-08,paid_search,mobile,free_trial,2024-02-08 00:06:00.000000,,,,2024-02-08,,email_verified,1,0,0.1,,,,,
U02476,2024-06-03,organic,desktop,freemium,2024-06-03 03:31:01.684198,2024-06-06 00:57:21.688590,,2024-06-03 07:10:20.793567,2024-06-03,,first_feature_used,3,0,3.517134499444445,3.6553081580555555,65.78358195083334,,,
U02477,2024-07-09,paid_search,mobile,free_trial,,,,,2024-07-09,,signup,0,0,,,,,,
U02478,2024-03-05,organic,mobile,freemium,2024-03-05 02:13:07.525868,,,2024-03-05 02:19:07.525868,2024-03-05,,profile_completed,2,0,2.2187571855555555,0.1,,,,
U02479,2024-01-29,referral,desktop,freemium,2024-01-29 01:56:21.613582,2024-01-30 23:41:25.129679,,2024-01-29 12:01:53.563084,2024-01-29,,first_feature_used,3,0,1.939337106111111,10.092208195000001,35.65876849861111,,,
U02480,2024-02-19,referral,desktop,freemium,2024-02-19 00:06:00.000000,,,,2024-02-19,,email_verified,1,0,0.1,,,,,
U02481,2024-08-25,referral,desktop,free_trial,2024-08-25 00:06:00.000000,2024-08-25 00:18:00.000000,,2024-08-25 00:12:00.000000,2024-08-25,2024-08-25 00:24:00.000000,team_invited,4,0,0.1,0.1,0.1,0.1,,
U02482,2024-11-10,organic,desktop,freemium,2024-11-10 02:43:15.072526,,,2024-11-10 02:49:15.072526,2024-11-10,,profile_completed,2,0,2.7208534794444446,0.1,,,,
U02483,2024-03-06,organic,tablet,freemium,,,,,2024-03-06,,signup,0,0,,,,,,
U02484,2024-04-26,organic,desktop,freemium,2024-04-26 01:14:16.577895,,,2024-04-26 17:39:05.733052,2024-04-26,,profile_completed,2,0,1.2379383041666667,16.413654210277777,,,,
U02485,2024-05-05,organic,mobile,freemium,2024-05-05 01:04:28.364196,,,,2024-05-05,,email_verified,1,0,1.07454561,,,,,
U02486,2024-05-11,organic,tablet,freemium,2024-05-11 00:06:00.000000,,,,2024-05-11,,email_verified,1,0,0.1,,,,,
U02487,2024-03-30,paid_search,mobile,freemium,2024-03-30 01:52:43.758179,2024-03-30 03:23:55.538185,,2024-03-30 03:17:55.538185,2024-03-30,2024-04-12 19:12:09.595262,team_invited,4,0,1.878821716388889,1.4199388905555554,0.1,327.8039047436111,,
U02488,2024-01-21,organic,mobile,free_trial,2024-01-21 00:06:00.000000,,,,2024-01-21,,email_verified,1,0,0.1,,,,,
U02489,2024-07-10,referral,desktop,free_trial,2024-07-10 00:06:00.000000,2024-07-14 03:00:55.970866,,2024-07-10 16:40:14.727069,2024-07-10,,first_feature_used,3,0,0.1,16.570757519166666,82.3447899436111,,,
U02490,2024-05-10,organic,desktop,freemium,2024-05-10 00:06:00.000000,,,,2024-05-10,,email_verified,1,0,0.1,,,,,
U02491,2024-05-04,organic,desktop,freemium,2024-05-04 01:18:40.219660,,,2024-05-04 14:00:05.230155,2024-05-04,,profile_completed,2,0,1.3111721277777777,12.690280693055556,,,,
U02492,2024-04-06,referral,desktop,free_trial,2024-04-06 00:06:00.000000,,,2024-04-06 05:06:27.429057,2024-04-06,,profile_completed,2,0,0.1,5.0076191825,,,,
U02493,2024-12-05,paid_search,desktop,free_trial,2024-12-05 00:08:23.260839,2024-12-08 10:59:38.610608,,2024-12-05 00:14:23.260839,2024-12-05,,first_feature_used,3,0,0.1397946775,0.1,82.75426382472223,,,
U02494,2024-08-10,organic,desktop,free_trial,2024-08-10 02:26:51.969263,2024-08-11 09:38:41.700847,,2024-08-11 09:32:41.700847,2024-08-10,,first_feature_used,3,0,2.4477692397222226,31.09714766222222,0.1,,,
U02495,2024-06-01,paid_search,desktop,freemium,2024-06-01 01:08:47.475108,2024-06-01 09:41:05.433567,2024-06-14 10:23:52.577716,2024-06-01 09:35:05.433567,2024-06-01,2024-06-03 04:18:21.713382,paid_conversion,5,1,1.1465208633333333,8.438321794166667,0.1,42.62118883749999,270.09190675944444,322.3979382544444
U02496,2024-03-15,organic,desktop,freemium,2024-03-15 00:48:33.675596,,,,2024-03-15,,email_verified,1,0,0.8093543322222222,,,,,
U02497,2024-10-19,organic,desktop,freemium,,,,,2024-10-19,,signup,0,0,,,,,,
U02498,2024-11-20,paid_search,desktop,free_trial,,,,,2024-11-20,,signup,0,0,,,,,,
U02499,2024-01-12,organic,desktop,free_trial,2024-01-12 02:35:56.083086,,,,2024-01-12,,email_verified,1,0,2.5989119683333333,,,,,
U02500,2024-12-05,paid_search,desktop,freemium,2024-12-05 00:06:00.000000,,,2024-12-05 00:12:00.000000,2024-12-05,,profile_completed,2,0,0.1,0.1,,,,
U02501,2024-09-12,organic,mobile,free_trial,2024-09-12 02:48:20.665786,,,,2024-09-12,,email_verified,1,0,2.805740496111111,,,,,
U02502,2024-02-06,paid_search,mobile,free_trial,2024-02-06 00:38:52.846271,2024-02-07 14:58:01.271780,,2024-02-06 01:28:49.037705,2024-02-06,,first_feature_used,3,0,0.6480128530555556,0.8322753983333333,37.4867316875,,,
U02503,2024-10-01,paid_search,desktop,free_trial,2024-10-01 01:49:35.846114,2024-10-02 11:06:47.853758,,2024-10-01 01:55:35.846114,2024-10-01,2024-10-05 20:20:07.013021,team_invited,4,0,1.8266239205555554,0.1,33.18666879,81.22198868416667,,
U02504,2024-02-09,organic,desktop,freemium,,,,,2024-02-09,,signup,0,0,,,,,,
U02505,2024-01-19,organic,desktop,free_trial,2024-01-19 00:07:10.858213,,,,2024-01-19,,email_verified,1,0,0.11968283694444444,,,,,
U02506,2024-02-12,organic,desktop,free_trial,2024-02-12 01:56:27.756950,2024-02-14 16:15:51.378919,,2024-02-12 21:04:36.812016,2024-02-12,,first_feature_used,3,0,1.9410435972222222,19.135848629444446,43.18737969527778,,,
U02507,2024-06-16,paid_search,desktop,free_trial,2024-06-16 00:06:00.000000,,,2024-06-16 13:57:16.994596,2024-06-16,,profile_completed,2,0,0.1,13.85472072111111,,,,
U02508,2024-08-14,paid_search,tablet,freemium,2024-08-14 01:09:46.646944,,,2024-08-14 05:53:03.760288,2024-08-14,,profile_completed,2,0,1.1629574844444444,4.721420373333333,,,,
U02509,2024-05-28,paid_search,desktop,free_trial,2024-05-28 04:55:14.306771,2024-05-31 03:35:43.531752,,2024-05-28 05:01:14.306771,2024-05-28,,first_feature_used,3,0,4.9206407697222225,0.1,70.57478471694445,,,
U02510,2024-02-14,organic,desktop,free_trial,,,,,2024-02-14,,signup,0,0,,,,,,
U02511,2024-03-13,organic,mobile,free_trial,2024-03-13 00:06:00.000000,,,,2024-03-13,,email_verified,1,0,0.1,,,,,
U02512,2024-11-07,paid_search,desktop,free_trial,2024-11-07 02:39:27.624039,2024-11-09 03:20:19.892043,2024-11-14 19:19:12.975401,2024-11-07 20:02:03.415431,2024-11-07,2024-11-09 03:26:19.892043,paid_conversion,5,1,2.6576733441666667,17.37660872,31.304576836666666,0.1,135.88141204388887,187.3202709447222
U02513,2024-12-17,organic,desktop,freemium,2024-12-17 00:46:21.428208,,,,2024-12-17,,email_verified,1,0,0.7726189466666666,,,,,
U02514,2024-10-02,paid_search,desktop,freemium,,,,,2024-10-02,,signup,0,0,,,,,,
U02515,2024-02-07,organic,tablet,free_trial,,,,,2024-02-07,,signup,0,0,,,,,,
U02516,2024-10-26,organic,desktop,freemium,2024-10-26 00:06:00.000000,,,,2024-10-26,,email_verified,1,0,0.1,,,,,
U02517,2024-09-09,paid_search,mobile,free_trial,2024-09-09 03:36:07.679539,,,,2024-09-09,,email_verified,1,0,3.602133205277778,,,,,
U02518,2024-07-11,paid_search,mobile,freemium,,,,,2024-07-11,,signup,0,0,,,,,,
U02519,2024-02-22,paid_search,desktop,free_trial,2024-02-22 01:52:02.237408,2024-02-25 16:28:28.111194,,2024-02-22 07:36:08.285292,2024-02-22,,first_feature_used,3,0,1.867288168888889,5.735013301111111,80.87217386166667,,,
U02520,2024-12-29,organic,mobile,free_trial,2024-12-29 00:06:00.000000,,,,2024-12-29,,email_verified,1,0,0.1,,,,,
U02521,2024-06-10,referral,desktop,freemium,2024-06-10 01:17:12.741903,,,2024-06-10 01:23:12.741903,2024-06-10,,profile_completed,2,0,1.2868727508333333,0.1,,,,
U02522,2024-01-17,referral,desktop,freemium,2024-01-17 01:33:50.165285,,,2024-01-17 15:14:10.399882,2024-01-17,,profile_completed,2,0,1.563934801388889,13.672287388055556,,,,
U02523,2024-03-17,referral,desktop,freemium,2024-03-17 00:31:45.806294,2024-03-17 08:21:07.397816,,2024-03-17 03:15:28.769098,2024-03-17,,first_feature_used,3,0,0.5293906372222222,2.728600778888889,5.094063532777778,,,
U02524,2024-05-26,paid_search,tablet,freemium,2024-05-26 04:14:04.400924,2024-05-26 04:26:04.400924,,2024-05-26 04:20:04.400924,2024-05-26,2024-06-07 10:17:00.026505,team_invited,4,0,4.234555812222222,0.1,0.1,293.84878488361113,,
U02525,2024-01-23,paid_search,desktop,freemium,2024-01-23 01:01:04.812331,2024-01-23 11:09:28.571879,,2024-01-23 11:03:28.571879,2024-01-23,2024-01-31 10:40:59.439631,team_invited,4,0,1.0180034252777779,10.039933207777779,0.1,191.5252410422222,,
U02526,2024-04-28,paid_search,desktop,freemium,2024-04-28 00:06:00.000000,,,2024-04-28 19:30:08.276033,2024-04-28,,profile_completed,2,0,0.1,19.402298898055555,,,,
U02527,2024-06-19,organic,tablet,free_trial,,,,,2024-06-19,,signup,0,0,,,,,,
U02528,2024-12-12,organic,desktop,free_trial,2024-12-12 00:06:00.000000,,,2024-12-12 00:12:00.000000,2024-12-12,,profile_completed,2,0,0.1,0.1,,,,
U02529,2024-02-01,paid_search,mobile,freemium,2024-02-01 00:32:16.196003,,,,2024-02-01,,email_verified,1,0,0.5378322230555556,,,,,
U02530,2024-07-29,organic,mobile,freemium,2024-07-29 00:22:02.103171,,,,2024-07-29,,email_verified,1,0,0.36725088083333335,,,,,
U02531,2024-11-30,organic,desktop,freemium,2024-11-30 01:03:22.809760,,,,2024-11-30,,email_verified,1,0,1.0563360444444445,,,,,
U02532,2024-10-21,referral,mobile,free_trial,2024-10-21 00:44:17.225368,2024-10-22 23:06:51.012288,,2024-10-21 00:50:17.225368,2024-10-21,,first_feature_used,3,0,0.7381181577777778,0.1,46.27605192222222,,,
U02533,2024-12-03,organic,mobile,free_trial,2024-12-03 00:45:45.503373,,,,2024-12-03,,email_verified,1,0,0.7626398258333333,,,,,
U02534,2024-03-03,paid_search,desktop,free_trial,2024-03-03 00:36:10.038585,2024-03-03 10:33:08.580319,,2024-03-03 00:42:10.038585,2024-03-03,,first_feature_used,3,0,0.6027884958333333,0.1,9.849594926111111,,,
U02535,2024-10-19,paid_search,tablet,freemium,,,,,2024-10-19,,signup,0,0,,,,,,
U02536,2024-12-23,organic,tablet,free_trial,2024-12-23 04:06:17.393772,,,,2024-12-23,,email_verified,1,0,4.104831603333333,,,,,
U02537,2024-04-29,referral,mobile,freemium,2024-04-29 00:51:52.932471,2024-04-29 01:03:52.932471,,2024-04-29 00:57:52.932471,2024-04-29,,first_feature_used,3,0,0.8647034641666667,0.1,0.1,,,
U02538,2024-07-01,organic,mobile,free_trial,2024-07-01 00:44:33.633812,,,,2024-07-01,,email_verified,1,0,0.7426760588888889,,,,,
U02539,2024-07-12,referral,desktop,free_trial,2024-07-12 00:06:00.000000,2024-07-13 14:22:39.621013,,2024-07-12 00:12:00.000000,2024-07-12,,first_feature_used,3,0,0.1,0.1,38.17767250361111,,,
U02540,2024-06-29,paid_search,desktop,freemium,2024-06-29 00:06:00.000000,,,,2024-06-29,,email_verified,1,0,0.1,,,,,
U02541,2024-04-15,organic,desktop,free_trial,2024-04-15 00:06:00.000000,2024-04-15 00:18:00.000000,,2024-04-15 00:12:00.000000,2024-04-15,,first_feature_used,3,0,0.1,0.1,0.1,,,
U02542,2024-12-20,organic,desktop,freemium,,,,,2024-12-20,,signup,0,0,,,,,,
U02543,2024-12-15,organic,mobile,free_trial,2024-12-15 00:06:00.000000,2024-12-18 20:01:52.097860,,2024-12-15 00:12:00.000000,2024-12-15,,first_feature_used,3,0,0.1,0.1,91.83113829444444,,,
U02544,2024-05-18,organic,mobile,free_trial,2024-05-18 02:49:54.329614,,,,2024-05-18,,email_verified,1,0,2.8317582261111114,,,,,
U02545,2024-10-20,organic,desktop,freemium,2024-10-20 00:06:00.000000,2024-10-25 17:32:11.607342,,2024-10-20 15:02:22.310421,2024-10-20,,first_feature_used,3,0,0.1,14.9395306725,122.4970269225,,,
U02546,2024-05-25,referral,desktop,freemium,,,,,2024-05-25,,signup,0,0,,,,,,
U02547,2024-10-17,organic,mobile,free_trial,2024-10-17 03:43:33.448570,,,,2024-10-17,,email_verified,1,0,3.725957936111111,,,,,
U02548,2024-08-01,referral,desktop,free_trial,2024-08-01 02:10:54.119333,2024-08-02 02:18:02.875168,,2024-08-02 02:12:02.875168,2024-08-01,,first_feature_used,3,0,2.181699814722222,24.019098843055556,0.1,,,
U02549,2024-06-20,organic,tablet,freemium,2024-06-20 01:29:42.470857,,,2024-06-20 04:00:02.629503,2024-06-20,,profile_completed,2,0,1.4951307936111111,2.5055996238888887,,,,
U02550,2024-02-16,referral,mobile,freemium,2024-02-16 04:14:10.686063,,,,2024-02-16,,email_verified,1,0,4.2363016841666665,,,,,
U02551,2024-08-26,organic,desktop,freemium,,,,,2024-08-26,,signup,0,0,,,,,,
U02552,2024-04-27,organic,desktop,freemium,,,,,2024-04-27,,signup,0,0,,,,,,
U02553,2024-03-20,paid_search,mobile,free_trial,2024-03-20 00:06:00.000000,,,,2024-03-20,,email_verified,1,0,0.1,,,,,
U02554,2024-03-11,organic,desktop,freemium,2024-03-11 00:31:46.315327,,,,2024-03-11,,email_verified,1,0,0.5295320352777778,,,,,
U02555,2024-12-24,referral,mobile,freemium,,,,,2024-12-24,,signup,0,0,,,,,,
U02556,2024-02-07,organic,desktop,freemium,2024-02-07 03:35:23.402724,,,,2024-02-07,,email_verified,1,0,3.58983409,,,,,
U02557,2024-10-18,paid_search,desktop,freemium,,,,,2024-10-18,,signup,0,0,,,,,,
U02558,2024-11-12,paid_search,desktop,freemium,2024-11-12 00:06:00.000000,,,,2024-11-12,,email_verified,1,0,0.1,,,,,
U02559,2024-01-12,paid_search,mobile,freemium,2024-01-12 00:14:43.167445,2024-01-14 00:48:22.313050,,2024-01-12 05:32:10.709800,2024-01-12,,first_feature_used,3,0,0.2453242902777778,5.290983987500001,43.269889791666664,,,
U02560,2024-08-03,organic,tablet,free_trial,2024-08-03 01:31:50.295009,,,2024-08-03 01:37:50.295009,2024-08-03,,profile_completed,2,0,1.5306375025,0.1,,,,
U02561,2024-07-29,organic,mobile,free_trial,2024-07-29 00:06:00.000000,,,,2024-07-29,,email_verified,1,0,0.1,,,,,
U02562,2024-05-10,organic,desktop,freemium,,,,,2024-05-10,,signup,0,0,,,,,,
U02563,2024-08-31,organic,mobile,free_trial,,,,,2024-08-31,,signup,0,0,,,,,,
U02564,2024-05-29,organic,desktop,free_trial,2024-05-29 02:17:15.544593,,,2024-05-29 09:59:48.381645,2024-05-29,,profile_completed,2,0,2.2876512758333334,7.709121403333333,,,,
U02565,2024-06-09,referral,desktop,free_trial,,,,,2024-06-09,,signup,0,0,,,,,,
U02566,2024-06-06,paid_search,tablet,freemium,2024-06-06 00:06:00.000000,,,2024-06-06 00:12:00.000000,2024-06-06,,profile_completed,2,0,0.1,0.1,,,,
U02567,2024-10-19,paid_search,desktop,freemium,2024-10-19 00:06:00.000000,,,,2024-10-19,,email_verified,1,0,0.1,,,,,
U02568,2024-08-19,organic,tablet,freemium,,,,,2024-08-19,,signup,0,0,,,,,,
U02569,2024-05-18,organic,desktop,free_trial,,,,,2024-05-18,,signup,0,0,,,,,,
U02570,2024-12-04,paid_search,desktop,free_trial,2024-12-04 00:06:00.000000,2024-12-05 10:07:47.218511,,2024-12-04 12:55:02.544876,2024-12-04,2024-12-10 14:49:51.015878,team_invited,4,0,0.1,12.817373576666666,21.212409343055555,124.70105482416668,,
U02571,2024-10-19,organic,desktop,free_trial,2024-10-19 00:06:00.000000,,,,2024-10-19,,email_verified,1,0,0.1,,,,,
U02572,2024-12-06,organic,tablet,freemium,2024-12-06 01:59:56.960511,,,,2024-12-06,,email_verified,1,0,1.9991556975,,,,,
U02573,2024-09-23,paid_search,desktop,free_trial,2024-09-23 02:36:47.725176,2024-09-24 09:05:11.392647,2024-10-04 02:10:20.171708,2024-09-23 18:05:33.946547,2024-09-23,2024-09-24 09:11:11.392647,paid_conversion,5,1,2.613256993333333,15.47950593638889,14.993735027777777,0.1,232.98577196138888,266.1722699188889
U02574,2024-05-22,paid_search,mobile,freemium,2024-05-22 00:06:00.000000,,,2024-05-22 03:04:50.484830,2024-05-22,,profile_completed,2,0,0.1,2.9806902305555556,,,,
U02575,2024-10-09,referral,desktop,freemium,2024-10-09 01:38:06.921429,2024-10-11 18:12:24.877983,,2024-10-09 01:44:06.921429,2024-10-09,,first_feature_used,3,0,1.6352559524999999,0.1,64.47165459833333,,,
U02576,2024-04-30,organic,mobile,freemium,,,,,2024-04-30,,signup,0,0,,,,,,
U02577,2024-04-08,paid_search,desktop,freemium,2024-04-08 01:23:22.089734,,,,2024-04-08,,email_verified,1,0,1.3894693705555556,,,,,
U02578,2024-06-13,organic,desktop,freemium,2024-06-13 01:07:15.799242,,,,2024-06-13,,email_verified,1,0,1.121055345,,,,,
U02579,2024-12-19,organic,mobile,freemium,2024-12-19 00:15:03.398321,,,,2024-12-19,,email_verified,1,0,0.25094397805555557,,,,,
U02580,2024-07-26,paid_search,mobile,free_trial,,,,,2024-07-26,,signup,0,0,,,,,,
U02581,2024-05-20,organic,desktop,free_trial,2024-05-20 02:07:10.781021,2024-05-21 05:44:32.007036,2024-05-28 06:28:15.312186,2024-05-20 05:54:57.522030,2024-05-20,2024-05-24 04:37:02.453475,paid_conversion,5,1,2.1196613947222223,3.796316946944444,23.826245835,70.87512401083333,97.85357186416667,198.4709200516667
U02582,2024-06-17,paid_search,desktop,free_trial,2024-06-17 00:06:00.000000,,,2024-06-17 20:30:14.338128,2024-06-17,,profile_completed,2,0,0.1,20.403982813333336,,,,
U02583,2024-04-16,organic,desktop,free_trial,2024-04-16 01:00:29.326658,2024-04-17 22:44:10.761349,,2024-04-17 01:39:07.331072,2024-04-16,,first_feature_used,3,0,1.0081462938888888,24.643890114999998,21.084286188055557,,,
U02584,2024-08-28,organic,tablet,freemium,2024-08-28 00:06:00.000000,,,2024-08-28 00:12:00.000000,2024-08-28,,profile_completed,2,0,0.1,0.1,,,,
U02585,2024-05-07,referral,mobile,free_trial,2024-05-07 01:04:42.677136,,,,2024-05-07,,email_verified,1,0,1.0785214266666665,,,,,
U02586,2024-07-21,organic,mobile,freemium,2024-07-21 00:36:54.035251,,,,2024-07-21,,email_verified,1,0,0.6150097919444444,,,,,
U02587,2024-05-14,paid_search,mobile,free_trial,,,,,2024-05-14,,signup,0,0,,,,,,
U02588,2024-04-27,organic,mobile,freemium,,,,,2024-04-27,,signup,0,0,,,,,,
U02589,2024-12-20,referral,desktop,free_trial,2024-12-20 00:06:00.000000,2024-12-20 01:53:41.587382,,2024-12-20 01:47:41.587382,2024-12-20,2024-12-24 10:52:23.764182,team_invited,4,0,0.1,1.6948853838888889,0.1,104.97838244444445,,
U02590,2024-05-06,organic,desktop,free_trial,2024-05-06 00:57:34.786362,,,,2024-05-06,,email_verified,1,0,0.9596628783333333,,,,,
U02591,2024-01-26,organic,mobile,free_trial,2024-01-26 01:53:12.151985,2024-01-28 10:34:44.523382,,2024-01-26 08:57:45.490560,2024-01-26,,first_feature_used,3,0,1.8867088847222224,7.075927381944445,49.61639800611111,,,
U02592,2024-05-18,paid_search,desktop,freemium,2024-05-18 00:06:00.000000,2024-05-18 01:52:55.228100,,2024-05-18 01:46:55.228100,2024-05-18,,first_feature_used,3,0,0.1,1.6820078055555556,0.1,,,
U02593,2024-07-13,organic,desktop,free_trial,2024-07-13 01:42:09.423657,2024-07-13 08:06:36.761024,,2024-07-13 01:48:09.423657,2024-07-13,2024-07-13 08:12:36.761024,team_invited,4,0,1.7026176825000001,0.1,6.307593713055556,0.1,,
U02594,2024-02-04,organic,mobile,freemium,,,,,2024-02-04,,signup,0,0,,,,,,
U02595,2024-04-21,referral,mobile,freemium,,,,,2024-04-21,,signup,0,0,,,,,,
U02596,2024-03-01,paid_search,mobile,freemium,,,,,2024-03-01,,signup,0,0,,,,,,
U02597,2024-07-01,paid_search,desktop,freemium,,,,,2024-07-01,,signup,0,0,,,,,,
U02598,2024-09-20,paid_search,tablet,freemium,2024-09-20 00:06:00.000000,,,,2024-09-20,,email_verified,1,0,0.1,,,,,
U02599,2024-12-19,referral,desktop,freemium,2024-12-19 00:53:24.084941,,,2024-12-19 15:06:35.763760,2024-12-19,,profile_completed,2,0,0.8900235947222223,14.219910783055555,,,,
U02600,2024-05-22,referral,desktop,free_trial,2024-05-22 01:42:15.188403,2024-05-23 03:36:14.272261,,2024-05-22 08:43:35.824976,2024-05-22,2024-05-23 03:42:14.272261,team_invited,4,0,1.7042190008333333,7.022399048055555,18.877346468055556,0.1,,
U02601,2024-11-11,paid_search,tablet,freemium,2024-11-11 00:06:00.000000,,,2024-11-11 00:12:00.000000,2024-11-11,,profile_completed,2,0,0.1,0.1,,,,
U02602,2024-03-19,organic,mobile,free_trial,2024-03-19 05:13:00.878165,,,2024-03-19 05:19:00.878165,2024-03-19,,profile_completed,2,0,5.216910601388888,0.1,,,,
U02603,2024-10-11,organic,tablet,freemium,2024-10-11 00:06:00.000000,,,,2024-10-11,,email_verified,1,0,0.1,,,,,
U02604,2024-07-24,paid_search,mobile,free_trial,2024-07-24 00:06:00.000000,,,,2024-07-24,,email_verified,1,0,0.1,,,,,
U02605,2024-10-03,referral,mobile,free_trial,2024-10-03 00:06:00.000000,,,,2024-10-03,,email_verified,1,0,0.1,,,,,
U02606,2024-10-02,paid_search,desktop,freemium,2024-10-02 02:55:19.185028,,,2024-10-02 11:29:52.628158,2024-10-02,,profile_completed,2,0,2.921995841111111,8.575956425,,,,
U02607,2024-07-13,organic,desktop,free_trial,2024-07-13 00:47:11.933695,,,,2024-07-13,,email_verified,1,0,0.7866482486111112,,,,,
U02608,2024-04-03,organic,tablet,free_trial,2024-04-03 00:31:31.530378,2024-04-03 00:43:31.530378,,2024-04-03 00:37:31.530378,2024-04-03,2024-04-06 13:14:45.374383,team_invited,4,0,0.525425105,0.1,0.1,84.52051222361112,,
U02609,2024-07-11,paid_search,mobile,free_trial,2024-07-11 00:06:00.000000,,,2024-07-11 00:12:00.000000,2024-07-11,,profile_completed,2,0,0.1,0.1,,,,
U02610,2024-10-28,referral,desktop,freemium,2024-10-28 00:16:09.347650,2024-10-29 14:17:46.545624,2024-11-13 12:36:09.443438,2024-10-28 00:22:09.347650,2024-10-28,2024-11-03 18:31:37.903397,paid_conversion,5,1,0.26926323611111114,0.1,37.92699943722222,124.23093271472223,234.07542778916667,396.60262317722226
U02611,2024-12-20,organic,desktop,free_trial,,,,,2024-12-20,,signup,0,0,,,,,,
U02612,2024-12-04,paid_search,desktop,free_trial,2024-12-04 02:11:35.657205,2024-12-07 07:31:27.599008,,2024-12-04 10:35:18.023009,2024-12-04,2024-12-07 07:37:27.599008,team_invited,4,0,2.1932381125,8.395101612222222,68.93599333305555,0.1,,
U02613,2024-03-07,paid_search,desktop,freemium,2024-03-07 00:06:00.000000,,,,2024-03-07,,email_verified,1,0,0.1,,,,,
U02614,2024-08-06,referral,mobile,freemium,2024-08-06 00:06:00.000000,,,,2024-08-06,,email_verified,1,0,0.1,,,,,
U02615,2024-02-08,organic,desktop,free_trial,2024-02-08 03:12:40.817842,2024-02-14 19:16:40.937693,,2024-02-09 05:20:37.056141,2024-02-08,,first_feature_used,3,0,3.2113382894444444,26.13228841638889,133.93441154222222,,,
U02616,2024-09-01,referral,desktop,free_trial,2024-09-01 01:56:53.420178,2024-09-03 03:05:05.936349,,2024-09-01 02:02:53.420178,2024-09-01,2024-09-09 09:11:29.927762,team_invited,4,0,1.9481722716666667,0.1,49.0368100475,150.1066642813889,,
U02617,2024-12-28,paid_search,tablet,free_trial,2024-12-28 00:06:00.000000,,,,2024-12-28,,email_verified,1,0,0.1,,,,,
U02618,2024-01-20,paid_search,desktop,freemium,2024-01-20 04:47:14.162837,2024-01-22 12:37:11.569676,,2024-01-20 13:07:27.350390,2024-01-20,,first_feature_used,3,0,4.7872674547222225,8.3369965425,47.49561646833334,,,
U02619,2024-08-27,organic,desktop,free_trial,2024-08-27 00:06:00.000000,,,2024-08-27 00:12:00.000000,2024-08-27,,profile_completed,2,0,0.1,0.1,,,,
U02620,2024-12-11,paid_search,desktop,free_trial,,,,,2024-12-11,,signup,0,0,,,,,,
U02621,2024-11-05,paid_search,desktop,free_trial,2024-11-05 00:06:00.000000,,,2024-11-05 14:22:07.425759,2024-11-05,,profile_completed,2,0,0.1,14.2687293775,,,,
U02622,2024-05-23,organic,desktop,freemium,2024-05-23 03:07:05.287975,,,2024-05-23 03:13:05.287975,2024-05-23,,profile_completed,2,0,3.118135548611111,0.1,,,,
U02623,2024-02-07,organic,desktop,free_trial,,,,,2024-02-07,,signup,0,0,,,,,,
U02624,2024-12-03,paid_search,desktop,freemium,,,,,2024-12-03,,signup,0,0,,,,,,
U02625,2024-12-02,paid_search,desktop,free_trial,2024-12-02 01:19:39.823711,,,,2024-12-02,,email_verified,1,0,1.3277288086111112,,,,,
U02626,2024-07-30,organic,desktop,freemium,2024-07-30 05:35:29.149135,,,,2024-07-30,,email_verified,1,0,5.591430315277778,,,,,
U02627,2024-12-23,organic,desktop,freemium,2024-12-23 00:27:53.887776,,,,2024-12-23,,email_verified,1,0,0.46496882666666667,,,,,
U02628,2024-01-02,organic,tablet,free_trial,2024-01-02 00:06:00.000000,,,2024-01-02 10:38:15.199555,2024-01-02,,profile_completed,2,0,0.1,10.537555431944444,,,,
U02629,2024-08-13,referral,desktop,free_trial,2024-08-13 00:30:16.752006,2024-08-14 20:10:48.499059,,2024-08-13 15:25:57.569498,2024-08-13,,first_feature_used,3,0,0.504653335,14.92800485888889,28.74748043361111,,,
U02630,2024-01-15,referral,desktop,free_trial,2024-01-15 04:34:10.646685,2024-01-16 20:30:26.546732,,2024-01-15 04:40:10.646685,2024-01-15,,first_feature_used,3,0,4.569624079166666,0.1,39.837750013055555,,,
U02631,2024-12-07,organic,mobile,freemium,2024-12-07 05:31:06.838264,,,2024-12-08 00:34:23.251624,2024-12-07,,profile_completed,2,0,5.518566184444445,19.05455926666667,,,,
U02632,2024-09-05,organic,desktop,free_trial,2024-09-05 00:23:16.699478,,,,2024-09-05,,email_verified,1,0,0.3879720772222222,,,,,
U02633,2024-11-29,organic,desktop,freemium,,,,,2024-11-29,,signup,0,0,,,,,,
U02634,2024-07-24,paid_search,mobile,free_trial,,,,,2024-07-24,,signup,0,0,,,,,,
U02635,2024-01-31,referral,desktop,freemium,2024-01-31 00:06:00.000000,,,2024-01-31 03:42:24.594559,2024-01-31,,profile_completed,2,0,0.1,3.606831821944444,,,,
U02636,2024-01-10,paid_search,desktop,freemium,,,,,2024-01-10,,signup,0,0,,,,,,
U02637,2024-05-02,organic,mobile,free_trial,,,,,2024-05-02,,signup,0,0,,,,,,
U02638,2024-09-28,organic,mobile,free_trial,2024-09-28 00:06:00.000000,,,2024-09-28 00:12:00.000000,2024-09-28,,profile_completed,2,0,0.1,0.1,,,,
U02639,2024-02-25,organic,desktop,freemium,2024-02-25 01:02:29.459895,,,,2024-02-25,,email_verified,1,0,1.0415166375,,,,,
U02640,2024-11-07,referral,desktop,free_trial,2024-11-07 01:03:11.652874,2024-11-09 18:05:55.005963,,2024-11-07 01:09:11.652874,2024-11-07,,first_feature_used,3,0,1.0532369094444445,0.1,64.94537585805556,,,
U02641,2024-03-28,paid_search,desktop,freemium,2024-03-28 00:06:00.000000,,,2024-03-28 00:12:00.000000,2024-03-28,,profile_completed,2,0,0.1,0.1,,,,
U02642,2024-06-30,paid_search,mobile,freemium,2024-06-30 00:06:00.000000,,,2024-06-30 04:34:31.803645,2024-06-30,,profile_completed,2,0,0.1,4.4755010125,,,,
U02643,2024-03-15,organic,desktop,free_trial,2024-03-15 02:15:15.200378,,,2024-03-15 07:27:55.314220,2024-03-15,,profile_completed,2,0,2.254222327222222,5.211142733888889,,,,
U02644,2024-06-19,referral,desktop,free_trial,2024-06-19 01:10:15.578818,2024-06-19 01:22:15.578818,,2024-06-19 01:16:15.578818,2024-06-19,,first_feature_used,3,0,1.170994116111111,0.1,0.1,,,
U02645,2024-06-14,organic,desktop,free_trial,2024-06-14 00:06:00.000000,,,,2024-06-14,,email_verified,1,0,0.1,,,,,
U02646,2024-01-02,referral,tablet,free_trial,2024-01-02 01:35:20.032690,,,,2024-01-02,,email_verified,1,0,1.5888979694444445,,,,,
U02647,2024-07-26,referral,desktop,freemium,2024-07-26 01:01:37.758090,,,,2024-07-26,,email_verified,1,0,1.0271550249999999,,,,,
U02648,2024-10-14,paid_search,desktop,freemium,2024-10-14 02:47:13.626601,,,2024-10-14 02:53:13.626601,2024-10-14,,profile_completed,2,0,2.787118500277778,0.1,,,,
U02649,2024-12-07,referral,desktop,free_trial,2024-12-07 01:24:46.912057,,,2024-12-07 01:30:46.912057,2024-12-07,,profile_completed,2,0,1.4130311269444442,0.1,,,,
U02650,2024-04-30,organic,mobile,freemium,,,,,2024-04-30,,signup,0,0,,,,,,
U02651,2024-11-17,paid_search,desktop,free_trial,2024-11-17 00:06:00.000000,,,,2024-11-17,,email_verified,1,0,0.1,,,,,
U02652,2024-11-16,organic,mobile,freemium,,,,,2024-11-16,,signup,0,0,,,,,,
U02653,2024-12-26,paid_search,desktop,freemium,2024-12-26 00:06:00.000000,2024-12-27 00:24:17.344726,,2024-12-26 00:12:00.000000,2024-12-26,2024-12-27 00:30:17.344726,team_invited,4,0,0.1,0.1,24.204817979444442,0.1,,
U02654,2024-05-16,organic,desktop,free_trial,2024-05-16 00:06:00.000000,,,2024-05-17 00:11:54.305931,2024-05-16,,profile_completed,2,0,0.1,24.098418314166665,,,,
U02655,2024-11-06,organic,desktop,freemium,2024-11-06 01:28:01.065151,,,,2024-11-06,,email_verified,1,0,1.4669625419444443,,,,,
U02656,2024-07-25,organic,desktop,freemium,2024-07-25 04:12:48.790059,,,,2024-07-25,,email_verified,1,0,4.213552794166667,,,,,
U02657,2024-01-22,organic,desktop,free_trial,2024-01-22 00:06:00.000000,2024-01-22 15:17:13.293459,,2024-01-22 15:11:13.293459,2024-01-22,,first_feature_used,3,0,0.1,15.087025960833333,0.1,,,
U02658,2024-04-08,paid_search,mobile,free_trial,2024-04-08 01:19:03.628600,2024-04-08 04:52:11.103004,,2024-04-08 04:46:11.103004,2024-04-08,,first_feature_used,3,0,1.317674611111111,3.4520762233333335,0.1,,,
U02659,2024-09-02,paid_search,desktop,freemium,2024-09-02 00:51:30.250928,,,2024-09-02 00:57:30.250928,2024-09-02,,profile_completed,2,0,0.8584030355555555,0.1,,,,
U02660,2024-02-28,organic,mobile,free_trial,,,,,2024-02-28,,signup,0,0,,,,,,
U02661,2024-06-07,referral,desktop,free_trial,2024-06-07 00:06:00.000000,,,,2024-06-07,,email_verified,1,0,0.1,,,,,
U02662,2024-10-09,referral,desktop,free_trial,2024-10-09 00:33:46.187646,2024-10-09 12:45:38.641219,,2024-10-09 12:39:38.641219,2024-10-09,,first_feature_used,3,0,0.5628299016666667,12.097903770277778,0.1,,,
U02663,2024-02-24,organic,desktop,freemium,2024-02-24 00:06:00.000000,,,,2024-02-24,,email_verified,1,0,0.1,,,,,
U02664,2024-06-30,organic,desktop,free_trial,,,,,2024-06-30,,signup,0,0,,,,,,
U02665,2024-03-19,paid_search,desktop,free_trial,2024-03-19 00:06:00.000000,2024-03-23 01:44:29.657701,,2024-03-19 01:23:05.637344,2024-03-19,,first_feature_used,3,0,0.1,1.2848992622222222,96.35667232138888,,,
U02666,2024-07-14,paid_search,tablet,free_trial,,,,,2024-07-14,,signup,0,0,,,,,,
U02667,2024-03-28,organic,tablet,free_trial,2024-03-28 00:06:00.000000,,,,2024-03-28,,email_verified,1,0,0.1,,,,,
U02668,2024-12-18,paid_search,mobile,freemium,2024-12-18 00:56:27.466141,,,,2024-12-18,,email_verified,1,0,0.9409628169444444,,,,,
U02669,2024-01-28,organic,mobile,free_trial,,,,,2024-01-28,,signup,0,0,,,,,,
U02670,2024-12-17,organic,desktop,freemium,,,,,2024-12-17,,signup,0,0,,,,,,
U02671,2024-10-16,paid_search,desktop,free_trial,2024-10-16 01:57:13.644691,2024-10-16 06:31:51.109902,,2024-10-16 06:25:51.109902,2024-10-16,,first_feature_used,3,0,1.9537901919444445,4.477073669722222,0.1,,,
U02672,2024-11-08,paid_search,desktop,freemium,,,,,2024-11-08,,signup,0,0,,,,,,
U02673,2024-11-06,referral,mobile,free_trial,2024-11-06 01:11:40.156847,,,2024-11-06 14:10:04.740205,2024-11-06,,profile_completed,2,0,1.1944880130555555,12.973495377222223,,,,
U02674,2024-03-09,organic,desktop,freemium,,,,,2024-03-09,,signup,0,0,,,,,,
U02675,2024-12-05,organic,desktop,free_trial,,,,,2024-12-05,,signup,0,0,,,,,,
U02676,2024-08-04,organic,mobile,freemium,2024-08-04 00:06:00.000000,,,,2024-08-04,,email_verified,1,0,0.1,,,,,
U02677,2024-12-17,organic,desktop,free_trial,,,,,2024-12-17,,signup,0,0,,,,,,
U02678,2024-11-16,organic,mobile,free_trial,2024-11-16 00:06:00.000000,,,,2024-11-16,,email_verified,1,0,0.1,,,,,
U02679,2024-07-30,paid_search,desktop,freemium,2024-07-30 00:06:00.000000,2024-07-31 06:48:56.164717,,2024-07-30 10:46:03.540578,2024-07-30,2024-08-02 21:40:55.829196,team_invited,4,0,0.1,10.667650160555555,20.047951149722223,62.866573466388886,,
U02680,2024-05-16,paid_search,mobile,free_trial,2024-05-16 01:33:15.621269,,,2024-05-16 01:39:15.621269,2024-05-16,,profile_completed,2,0,1.554339241388889,0.1,,,,
U02681,2024-02-12,paid_search,mobile,free_trial,2024-02-12 00:06:00.000000,,,2024-02-12 00:12:00.000000,2024-02-12,,profile_completed,2,0,0.1,0.1,,,,
U02682,2024-02-06,organic,mobile,freemium,2024-02-06 00:33:50.863357,2024-02-06 00:45:50.863357,,2024-02-06 00:39:50.863357,2024-02-06,,first_feature_used,3,0,0.5641287102777778,0.1,0.1,,,
U02683,2024-05-22,organic,desktop,freemium,2024-05-22 00:06:00.000000,2024-05-22 14:10:06.655183,,2024-05-22 07:30:27.911600,2024-05-22,,first_feature_used,3,0,0.1,7.407753222222222,6.660762106388889,,,
U02684,2024-10-23,paid_search,desktop,freemium,,,,,2024-10-23,,signup,0,0,,,,,,
U02685,2024-07-03,organic,desktop,freemium,2024-07-03 00:06:00.000000,,,,2024-07-03,,email_verified,1,0,0.1,,,,,
U02686,2024-06-24,referral,desktop,free_trial,2024-06-24 00:06:00.000000,2024-06-25 15:05:21.618568,,2024-06-24 00:12:00.000000,2024-06-24,,first_feature_used,3,0,0.1,0.1,38.88933849111111,,,
U02687,2024-03-30,organic,desktop,free_trial,2024-03-30 00:06:00.000000,2024-04-01 13:54:45.435672,,2024-03-30 12:36:19.532511,2024-03-30,,first_feature_used,3,0,0.1,12.5054256975,49.3071953225,,,
U02688,2024-07-25,paid_search,desktop,freemium,2024-07-25 02:24:01.038055,2024-07-25 06:02:47.260391,,2024-07-25 05:56:47.260391,2024-07-25,,first_feature_used,3,0,2.4002883486111113,3.546172871111111,0.1,,,
U02689,2024-08-20,referral,desktop,free_trial,2024-08-20 00:06:00.000000,2024-08-20 12:23:08.564942,,2024-08-20 04:15:21.811540,2024-08-20,2024-08-20 12:29:08.564942,team_invited,4,0,0.1,4.156058761111112,8.129653722777777,0.1,,
U02690,2024-12-24,paid_search,desktop,free_trial,2024-12-24 01:15:39.879103,2024-12-27 14:58:22.648183,2025-01-01 11:04:12.779036,2024-12-24 10:14:29.088177,2024-12-24,2024-12-29 09:24:26.917310,paid_conversion,5,1,1.261077528611111,8.980335853888889,76.7315444461111,42.43451920194445,73.66273936833332,203.0702163988889
U02691,2024-09-23,paid_search,tablet,free_trial,2024-09-23 00:06:00.000000,,,2024-09-23 00:12:00.000000,2024-09-23,,profile_completed,2,0,0.1,0.1,,,,
U02692,2024-08-09,paid_search,desktop,free_trial,2024-08-09 00:21:41.565829,2024-08-11 09:54:07.202155,2024-08-16 09:32:37.940469,2024-08-09 14:56:36.119431,2024-08-09,2024-08-12 18:08:44.532197,paid_conversion,5,1,0.3615460636111111,14.581820445,42.958634090000004,32.24370278944445,87.39816896444444,177.54387235250002
U02693,2024-11-28,organic,desktop,free_trial,,,,,2024-11-28,,signup,0,0,,,,,,
U02694,2024-06-04,paid_search,desktop,free_trial,2024-06-04 02:19:10.833123,,,,2024-06-04,,email_verified,1,0,2.3196758675,,,,,
U02695,2024-12-07,referral,desktop,freemium,,,,,2024-12-07,,signup,0,0,,,,,,
U02696,2024-05-15,referral,tablet,freemium,,,,,2024-05-15,,signup,0,0,,,,,,
U02697,2024-02-16,organic,desktop,freemium,2024-02-16 00:24:11.762605,2024-02-16 09:06:08.194148,,2024-02-16 00:30:11.762605,2024-02-16,,first_feature_used,3,0,0.40326739027777775,0.1,8.599008761944445,,,
U02698,2024-06-01,organic,mobile,free_trial,2024-06-01 00:06:00.000000,,,2024-06-01 16:00:48.688518,2024-06-01,,profile_completed,2,0,0.1,15.913524588333335,,,,
U02699,2024-02-16,paid_search,mobile,free_trial,2024-02-16 00:23:13.337692,,,2024-02-16 00:29:13.337692,2024-02-16,,profile_completed,2,0,0.3870382477777778,0.1,,,,
U02700,2024-02-13,paid_search,mobile,freemium,2024-02-13 01:32:10.490277,2024-02-14 22:03:04.680763,2024-02-20 13:24:05.261599,2024-02-13 01:38:10.490277,2024-02-13,2024-02-14 22:09:04.680763,paid_conversion,5,1,1.5362472991666667,0.1,44.41505291277778,0.1,135.25016134333333,181.40146155527776
U02701,2024-11-17,organic,mobile,free_trial,2024-11-17 00:06:00.000000,,,,2024-11-17,,email_verified,1,0,0.1,,,,,
U02702,2024-10-17,organic,mobile,free_trial,2024-10-17 00:20:55.528870,,,,2024-10-17,,email_verified,1,0,0.34875801944444446,,,,,
U02703,2024-03-21,organic,desktop,freemium,2024-03-21 00:06:00.000000,,,,2024-03-21,,email_verified,1,0,0.1,,,,,
U02704,2024-11-01,paid_search,desktop,freemium,,,,,2024-11-01,,signup,0,0,,,,,,
U02705,2024-01-26,organic,mobile,free_trial,,,,,2024-01-26,,signup,0,0,,,,,,
U02706,2024-04-13,organic,desktop,freemium,2024-04-13 00:06:00.000000,,,2024-04-13 12:58:53.901387,2024-04-13,,profile_completed,2,0,0.1,12.881639274166666,,,,
U02707,2024-09-14,organic,desktop,freemium,,,,,2024-09-14,,signup,0,0,,,,,,
U02708,2024-04-20,referral,desktop,freemium,2024-04-20 00:06:00.000000,,,,2024-04-20,,email_verified,1,0,0.1,,,,,
U02709,2024-09-23,organic,desktop,free_trial,2024-09-23 00:29:37.106919,,,2024-09-23 00:35:37.106919,2024-09-23,,profile_completed,2,0,0.49364081083333333,0.1,,,,
U02710,2024-11-15,organic,desktop,freemium,2024-11-15 00:06:00.000000,,,,2024-11-15,,email_verified,1,0,0.1,,,,,
U02711,2024-01-25,paid_search,desktop,freemium,2024-01-25 00:06:00.000000,2024-01-25 15:57:01.233303,,2024-01-25 00:12:00.000000,2024-01-25,,first_feature_used,3,0,0.1,0.1,15.750342584166667,,,
U02712,2024-01-09,organic,desktop,free_trial,2024-01-09 00:06:00.000000,,,,2024-01-09,,email_verified,1,0,0.1,,,,,
U02713,2024-12-09,referral,desktop,freemium,2024-12-09 00:06:00.000000,,,2024-12-09 00:12:00.000000,2024-12-09,,profile_completed,2,0,0.1,0.1,,,,
U02714,2024-07-08,referral,desktop,freemium,2024-07-08 01:26:43.110120,,,,2024-07-08,,email_verified,1,0,1.4453083666666668,,,,,
U02715,2024-07-03,organic,mobile,free_trial,2024-07-03 04:09:57.146641,2024-07-04 03:12:26.504989,,2024-07-03 04:15:57.146641,2024-07-03,,first_feature_used,3,0,4.165874066944444,0.1,22.94148843,,,
U02716,2024-06-18,organic,desktop,free_trial,2024-06-18 00:06:00.000000,,,,2024-06-18,,email_verified,1,0,0.1,,,,,
U02717,2024-06-07,organic,mobile,free_trial,,,,,2024-06-07,,signup,0,0,,,,,,
U02718,2024-09-08,organic,desktop,freemium,2024-09-08 00:47:06.662028,,,,2024-09-08,,email_verified,1,0,0.7851838966666668,,,,,
U02719,2024-07-30,organic,desktop,free_trial,2024-07-30 00:59:46.358573,,,2024-07-30 01:05:46.358573,2024-07-30,,profile_completed,2,0,0.9962107147222222,0.1,,,,
U02720,2024-02-29,organic,mobile,free_trial,2024-02-29 00:06:00.000000,,,2024-02-29 00:12:00.000000,2024-02-29,,profile_completed,2,0,0.1,0.1,,,,
U02721,2024-08-16,organic,mobile,free_trial,2024-08-16 00:06:00.000000,,,2024-08-16 00:12:00.000000,2024-08-16,,profile_completed,2,0,0.1,0.1,,,,
U02722,2024-08-31,paid_search,mobile,freemium,2024-08-31 02:20:07.930711,,,2024-08-31 05:06:17.911540,2024-08-31,,profile_completed,2,0,2.335536308611111,2.7694391191666665,,,,
U02723,2024-02-11,organic,mobile,freemium,,,,,2024-02-11,,signup,0,0,,,,,,
U02724,2024-05-17,organic,mobile,free_trial,2024-05-17 00:06:00.000000,,,2024-05-17 00:47:07.223102,2024-05-17,,profile_completed,2,0,0.1,0.6853397505555555,,,,
U02725,2024-10-15,paid_search,mobile,free_trial,2024-10-15 00:06:00.000000,,,,2024-10-15,,email_verified,1,0,0.1,,,,,
U02726,2024-08-13,organic,mobile,free_trial,2024-08-13 03:26:47.798150,,,2024-08-13 14:09:37.051982,2024-08-13,,profile_completed,2,0,3.4466105972222225,10.713681620000001,,,,
U02727,2024-02-19,organic,mobile,free_trial,,,,,2024-02-19,,signup,0,0,,,,,,
U02728,2024-01-15,organic,desktop,freemium,2024-01-15 00:17:20.335272,,,,2024-01-15,,email_verified,1,0,0.28898202,,,,,
U02729,2024-07-31,organic,desktop,free_trial,2024-07-31 01:26:16.878923,,,,2024-07-31,,email_verified,1,0,1.4380219230555555,,,,,
U02730,2024-06-17,organic,desktop,freemium,,,,,2024-06-17,,signup,0,0,,,,,,
U02731,2024-12-16,referral,desktop,freemium,2024-12-16 00:06:00.000000,,,2024-12-16 16:10:05.309841,2024-12-16,,profile_completed,2,0,0.1,16.0681416225,,,,
U02732,2024-07-09,referral,mobile,freemium,,,,,2024-07-09,,signup,0,0,,,,,,
U02733,2024-12-05,organic,desktop,free_trial,2024-12-05 00:06:00.000000,2024-12-07 04:54:35.562288,2024-12-22 01:19:32.596889,2024-12-05 13:21:27.055182,2024-12-05,2024-12-16 19:47:41.663485,paid_conversion,5,1,0.1,13.257515328333332,39.552363085,230.88502811027777,125.53081483444444,409.32572135805555
U02734,2024-03-19,organic,desktop,free_trial,2024-03-19 00:06:00.000000,,,,2024-03-19,,email_verified,1,0,0.1,,,,,
U02735,2024-06-12,paid_search,mobile,free_trial,2024-06-12 00:34:38.443550,2024-06-14 06:18:53.070938,,2024-06-12 06:52:23.877195,2024-06-12,,first_feature_used,3,0,0.5773454305555555,6.295953790277778,47.44144270638889,,,
U02736,2024-02-20,paid_search,desktop,freemium,,,,,2024-02-20,,signup,0,0,,,,,,
U02737,2024-07-28,organic,mobile,freemium,2024-07-28 00:43:58.677875,,,2024-07-28 01:22:14.603797,2024-07-28,,profile_completed,2,0,0.7329660763888889,0.6377572005555555,,,,
U02738,2024-03-09,organic,desktop,freemium,,,,,2024-03-09,,signup,0,0,,,,,,
U02739,2024-06-28,organic,desktop,freemium,2024-06-28 00:06:00.000000,,,2024-06-28 00:12:00.000000,2024-06-28,,profile_completed,2,0,0.1,0.1,,,,
U02740,2024-05-05,paid_search,desktop,free_trial,2024-05-05 00:06:00.000000,2024-05-05 21:39:57.523875,,2024-05-05 12:47:53.255715,2024-05-05,,first_feature_used,3,0,0.1,12.6981265875,8.867852266666667,,,
U02741,2024-03-08,organic,desktop,freemium,2024-03-08 00:22:37.165665,,,,2024-03-08,,email_verified,1,0,0.3769904625,,,,,
U02742,2024-02-05,organic,desktop,freemium,2024-02-05 00:56:25.334720,2024-02-08 12:57:18.239895,,2024-02-05 09:42:07.654135,2024-02-05,,first_feature_used,3,0,0.9403707555555555,8.761755393055555,75.25294048888888,,,
U02743,2024-07-05,organic,desktop,free_trial,2024-07-05 01:57:23.620523,,,2024-07-05 02:03:23.620523,2024-07-05,,profile_completed,2,0,1.9565612563888888,0.1,,,,
U02744,2024-12-11,organic,desktop,freemium,,,,,2024-12-11,,signup,0,0,,,,,,
U02745,2024-03-13,paid_search,desktop,freemium,,,,,2024-03-13,,signup,0,0,,,,,,
U02746,2024-05-27,paid_search,mobile,freemium,2024-05-27 00:47:42.166957,,,,2024-05-27,,email_verified,1,0,0.7950463769444445,,,,,
U02747,2024-03-22,paid_search,desktop,freemium,2024-03-22 00:06:00.000000,,,,2024-03-22,,email_verified,1,0,0.1,,,,,
U02748,2024-10-22,organic,desktop,free_trial,2024-10-22 03:07:59.682291,2024-10-24 08:07:49.033569,,2024-10-22 10:17:10.585825,2024-10-22,,first_feature_used,3,0,3.133245080833333,7.153028759444445,45.84401326222223,,,
U02749,2024-05-31,organic,desktop,freemium,2024-05-31 02:06:11.184961,,,2024-05-31 02:12:11.184961,2024-05-31,,profile_completed,2,0,2.103106933611111,0.1,,,,
U02750,2024-12-21,referral,tablet,free_trial,2024-12-21 00:06:00.000000,2024-12-26 18:34:23.893644,2025-01-07 13:03:27.156183,2024-12-21 01:15:19.925882,2024-12-21,2024-12-26 18:40:23.893644,paid_conversion,5,1,0.1,1.1555349672222222,137.31776882277777,0.1,282.3842395941667,421.05754338416665
U02751,2024-03-30,paid_search,mobile,freemium,,,,,2024-03-30,,signup,0,0,,,,,,
U02752,2024-01-30,organic,tablet,free_trial,2024-01-30 00:30:53.440265,,,2024-01-30 17:39:22.481460,2024-01-30,,profile_completed,2,0,0.5148445180555555,17.141400331944443,,,,
U02753,2024-07-31,organic,tablet,freemium,2024-07-31 00:13:22.186483,2024-07-31 00:25:22.186483,,2024-07-31 00:19:22.186483,2024-07-31,,first_feature_used,3,0,0.2228295786111111,0.1,0.1,,,
U02754,2024-08-25,referral,desktop,free_trial,2024-08-25 00:06:00.000000,2024-08-25 09:21:15.280100,2024-09-09 19:18:55.369406,2024-08-25 00:12:00.000000,2024-08-25,2024-08-25 09:27:15.280100,paid_conversion,5,1,0.1,0.1,9.154244472222222,0.1,369.86113591833333,379.31538039055556
U02755,2024-12-27,paid_search,mobile,free_trial,2024-12-27 00:06:00.000000,2024-12-27 07:03:51.004687,,2024-12-27 03:11:51.225246,2024-12-27,,first_feature_used,3,0,0.1,3.097562568333333,3.866605400277778,,,
U02756,2024-11-14,referral,desktop,free_trial,2024-11-14 01:48:54.329490,,,2024-11-14 01:54:54.329490,2024-11-14,,profile_completed,2,0,1.815091525,0.1,,,,
U02757,2024-11-18,paid_search,mobile,freemium,2024-11-18 02:50:01.304118,,,2024-11-18 02:56:01.304118,2024-11-18,,profile_completed,2,0,2.8336955883333332,0.1,,,,
U02758,2024-08-19,organic,desktop,free_trial,2024-08-19 00:47:31.204702,,,,2024-08-19,,email_verified,1,0,0.7920013061111111,,,,,
U02759,2024-05-11,organic,desktop,free_trial,2024-05-11 00:06:00.000000,,,,2024-05-11,,email_verified,1,0,0.1,,,,,
U02760,2024-06-05,organic,tablet,free_trial,,,,,2024-06-05,,signup,0,0,,,,,,
U02761,2024-02-18,paid_search,mobile,free_trial,2024-02-18 00:40:28.612260,,,2024-02-18 16:05:12.503909,2024-02-18,,profile_completed,2,0,0.6746145166666666,15.412192124722221,,,,
U02762,2024-06-06,paid_search,tablet,freemium,2024-06-06 01:58:51.117740,,,2024-06-07 01:57:31.324554,2024-06-06,,profile_completed,2,0,1.9808660388888888,23.97783522611111,,,,
U02763,2024-05-13,organic,desktop,free_trial,,,,,2024-05-13,,signup,0,0,,,,,,
U02764,2024-01-14,referral,desktop,free_trial,2024-01-14 00:06:00.000000,2024-01-14 13:48:35.180120,,2024-01-14 13:42:35.180120,2024-01-14,2024-01-19 08:14:23.794685,team_invited,4,0,0.1,13.609772255555555,0.1,114.4301707125,,
U02765,2024-03-15,organic,desktop,free_trial,2024-03-15 00:41:58.095893,,,2024-03-15 03:35:02.782788,2024-03-15,,profile_completed,2,0,0.6994710813888889,2.8846352486111115,,,,
U02766,2024-07-14,organic,desktop,free_trial,2024-07-14 00:06:00.000000,,,2024-07-14 00:12:00.000000,2024-07-14,,profile_completed,2,0,0.1,0.1,,,,
U02767,2024-05-14,organic,desktop,free_trial,2024-05-14 00:06:00.000000,2024-05-16 00:45:00.273584,,2024-05-15 06:59:05.475758,2024-05-14,2024-05-19 21:03:51.639995,team_invited,4,0,0.1,30.884854377222222,17.765221618333335,92.31426844750001,,
U02768,2024-12-28,referral,desktop,free_trial,2024-12-28 00:06:00.000000,2024-12-29 18:26:27.725617,,2024-12-28 18:34:07.417079,2024-12-28,,first_feature_used,3,0,0.1,18.46872696638889,23.87230792722222,,,
U02769,2024-06-23,referral,mobile,free_trial,,,,,2024-06-23,,signup,0,0,,,,,,
U02770,2024-12-15,paid_search,desktop,free_trial,,,,,2024-12-15,,signup,0,0,,,,,,
U02771,2024-08-29,referral,mobile,free_trial,,,,,2024-08-29,,signup,0,0,,,,,,
U02772,2024-01-15,referral,mobile,freemium,,,,,2024-01-15,,signup,0,0,,,,,,
U02773,2024-03-15,referral,mobile,free_trial,2024-03-15 00:06:00.000000,,,,2024-03-15,,email_verified,1,0,0.1,,,,,
U02774,2024-09-14,referral,desktop,freemium,,,,,2024-09-14,,signup,0,0,,,,,,
U02775,2024-07-17,organic,desktop,freemium,2024-07-17 00:06:00.000000,,,,2024-07-17,,email_verified,1,0,0.1,,,,,
U02776,2024-04-20,paid_search,desktop,freemium,2024-04-20 00:13:18.215774,,,,2024-04-20,,email_verified,1,0,0.2217266038888889,,,,,
U02777,2024-07-09,paid_search,mobile,free_trial,2024-07-09 01:25:30.019962,,,,2024-07-09,,email_verified,1,0,1.425005545,,,,,
U02778,2024-11-25,paid_search,desktop,freemium,2024-11-25 00:38:13.635364,2024-11-25 03:51:17.623303,,2024-11-25 00:44:13.635364,2024-11-25,,first_feature_used,3,0,0.6371209344444445,0.1,3.1177744275,,,
U02779,2024-05-21,organic,desktop,freemium,2024-05-21 04:23:16.021781,,,2024-05-21 17:00:16.682070,2024-05-21,,profile_completed,2,0,4.3877838280555554,12.616850080277777,,,,
U02780,2024-01-17,paid_search,tablet,freemium,2024-01-17 01:18:27.940373,,,,2024-01-17,,email_verified,1,0,1.3077612147222224,,,,,
U02781,2024-04-23,referral,mobile,freemium,,,,,2024-04-23,,signup,0,0,,,,,,
U02782,2024-12-07,organic,mobile,free_trial,2024-12-07 00:32:50.335682,,,2024-12-07 00:38:50.335682,2024-12-07,,profile_completed,2,0,0.5473154672222222,0.1,,,,
U02783,2024-10-05,referral,desktop,freemium,2024-10-05 00:06:00.000000,,,2024-10-05 09:05:53.531096,2024-10-05,,profile_completed,2,0,0.1,8.998203082222222,,,,
U02784,2024-11-01,organic,tablet,freemium,,,,,2024-11-01,,signup,0,0,,,,,,
U02785,2024-11-28,organic,desktop,free_trial,,,,,2024-11-28,,signup,0,0,,,,,,
U02786,2024-02-12,organic,desktop,free_trial,2024-02-12 02:02:58.326751,,,,2024-02-12,,email_verified,1,0,2.049535208611111,,,,,
U02787,2024-04-13,paid_search,mobile,freemium,2024-04-13 00:06:00.000000,,,,2024-04-13,,email_verified,1,0,0.1,,,,,
U02788,2024-01-22,paid_search,mobile,free_trial,,,,,2024-01-22,,signup,0,0,,,,,,
U02789,2024-01-02,organic,desktop,freemium,2024-01-02 07:19:32.114150,,,2024-01-02 16:58:48.658570,2024-01-02,,profile_completed,2,0,7.325587263888889,9.654595672222221,,,,
U02790,2024-10-31,paid_search,desktop,free_trial,2024-10-31 00:06:00.000000,,,,2024-10-31,,email_verified,1,0,0.1,,,,,
U02791,2024-12-07,organic,desktop,freemium,,,,,2024-12-07,,signup,0,0,,,,,,
U02792,2024-02-26,organic,mobile,free_trial,,,,,2024-02-26,,signup,0,0,,,,,,
U02793,2024-09-20,referral,mobile,freemium,2024-09-20 00:06:00.000000,,,,2024-09-20,,email_verified,1,0,0.1,,,,,
U02794,2024-07-14,paid_search,desktop,free_trial,2024-07-14 01:14:26.345909,2024-07-16 18:38:53.997755,,2024-07-15 06:18:44.129969,2024-07-14,2024-07-16 18:44:53.997755,team_invited,4,0,1.2406516413888888,29.071606683333336,36.336074385,0.1,,
U02795,2024-01-26,paid_search,desktop,freemium,2024-01-26 00:06:00.000000,,,2024-01-26 00:12:00.000000,2024-01-26,,profile_completed,2,0,0.1,0.1,,,,
U02796,2024-11-30,paid_search,mobile,free_trial,2024-11-30 00:31:27.167628,,,,2024-11-30,,email_verified,1,0,0.52421323,,,,,
U02797,2024-11-14,referral,mobile,free_trial,2024-11-14 00:55:24.118255,2024-11-14 14:30:17.039504,2024-11-29 01:10:03.439227,2024-11-14 01:33:32.861511,2024-11-14,2024-11-16 16:56:14.791712,paid_conversion,5,1,0.9233661819444444,0.6357620155555556,12.945604998055554,50.432708946666665,296.2301798652778,361.16762200750003
U02798,2024-07-26,organic,desktop,free_trial,2024-07-26 00:57:15.439187,,,2024-07-26 01:03:15.439187,2024-07-26,,profile_completed,2,0,0.9542886630555555,0.1,,,,
U02799,2024-09-15,organic,desktop,free_trial,2024-09-15 00:51:34.523697,,,,2024-09-15,,email_verified,1,0,0.8595899158333333,,,,,
U02800,2024-05-24,organic,tablet,freemium,,,,,2024-05-24,,signup,0,0,,,,,,
U02801,2024-10-16,paid_search,desktop,free_trial,2024-10-16 00:06:00.000000,2024-10-16 02:10:18.201396,,2024-10-16 02:04:18.201396,2024-10-16,,first_feature_used,3,0,0.1,1.97172261,0.1,,,
U02802,2024-06-11,paid_search,desktop,free_trial,2024-06-11 04:35:50.200181,2024-06-14 21:23:33.720028,,2024-06-12 02:59:03.395037,2024-06-11,2024-06-20 23:58:55.898906,team_invited,4,0,4.597277828055556,22.38699857111111,66.40842360861112,146.5894941327778,,
U02803,2024-12-27,paid_search,mobile,freemium,2024-12-27 00:06:00.000000,,,,2024-12-27,,email_verified,1,0,0.1,,,,,
U02804,2024-01-24,organic,desktop,free_trial,2024-01-24 00:06:00.000000,2024-01-27 05:57:28.126198,,2024-01-24 08:41:20.674986,2024-01-24,2024-01-30 16:59:50.703110,team_invited,4,0,0.1,8.589076385,69.26873644777778,83.03960469777779,,
U02805,2024-03-03,organic,mobile,free_trial,2024-03-03 02:08:10.271687,2024-03-04 15:00:58.946906,,2024-03-03 02:14:10.271687,2024-03-03,,first_feature_used,3,0,2.136186579722222,0.1,36.78018756083333,,,
U02806,2024-12-19,paid_search,mobile,freemium,2024-12-19 04:23:28.597752,,,,2024-12-19,,email_verified,1,0,4.391277153333333,,,,,
U02807,2024-04-15,referral,desktop,free_trial,2024-04-15 01:58:00.377260,2024-04-16 15:57:30.709089,,2024-04-15 21:43:23.361187,2024-04-15,,first_feature_used,3,0,1.9667714611111111,19.756384424166665,18.23537441722222,,,
U02808,2024-04-23,organic,desktop,freemium,2024-04-23 01:44:58.345567,,,,2024-04-23,,email_verified,1,0,1.749540435277778,,,,,
U02809,2024-10-15,organic,mobile,freemium,,,,,2024-10-15,,signup,0,0,,,,,,
U02810,2024-03-10,organic,desktop,free_trial,2024-03-10 00:33:54.445029,2024-03-13 01:59:11.186801,,2024-03-10 07:56:01.353005,2024-03-10,2024-03-18 21:29:46.990234,team_invited,4,0,0.5651236191666666,7.3685855488888885,66.05273161,139.50994539805555,,
U02811,2024-07-06,organic,desktop,freemium,2024-07-06 00:06:00.000000,2024-07-06 12:22:15.821190,,2024-07-06 00:12:00.000000,2024-07-06,,first_feature_used,3,0,0.1,0.1,12.171061441666668,,,
U02812,2024-04-14,organic,desktop,freemium,2024-04-14 02:03:20.736456,,,,2024-04-14,,email_verified,1,0,2.0557601266666667,,,,,
U02813,2024-03-13,organic,desktop,free_trial,2024-03-13 00:06:00.000000,,,,2024-03-13,,email_verified,1,0,0.1,,,,,
U02814,2024-12-17,paid_search,tablet,freemium,2024-12-17 03:38:05.431142,,,2024-12-17 03:44:05.431142,2024-12-17,,profile_completed,2,0,3.634841983888889,0.1,,,,
U02815,2024-03-13,organic,mobile,free_trial,2024-03-13 00:06:00.000000,,,,2024-03-13,,email_verified,1,0,0.1,,,,,
U02816,2024-02-04,organic,mobile,free_trial,2024-02-04 02:03:57.192458,,,2024-02-04 15:18:55.919353,2024-02-04,,profile_completed,2,0,2.065886793888889,13.249646359722222,,,,
U02817,2024-09-02,organic,desktop,freemium,,,,,2024-09-02,,signup,0,0,,,,,,
U02818,2024-11-12,referral,desktop,free_trial,2024-11-12 00:06:00.000000,,,2024-11-12 21:20:06.712938,2024-11-12,,profile_completed,2,0,0.1,21.235198038333333,,,,
U02819,2024-02-16,organic,tablet,free_trial,2024-02-16 03:17:43.695836,2024-02-16 03:29:43.695836,,2024-02-16 03:23:43.695836,2024-02-16,,first_feature_used,3,0,3.2954710655555557,0.1,0.1,,,
U02820,2024-09-15,organic,desktop,free_trial,2024-09-15 00:24:18.544722,,,,2024-09-15,,email_verified,1,0,0.4051513116666667,,,,,
U02821,2024-07-16,organic,mobile,freemium,,,,,2024-07-16,,signup,0,0,,,,,,
U02822,2024-10-29,paid_search,desktop,freemium,,,,,2024-10-29,,signup,0,0,,,,,,
U02823,2024-02-16,referral,desktop,free_trial,2024-02-16 01:31:18.178967,,,2024-02-16 07:33:47.052135,2024-02-16,,profile_completed,2,0,1.5217163797222222,6.041353657777777,,,,
U02824,2024-12-22,organic,desktop,free_trial,2024-12-22 00:06:00.000000,2024-12-24 11:44:11.741958,,2024-12-22 22:14:47.222728,2024-12-22,,first_feature_used,3,0,0.1,22.146450757777774,37.49014423055556,,,
U02825,2024-08-13,organic,desktop,freemium,,,,,2024-08-13,,signup,0,0,,,,,,
U02826,2024-11-03,organic,desktop,free_trial,2024-11-03 01:39:28.263989,2024-11-04 08:34:56.193295,,2024-11-03 15:27:23.352134,2024-11-03,,first_feature_used,3,0,1.6578511080555556,13.798635595833334,17.125789211388888,,,
U02827,2024-05-12,paid_search,desktop,free_trial,2024-05-12 00:06:00.000000,2024-05-14 04:01:36.357811,,2024-05-12 00:12:00.000000,2024-05-12,,first_feature_used,3,0,0.1,0.1,51.826766058611106,,,
U02828,2024-12-10,referral,desktop,free_trial,2024-12-10 01:05:10.195094,,,2024-12-10 07:27:27.233880,2024-12-10,,profile_completed,2,0,1.086165303888889,6.371399662777778,,,,
U02829,2024-08-16,organic,desktop,freemium,2024-08-16 01:04:02.133586,2024-08-17 05:25:00.569884,,2024-08-16 10:25:56.689293,2024-08-16,2024-08-17 05:31:00.569884,team_invited,4,0,1.0672593294444443,9.365154363055556,18.984411275277775,0.1,,
U02830,2024-02-16,organic,mobile,free_trial,,,,,2024-02-16,,signup,0,0,,,,,,
U02831,2024-12-02,paid_search,desktop,freemium,2024-12-02 01:43:02.948985,,,,2024-12-02,,email_verified,1,0,1.7174858291666666,,,,,
U02832,2024-10-17,paid_search,mobile,freemium,2024-10-17 01:03:06.054449,,,,2024-10-17,,email_verified,1,0,1.051681791388889,,,,,
U02833,2024-04-19,organic,desktop,free_trial,2024-04-19 00:06:00.000000,2024-04-20 14:41:00.819520,,2024-04-20 02:53:53.098654,2024-04-19,,first_feature_used,3,0,0.1,26.798082959444447,11.785478018333334,,,
U02834,2024-07-18,organic,desktop,freemium,2024-07-18 00:06:00.000000,,,2024-07-18 00:12:00.000000,2024-07-18,,profile_completed,2,0,0.1,0.1,,,,
U02835,2024-05-21,organic,desktop,free_trial,2024-05-21 00:57:51.041707,,,2024-05-21 15:29:31.945689,2024-05-21,,profile_completed,2,0,0.9641782519444444,14.52802888388889,,,,
U02836,2024-07-17,paid_search,tablet,free_trial,2024-07-17 01:08:48.167927,,,,2024-07-17,,email_verified,1,0,1.1467133130555556,,,,,
U02837,2024-12-18,paid_search,mobile,freemium,,,,,2024-12-18,,signup,0,0,,,,,,
U02838,2024-11-24,paid_search,tablet,free_trial,2024-11-24 00:06:00.000000,,,2024-11-24 00:12:00.000000,2024-11-24,,profile_completed,2,0,0.1,0.1,,,,
U02839,2024-03-19,referral,desktop,freemium,2024-03-19 01:20:01.882595,,,2024-03-19 23:36:45.320180,2024-03-19,,profile_completed,2,0,1.3338562763888888,22.2787326625,,,,
U02840,2024-12-20,organic,mobile,freemium,,,,,2024-12-20,,signup,0,0,,,,,,
U02841,2024-06-08,organic,mobile,free_trial,,,,,2024-06-08,,signup,0,0,,,,,,
U02842,2024-09-14,organic,tablet,freemium,,,,,2024-09-14,,signup,0,0,,,,,,
U02843,2024-10-05,referral,desktop,free_trial,2024-10-05 00:46:31.232491,2024-10-05 00:58:31.232491,,2024-10-05 00:52:31.232491,2024-10-05,,first_feature_used,3,0,0.7753423586111111,0.1,0.1,,,
U02844,2024-06-25,paid_search,tablet,free_trial,2024-06-25 00:06:00.000000,2024-06-25 22:13:30.835774,,2024-06-25 01:53:16.115897,2024-06-25,,first_feature_used,3,0,0.1,1.7878099713888889,20.337422188055555,,,
U02845,2024-06-15,organic,desktop,free_trial,,,,,2024-06-15,,signup,0,0,,,,,,
U02846,2024-06-15,organic,mobile,freemium,2024-06-15 04:50:23.172842,2024-06-17 03:58:47.417868,,2024-06-15 04:56:23.172842,2024-06-15,,first_feature_used,3,0,4.839770233888889,0.1,47.04006806277778,,,
U02847,2024-11-10,paid_search,desktop,free_trial,2024-11-10 01:47:11.196816,,,,2024-11-10,,email_verified,1,0,1.78644356,,,,,
U02848,2024-05-21,paid_search,desktop,free_trial,2024-05-21 01:35:44.752245,2024-05-21 10:05:46.744655,2024-06-11 06:12:04.719884,2024-05-21 01:41:44.752245,2024-05-21,2024-06-01 01:26:32.481542,paid_conversion,5,1,1.5957645125,0.1,8.400553447222222,255.3460380241667,244.758955095,510.2013110788889
U02849,2024-04-12,paid_search,desktop,free_trial,,,,,2024-04-12,,signup,0,0,,,,,,
U02850,2024-05-11,organic,mobile,free_trial,2024-05-11 00:44:37.569624,,,2024-05-11 03:50:57.165335,2024-05-11,,profile_completed,2,0,0.7437693400000001,3.1054432530555554,,,,
U02851,2024-03-12,referral,desktop,free_trial,2024-03-12 02:08:57.572478,2024-03-12 22:04:17.855232,,2024-03-12 21:58:17.855232,2024-03-12,,first_feature_used,3,0,2.149325688333333,19.822300765,0.1,,,
U02852,2024-05-22,paid_search,desktop,freemium,,,,,2024-05-22,,signup,0,0,,,,,,
U02853,2024-02-11,paid_search,desktop,freemium,2024-02-11 01:25:40.573353,,,2024-02-11 03:58:38.327442,2024-02-11,,profile_completed,2,0,1.4279370425,2.5493761358333336,,,,
U02854,2024-02-02,paid_search,mobile,freemium,2024-02-02 00:06:00.000000,,,,2024-02-02,,email_verified,1,0,0.1,,,,,
U02855,2024-09-21,referral,desktop,free_trial,2024-09-21 00:06:00.000000,2024-09-25 15:53:33.692873,,2024-09-21 15:34:05.724769,2024-09-21,2024-09-26 00:05:36.808212,team_invited,4,0,0.1,15.468256880277778,96.32443558444446,8.200865371944445,,
U02856,2024-01-29,referral,mobile,free_trial,2024-01-29 01:44:48.600262,2024-01-30 22:25:05.367360,,2024-01-29 01:50:48.600262,2024-01-29,,first_feature_used,3,0,1.746833406111111,0.1,44.57132419388889,,,
U02857,2024-07-26,paid_search,desktop,free_trial,2024-07-26 05:01:24.436648,2024-07-27 10:30:51.600185,,2024-07-27 05:16:18.565244,2024-07-26,,first_feature_used,3,0,5.023454624444444,24.248369054444442,5.242509705833334,,,
U02858,2024-10-11,organic,mobile,free_trial,,,,,2024-10-11,,signup,0,0,,,,,,
U02859,2024-09-21,organic,mobile,freemium,,,,,2024-09-21,,signup,0,0,,,,,,
U02860,2024-06-11,referral,mobile,free_trial,2024-06-11 00:06:00.000000,,,,2024-06-11,,email_verified,1,0,0.1,,,,,
U02861,2024-03-11,paid_search,mobile,freemium,2024-03-11 00:06:00.000000,,,,2024-03-11,,email_verified,1,0,0.1,,,,,
U02862,2024-12-05,organic,desktop,free_trial,2024-12-05 01:48:15.958988,,,2024-12-05 01:54:15.958988,2024-12-05,,profile_completed,2,0,1.8044330522222223,0.1,,,,
U02863,2024-10-31,organic,desktop,freemium,,,,,2024-10-31,,signup,0,0,,,,,,
U02864,2024-08-11,referral,mobile,freemium,,,,,2024-08-11,,signup,0,0,,,,,,
U02865,2024-02-01,referral,desktop,freemium,2024-02-01 00:06:00.000000,2024-02-04 07:30:25.269374,,2024-02-01 05:12:22.994715,2024-02-01,2024-02-04 07:36:25.269374,team_invited,4,0,0.1,5.106387420833333,74.30063184972222,0.1,,
U02866,2024-01-13,referral,desktop,freemium,2024-01-13 01:24:43.844897,2024-01-14 11:14:03.900419,,2024-01-13 03:48:19.574252,2024-01-13,,first_feature_used,3,0,1.4121791380555555,2.3932581541666664,31.428979490833335,,,
U02867,2024-04-25,organic,mobile,freemium,,,,,2024-04-25,,signup,0,0,,,,,,
U02868,2024-02-27,paid_search,desktop,freemium,2024-02-27 00:44:59.794257,,,2024-02-27 00:50:59.794257,2024-02-27,,profile_completed,2,0,0.7499428491666666,0.1,,,,
U02869,2024-11-10,referral,desktop,free_trial,2024-11-10 01:24:44.498483,2024-11-11 01:15:39.199458,,2024-11-11 01:09:39.199458,2024-11-10,2024-11-16 08:45:39.782403,team_invited,4,0,1.4123606897222223,23.74852804861111,0.1,127.50016192916667,,
U02870,2024-03-16,organic,tablet,free_trial,2024-03-16 04:33:35.502513,,,,2024-03-16,,email_verified,1,0,4.559861809166667,,,,,
U02871,2024-04-13,organic,desktop,freemium,,,,,2024-04-13,,signup,0,0,,,,,,
U02872,2024-12-22,referral,desktop,free_trial,,,,,2024-12-22,,signup,0,0,,,,,,
U02873,2024-10-25,organic,desktop,freemium,2024-10-25 01:12:45.100186,,,2024-10-25 06:02:47.267878,2024-10-25,,profile_completed,2,0,1.2125278294444444,4.83393547,,,,
U02874,2024-03-20,paid_search,desktop,free_trial,2024-03-20 00:06:00.000000,,,,2024-03-20,,email_verified,1,0,0.1,,,,,
U02875,2024-05-19,paid_search,mobile,freemium,2024-05-19 06:03:18.602059,,,,2024-05-19,,email_verified,1,0,6.055167238611111,,,,,
U02876,2024-07-07,paid_search,mobile,free_trial,2024-07-07 01:53:03.938142,,,2024-07-07 05:35:19.485124,2024-07-07,,profile_completed,2,0,1.8844272616666666,3.704318606111111,,,,
U02877,2024-08-30,organic,desktop,freemium,,,,,2024-08-30,,signup,0,0,,,,,,
U02878,2024-12-07,paid_search,desktop,free_trial,2024-12-07 00:06:00.000000,,,2024-12-07 00:12:00.000000,2024-12-07,,profile_completed,2,0,0.1,0.1,,,,
U02879,2024-11-13,organic,desktop,free_trial,2024-11-13 02:11:37.489391,2024-11-13 03:41:37.939335,,2024-11-13 03:35:37.939335,2024-11-13,,first_feature_used,3,0,2.1937470530555556,1.4001249844444443,0.1,,,
U02880,2024-12-22,referral,desktop,freemium,2024-12-22 00:06:00.000000,,,,2024-12-22,,email_verified,1,0,0.1,,,,,
U02881,2024-01-15,organic,mobile,free_trial,2024-01-15 00:06:00.000000,,,2024-01-15 00:12:00.000000,2024-01-15,,profile_completed,2,0,0.1,0.1,,,,
U02882,2024-03-27,paid_search,mobile,free_trial,2024-03-27 00:39:56.437736,,,2024-03-27 00:45:56.437736,2024-03-27,,profile_completed,2,0,0.6656771488888888,0.1,,,,
U02883,2024-07-24,paid_search,desktop,freemium,2024-07-24 01:41:01.379610,2024-07-28 04:46:55.025581,,2024-07-24 12:11:56.140551,2024-07-24,2024-08-02 13:49:24.237381,team_invited,4,0,1.6837165583333333,10.5152113725,88.58302361944445,129.04144772222222,,
U02884,2024-01-18,organic,mobile,freemium,2024-01-18 00:06:00.000000,,,,2024-01-18,,email_verified,1,0,0.1,,,,,
U02885,2024-05-09,organic,mobile,free_trial,,,,,2024-05-09,,signup,0,0,,,,,,
U02886,2024-02-26,paid_search,desktop,freemium,,,,,2024-02-26,,signup,0,0,,,,,,
U02887,2024-12-06,organic,mobile,free_trial,,,,,2024-12-06,,signup,0,0,,,,,,
U02888,2024-01-24,organic,mobile,free_trial,,,,,2024-01-24,,signup,0,0,,,,,,
U02889,2024-02-24,paid_search,desktop,freemium,2024-02-24 00:06:00.000000,,,,2024-02-24,,email_verified,1,0,0.1,,,,,
U02890,2024-03-12,referral,desktop,free_trial,2024-03-12 02:12:13.531130,,,2024-03-12 11:44:34.007901,2024-03-12,,profile_completed,2,0,2.203758647222222,9.539021325277778,,,,
U02891,2024-02-24,paid_search,mobile,free_trial,2024-02-24 02:52:22.828196,,,,2024-02-24,,email_verified,1,0,2.873007832222222,,,,,
U02892,2024-07-26,organic,tablet,free_trial,2024-07-26 01:50:21.414377,,,,2024-07-26,,email_verified,1,0,1.839281771388889,,,,,
U02893,2024-05-12,referral,desktop,freemium,2024-05-12 00:25:46.729289,2024-05-12 13:18:37.145700,,2024-05-12 00:31:46.729289,2024-05-12,2024-05-15 06:45:22.536774,team_invited,4,0,0.42964702472222227,0.1,12.780671225277777,65.445941965,,
U02894,2024-11-29,paid_search,desktop,freemium,2024-11-29 00:06:00.000000,,,2024-11-29 01:21:14.417298,2024-11-29,,profile_completed,2,0,0.1,1.2540048050000001,,,,
U02895,2024-04-05,organic,mobile,free_trial,2024-04-05 02:09:33.671102,,,,2024-04-05,,email_verified,1,0,2.159353083888889,,,,,
U02896,2024-07-15,organic,desktop,freemium,,,,,2024-07-15,,signup,0,0,,,,,,
U02897,2024-08-28,organic,desktop,freemium,2024-08-28 05:58:15.022716,,,,2024-08-28,,email_verified,1,0,5.970839643333333,,,,,
U02898,2024-08-16,organic,desktop,free_trial,2024-08-16 00:11:48.609252,,,,2024-08-16,,email_verified,1,0,0.1968359033333333,,,,,
U02899,2024-10-17,paid_search,tablet,freemium,2024-10-17 00:06:00.000000,,,,2024-10-17,,email_verified,1,0,0.1,,,,,
U02900,2024-03-14,organic,mobile,free_trial,,,,,2024-03-14,,signup,0,0,,,,,,
U02901,2024-07-04,paid_search,tablet,free_trial,2024-07-04 01:00:54.948157,2024-07-06 16:12:50.235273,,2024-07-04 11:40:52.170814,2024-07-04,,first_feature_used,3,0,1.0152633769444444,10.6658951825,52.532795683055554,,,
U02902,2024-10-19,organic,desktop,free_trial,2024-10-19 00:06:00.000000,,,2024-10-19 06:34:26.883934,2024-10-19,,profile_completed,2,0,0.1,6.474134426111111,,,,
U02903,2024-11-11,organic,desktop,free_trial,2024-11-11 01:23:53.057585,,,2024-11-11 01:29:53.057585,2024-11-11,,profile_completed,2,0,1.3980715513888888,0.1,,,,
U02904,2024-08-13,organic,desktop,freemium,2024-08-13 01:41:10.515474,,,2024-08-13 06:01:44.239532,2024-08-13,,profile_completed,2,0,1.6862542983333333,4.342701127222222,,,,
U02905,2024-08-25,paid_search,desktop,freemium,2024-08-25 01:53:16.173631,,,,2024-08-25,,email_verified,1,0,1.887826008611111,,,,,
U02906,2024-11-11,paid_search,desktop,freemium,2024-11-11 00:43:47.815868,2024-11-14 08:10:42.639851,,2024-11-11 00:49:47.815868,2024-11-11,2024-11-14 08:16:42.639851,team_invited,4,0,0.7299488522222223,0.1,79.3485622175,0.1,,
U02907,2024-08-16,organic,mobile,free_trial,2024-08-16 00:53:55.632602,,,,2024-08-16,,email_verified,1,0,0.8987868338888889,,,,,
U02908,2024-12-12,organic,mobile,free_trial,2024-12-12 03:23:25.462715,,,,2024-12-12,,email_verified,1,0,3.390406309722222,,,,,
U02909,2024-02-16,organic,mobile,free_trial,2024-02-16 03:07:47.777820,2024-02-17 09:21:22.884538,,2024-02-16 03:13:47.777820,2024-02-16,,first_feature_used,3,0,3.1299382833333333,0.1,30.126418532777777,,,
U02910,2024-05-06,referral,desktop,free_trial,2024-05-06 00:29:42.312289,,,,2024-05-06,,email_verified,1,0,0.49508674694444443,,,,,
U02911,2024-02-10,organic,desktop,freemium,2024-02-10 00:06:00.000000,,,2024-02-10 00:12:00.000000,2024-02-10,,profile_completed,2,0,0.1,0.1,,,,
U02912,2024-02-03,paid_search,desktop,freemium,2024-02-03 04:40:18.670906,,,,2024-02-03,,email_verified,1,0,4.671853029444445,,,,,
U02913,2024-06-21,organic,desktop,freemium,,,,,2024-06-21,,signup,0,0,,,,,,
U02914,2024-03-23,organic,desktop,freemium,2024-03-23 00:06:00.000000,2024-03-23 14:03:42.816662,,2024-03-23 13:57:42.816662,2024-03-23,,first_feature_used,3,0,0.1,13.86189351722222,0.1,,,
U02915,2024-05-28,paid_search,desktop,free_trial,2024-05-28 02:54:21.961165,,,2024-05-28 08:34:15.396118,2024-05-28,,profile_completed,2,0,2.906100323611111,5.6648430425,,,,
U02916,2024-06-08,paid_search,tablet,free_trial,2024-06-08 00:48:04.502850,2024-06-09 15:09:28.021141,,2024-06-08 14:52:53.122496,2024-06-08,,first_feature_used,3,0,0.8012507916666666,14.08017212388889,24.27636073472222,,,
U02917,2024-08-14,organic,desktop,free_trial,2024-08-14 00:06:00.000000,2024-08-17 21:01:14.148684,,2024-08-14 00:16:37.015902,2024-08-14,,first_feature_used,3,0,0.1,0.17694886166666665,92.743647995,,,
U02918,2024-12-11,referral,desktop,freemium,2024-12-11 01:33:55.065765,,,,2024-12-11,,email_verified,1,0,1.5652960458333334,,,,,
U02919,2024-11-06,organic,desktop,free_trial,,,,,2024-11-06,,signup,0,0,,,,,,
U02920,2024-05-18,organic,mobile,free_trial,2024-05-18 02:18:00.220245,,,2024-05-18 10:31:52.034703,2024-05-18,,profile_completed,2,0,2.3000611791666667,8.231059571666666,,,,
U02921,2024-04-28,organic,desktop,freemium,,,,,2024-04-28,,signup,0,0,,,,,,
U02922,2024-10-08,paid_search,desktop,free_trial,2024-10-08 00:06:00.000000,,,,2024-10-08,,email_verified,1,0,0.1,,,,,
U02923,2024-02-15,paid_search,desktop,free_trial,2024-02-15 00:46:27.321826,,,2024-02-15 00:52:27.321826,2024-02-15,,profile_completed,2,0,0.7742560627777777,0.1,,,,
U02924,2024-07-16,organic,desktop,free_trial,2024-07-16 00:06:00.000000,2024-07-16 00:18:00.000000,,2024-07-16 00:12:00.000000,2024-07-16,2024-07-18 03:10:32.318946,team_invited,4,0,0.1,0.1,0.1,50.87564415166667,,
U02925,2024-06-03,referral,mobile,free_trial,2024-06-03 01:23:04.079955,,,2024-06-03 01:29:04.079955,2024-06-03,,profile_completed,2,0,1.3844666541666668,0.1,,,,
U02926,2024-03-07,paid_search,desktop,free_trial,2024-03-07 01:52:34.685889,,,,2024-03-07,,email_verified,1,0,1.8763016358333333,,,,,
U02927,2024-08-13,referral,desktop,freemium,2024-08-13 00:06:00.000000,,,2024-08-13 07:20:00.437342,2024-08-13,,profile_completed,2,0,0.1,7.233454817222222,,,,
U02928,2024-04-27,referral,mobile,freemium,,,,,2024-04-27,,signup,0,0,,,,,,
U02929,2024-03-08,referral,desktop,free_trial,2024-03-08 00:06:00.000000,2024-03-09 02:36:55.540859,,2024-03-08 00:12:00.000000,2024-03-08,2024-03-09 02:42:55.540859,team_invited,4,0,0.1,0.1,26.41542801638889,0.1,,
U02930,2024-08-26,paid_search,mobile,freemium,2024-08-26 00:06:00.000000,,,2024-08-26 00:12:00.000000,2024-08-26,,profile_completed,2,0,0.1,0.1,,,,
U02931,2024-03-04,organic,desktop,freemium,2024-03-04 02:34:38.023473,,,,2024-03-04,,email_verified,1,0,2.5772287425,,,,,
U02932,2024-09-02,organic,mobile,freemium,2024-09-02 00:06:00.000000,,,,2024-09-02,,email_verified,1,0,0.1,,,,,
U02933,2024-02-29,paid_search,desktop,freemium,2024-02-29 02:25:50.264944,2024-02-29 02:37:50.264944,,2024-02-29 02:31:50.264944,2024-02-29,,first_feature_used,3,0,2.4306291511111113,0.1,0.1,,,
U02934,2024-06-07,organic,desktop,freemium,2024-06-07 00:06:00.000000,,,,2024-06-07,,email_verified,1,0,0.1,,,,,
U02935,2024-10-21,paid_search,desktop,free_trial,2024-10-21 00:06:00.000000,2024-10-22 07:19:09.408266,,2024-10-21 12:24:46.182074,2024-10-21,2024-10-25 12:52:59.872579,team_invited,4,0,0.1,12.312828353888888,18.90645172,77.56401786472222,,
U02936,2024-03-24,organic,tablet,free_trial,2024-03-24 06:16:20.054319,,,,2024-03-24,,email_verified,1,0,6.272237310833333,,,,,
U02937,2024-10-07,referral,desktop,free_trial,2024-10-07 00:06:00.000000,2024-10-07 22:18:35.944377,,2024-10-07 22:12:35.944377,2024-10-07,,first_feature_used,3,0,0.1,22.10998454916667,0.1,,,
U02938,2024-09-20,organic,tablet,free_trial,2024-09-20 00:06:00.000000,,,,2024-09-20,,email_verified,1,0,0.1,,,,,
U02939,2024-11-25,referral,tablet,freemium,,,,,2024-11-25,,signup,0,0,,,,,,
U02940,2024-03-02,organic,desktop,freemium,2024-03-02 01:30:02.270338,,,2024-03-02 10:53:59.190965,2024-03-02,,profile_completed,2,0,1.5006306494444446,9.39914461861111,,,,
U02941,2024-09-18,organic,desktop,free_trial,2024-09-18 00:09:05.348133,,,,2024-09-18,,email_verified,1,0,0.1514855925,,,,,
U02942,2024-12-07,referral,desktop,freemium,2024-12-07 00:06:00.000000,,,,2024-12-07,,email_verified,1,0,0.1,,,,,
U02943,2024-10-05,referral,tablet,freemium,2024-10-05 00:44:07.260187,,,,2024-10-05,,email_verified,1,0,0.7353500519444444,,,,,
U02944,2024-03-09,paid_search,mobile,free_trial,2024-03-09 05:08:50.881182,,,,2024-03-09,,email_verified,1,0,5.147466995,,,,,
U02945,2024-10-27,referral,desktop,freemium,2024-10-27 00:06:00.000000,,,2024-10-27 00:12:00.000000,2024-10-27,,profile_completed,2,0,0.1,0.1,,,,
U02946,2024-02-09,organic,desktop,free_trial,2024-02-09 00:06:00.000000,,,,2024-02-09,,email_verified,1,0,0.1,,,,,
U02947,2024-08-02,referral,mobile,free_trial,,,,,2024-08-02,,signup,0,0,,,,,,
U02948,2024-06-30,organic,desktop,free_trial,2024-06-30 00:06:00.000000,,,2024-06-30 00:12:00.000000,2024-06-30,,profile_completed,2,0,0.1,0.1,,,,
U02949,2024-07-12,paid_search,desktop,freemium,2024-07-12 00:06:00.000000,,,,2024-07-12,,email_verified,1,0,0.1,,,,,
U02950,2024-07-08,organic,desktop,free_trial,2024-07-08 02:01:26.642379,,,2024-07-08 02:07:26.642379,2024-07-08,,profile_completed,2,0,2.0240673275,0.1,,,,
U02951,2024-01-12,organic,desktop,free_trial,2024-01-12 02:00:28.656227,2024-01-12 12:19:21.804702,2024-02-03 20:21:54.399689,2024-01-12 12:13:21.804702,2024-01-12,2024-01-18 23:50:05.965466,paid_conversion,5,1,2.0079600630555556,10.214763465277779,0.1,155.5122668788889,380.53012061749996,548.3651110247223
U02952,2024-07-04,paid_search,mobile,freemium,2024-07-04 00:06:00.000000,,,,2024-07-04,,email_verified,1,0,0.1,,,,,
U02953,2024-12-07,paid_search,mobile,freemium,2024-12-07 00:06:00.000000,,,,2024-12-07,,email_verified,1,0,0.1,,,,,
U02954,2024-06-08,organic,desktop,free_trial,2024-06-08 00:15:37.482472,,,2024-06-08 11:32:54.760821,2024-06-08,,profile_completed,2,0,0.2604117977777778,11.288132874722223,,,,
U02955,2024-04-11,referral,desktop,free_trial,2024-04-11 01:04:10.857153,2024-04-12 01:44:57.446883,,2024-04-11 01:10:10.857153,2024-04-11,,first_feature_used,3,0,1.0696825425,0.1,24.579608258333334,,,
U02956,2024-12-29,paid_search,mobile,freemium,,,,,2024-12-29,,signup,0,0,,,,,,
U02957,2024-02-06,organic,desktop,freemium,,,,,2024-02-06,,signup,0,0,,,,,,
U02958,2024-06-26,paid_search,desktop,free_trial,2024-06-26 00:09:22.452855,,,2024-06-26 00:15:22.452855,2024-06-26,,profile_completed,2,0,0.15623690416666666,0.1,,,,
U02959,2024-07-06,organic,desktop,free_trial,2024-07-06 00:06:00.000000,2024-07-06 06:43:03.635455,,2024-07-06 06:37:03.635455,2024-07-06,,first_feature_used,3,0,0.1,6.517676515277778,0.1,,,
U02960,2024-06-23,organic,mobile,free_trial,,,,,2024-06-23,,signup,0,0,,,,,,
U02961,2024-12-02,paid_search,tablet,freemium,2024-12-02 00:06:00.000000,2024-12-03 18:36:54.682316,,2024-12-02 00:12:00.000000,2024-12-02,,first_feature_used,3,0,0.1,0.1,42.41518953222222,,,
U02962,2024-06-02,organic,mobile,freemium,2024-06-02 03:05:20.300746,,,,2024-06-02,,email_verified,1,0,3.0889724294444445,,,,,
U02963,2024-12-21,organic,desktop,freemium,,,,,2024-12-21,,signup,0,0,,,,,,
U02964,2024-01-25,paid_search,mobile,free_trial,2024-01-25 00:06:00.000000,2024-01-26 05:42:41.710432,,2024-01-25 09:31:30.312073,2024-01-25,,first_feature_used,3,0,0.1,9.425086686944445,20.186499544166665,,,
U02965,2024-09-24,organic,desktop,freemium,,,,,2024-09-24,,signup,0,0,,,,,,
U02966,2024-08-04,referral,mobile,free_trial,2024-08-04 02:23:50.605021,2024-08-07 03:39:00.104165,,2024-08-04 17:48:21.442844,2024-08-04,,first_feature_used,3,0,2.3973902836111107,15.408566061944445,57.844072589166664,,,
U02967,2024-03-28,paid_search,desktop,freemium,2024-03-28 00:32:38.110767,,,,2024-03-28,,email_verified,1,0,0.5439196574999999,,,,,
U02968,2024-03-24,organic,desktop,free_trial,2024-03-24 01:40:51.555316,,,2024-03-24 01:46:51.555316,2024-03-24,,profile_completed,2,0,1.6809875877777778,0.1,,,,
U02969,2024-09-19,paid_search,desktop,free_trial,2024-09-19 00:06:00.000000,,,2024-09-19 08:33:06.699766,2024-09-19,,profile_completed,2,0,0.1,8.451861046111112,,,,
U02970,2024-08-20,organic,desktop,free_trial,2024-08-20 00:06:00.000000,,,,2024-08-20,,email_verified,1,0,0.1,,,,,
U02971,2024-08-11,paid_search,desktop,free_trial,2024-08-11 02:07:11.574859,2024-08-11 07:07:05.723518,2024-08-16 09:57:27.937135,2024-08-11 02:13:11.574859,2024-08-11,2024-08-11 07:13:05.723518,paid_conversion,5,1,2.119881905277778,0.1,4.8983746275,0.1,122.7395037825,129.9577603152778
U02972,2024-01-19,organic,desktop,free_trial,2024-01-19 00:06:00.000000,,,2024-01-19 20:14:05.665745,2024-01-19,,profile_completed,2,0,0.1,20.13490715138889,,,,
U02973,2024-08-06,referral,mobile,freemium,,,,,2024-08-06,,signup,0,0,,,,,,
U02974,2024-12-24,organic,mobile,freemium,,,,,2024-12-24,,signup,0,0,,,,,,
U02975,2024-01-07,paid_search,desktop,free_trial,2024-01-07 00:06:00.000000,2024-01-11 04:50:39.573699,,2024-01-07 00:12:00.000000,2024-01-07,2024-01-19 03:13:58.913671,team_invited,4,0,0.1,0.1,100.6443260275,190.38870554777776,,
U02976,2024-06-20,organic,desktop,free_trial,2024-06-20 00:06:00.000000,,,2024-06-20 00:12:00.000000,2024-06-20,,profile_completed,2,0,0.1,0.1,,,,
U02977,2024-06-29,organic,desktop,free_trial,2024-06-29 03:06:37.335609,,,,2024-06-29,,email_verified,1,0,3.1103710025,,,,,
U02978,2024-11-23,paid_search,desktop,freemium,2024-11-23 02:46:19.020518,,,,2024-11-23,,email_verified,1,0,2.7719501438888887,,,,,
U02979,2024-04-13,paid_search,desktop,free_trial,2024-04-13 03:08:22.346380,2024-04-15 23:30:41.790947,,2024-04-13 09:32:12.746788,2024-04-13,,first_feature_used,3,0,3.1395406611111114,6.397333446666667,61.97473448861111,,,
U02980,2024-06-22,referral,mobile,free_trial,2024-06-22 03:27:36.714515,,,2024-06-22 03:33:36.714515,2024-06-22,,profile_completed,2,0,3.460198476388889,0.1,,,,
U02981,2024-09-18,organic,tablet,free_trial,,,,,2024-09-18,,signup,0,0,,,,,,
U02982,2024-01-23,organic,desktop,free_trial,2024-01-23 00:06:00.000000,,,2024-01-23 03:17:31.663764,2024-01-23,,profile_completed,2,0,0.1,3.1921288233333334,,,,
U02983,2024-10-19,organic,mobile,freemium,,,,,2024-10-19,,signup,0,0,,,,,,
U02984,2024-10-27,organic,mobile,free_trial,,,,,2024-10-27,,signup,0,0,,,,,,
U02985,2024-09-19,referral,desktop,free_trial,2024-09-19 01:03:40.897580,2024-09-23 13:40:26.783503,,2024-09-19 01:09:40.897580,2024-09-19,,first_feature_used,3,0,1.0613604388888889,0.1,108.51274608972221,,,
U02986,2024-08-24,referral,mobile,freemium,2024-08-24 01:13:21.323742,2024-08-25 02:07:34.360157,,2024-08-24 17:25:11.143911,2024-08-24,,first_feature_used,3,0,1.2225899283333332,16.197172269166668,8.706448957222221,,,
U02987,2024-09-29,referral,desktop,free_trial,2024-09-29 00:12:41.343508,2024-10-02 02:09:55.464514,,2024-09-29 00:18:41.343508,2024-09-29,2024-10-03 18:50:58.149486,team_invited,4,0,0.2114843077777778,0.1,73.85392250166666,40.684079158888885,,
U02988,2024-10-12,organic,desktop,freemium,2024-10-12 02:07:24.511081,,,2024-10-12 23:12:06.211123,2024-10-12,,profile_completed,2,0,2.1234753002777778,21.078250011666665,,,,
U02989,2024-11-25,organic,tablet,free_trial,2024-11-25 03:57:17.238037,2024-11-25 04:09:17.238037,2024-12-10 01:56:58.333927,2024-11-25 04:03:17.238037,2024-11-25,2024-12-02 02:31:40.608684,paid_conversion,5,1,3.954788343611111,0.1,0.1,166.37315851305556,191.42159034527776,361.94953720194445
U02990,2024-06-05,paid_search,mobile,freemium,,,,,2024-06-05,,signup,0,0,,,,,,
U02991,2024-06-15,organic,desktop,freemium,2024-06-15 03:39:43.522240,,,2024-06-16 07:12:49.696756,2024-06-15,,profile_completed,2,0,3.662089511111111,27.551715143333332,,,,
U02992,2024-08-20,paid_search,desktop,free_trial,2024-08-20 05:24:38.396923,,,2024-08-20 12:01:56.967658,2024-08-20,,profile_completed,2,0,5.410665811944445,6.621825204166667,,,,
U02993,2024-03-11,organic,tablet,freemium,,,,,2024-03-11,,signup,0,0,,,,,,
U02994,2024-11-08,organic,desktop,free_trial,,,,,2024-11-08,,signup,0,0,,,,,,
U02995,2024-10-08,referral,tablet,free_trial,2024-10-08 00:14:10.383087,2024-10-08 06:26:07.006088,,2024-10-08 00:20:10.383087,2024-10-08,,first_feature_used,3,0,0.2362175241666667,0.1,6.099061944722222,,,
U02996,2024-08-18,organic,mobile,freemium,2024-08-18 00:06:00.000000,,,2024-08-18 00:12:00.000000,2024-08-18,,profile_completed,2,0,0.1,0.1,,,,
U02997,2024-04-20,referral,desktop,freemium,2024-04-20 01:08:19.857909,2024-04-20 02:39:13.875763,2024-04-22 14:49:08.033421,2024-04-20 02:33:13.875763,2024-04-20,2024-04-20 02:45:13.875763,paid_conversion,5,1,1.1388494191666667,1.4150049594444443,0.1,0.1,60.06504379388889,62.8188981725
U02998,2024-05-06,organic,mobile,free_trial,,,,,2024-05-06,,signup,0,0,,,,,,
U02999,2024-06-07,organic,mobile,free_trial,2024-06-07 00:57:36.082213,,,,2024-06-07,,email_verified,1,0,0.9600228369444445,,,,,
U03000,2024-08-29,organic,mobile,free_trial,,,,,2024-08-29,,signup,0,0,,,,,,
U03001,2024-10-10,organic,desktop,freemium,2024-10-10 00:06:00.000000,,,2024-10-10 00:12:00.000000,2024-10-10,,profile_completed,2,0,0.1,0.1,,,,
U03002,2024-09-02,paid_search,desktop,freemium,2024-09-02 00:58:14.466633,2024-09-02 14:23:12.558923,,2024-09-02 06:07:59.388446,2024-09-02,,first_feature_used,3,0,0.9706851758333334,5.162478281388889,8.253658465833333,,,
U03003,2024-12-05,organic,desktop,free_trial,,,,,2024-12-05,,signup,0,0,,,,,,
U03004,2024-12-16,paid_search,mobile,freemium,,,,,2024-12-16,,signup,0,0,,,,,,
U03005,2024-09-14,referral,mobile,free_trial,2024-09-14 00:32:16.312966,,,2024-09-14 18:29:43.211086,2024-09-14,,profile_completed,2,0,0.5378647127777778,17.9574717,,,,
U03006,2024-05-15,organic,mobile,freemium,,,,,2024-05-15,,signup,0,0,,,,,,
U03007,2024-08-06,organic,desktop,freemium,2024-08-06 00:06:00.000000,,,2024-08-06 08:48:41.868186,2024-08-06,,profile_completed,2,0,0.1,8.711630051666667,,,,
U03008,2024-06-04,organic,desktop,freemium,2024-06-04 01:35:38.100301,2024-06-06 08:59:21.555960,2024-06-18 13:00:00.602744,2024-06-04 01:41:38.100301,2024-06-04,2024-06-13 02:26:32.035032,paid_conversion,5,1,1.5939167502777778,0.1,55.29540434972222,161.45291085333335,130.55793547555555,349.0001674288889
U03009,2024-08-17,paid_search,desktop,free_trial,2024-08-17 02:48:01.050256,,,,2024-08-17,,email_verified,1,0,2.800291737777778,,,,,
U03010,2024-10-23,paid_search,mobile,free_trial,2024-10-23 00:06:00.000000,2024-10-23 00:18:00.000000,,2024-10-23 00:12:00.000000,2024-10-23,,first_feature_used,3,0,0.1,0.1,0.1,,,
U03011,2024-05-14,organic,desktop,free_trial,2024-05-14 00:06:00.000000,,,2024-05-14 00:12:00.000000,2024-05-14,,profile_completed,2,0,0.1,0.1,,,,
U03012,2024-07-03,paid_search,mobile,freemium,2024-07-03 01:01:37.611434,,,,2024-07-03,,email_verified,1,0,1.027114287222222,,,,,
U03013,2024-01-17,paid_search,desktop,freemium,2024-01-17 01:53:32.130863,,,2024-01-17 01:59:32.130863,2024-01-17,,profile_completed,2,0,1.8922585730555557,0.1,,,,
U03014,2024-09-25,organic,desktop,free_trial,2024-09-25 02:05:12.487891,2024-09-25 23:57:17.594059,,2024-09-25 02:11:12.487891,2024-09-25,,first_feature_used,3,0,2.0868021919444444,0.1,21.768085046666666,,,
U03015,2024-06-27,organic,tablet,free_trial,2024-06-27 03:43:06.692410,2024-06-27 09:27:11.221464,,2024-06-27 03:49:06.692410,2024-06-27,,first_feature_used,3,0,3.7185256694444444,0.1,5.634591403888889,,,
U03016,2024-06-16,referral,desktop,free_trial,2024-06-16 00:06:00.000000,,,,2024-06-16,,email_verified,1,0,0.1,,,,,
U03017,2024-07-13,organic,desktop,freemium,2024-07-13 00:10:44.270577,,,2024-07-13 00:16:44.270577,2024-07-13,,profile_completed,2,0,0.17896404916666667,0.1,,,,
U03018,2024-03-19,organic,mobile,freemium,,,,,2024-03-19,,signup,0,0,,,,,,
U03019,2024-08-06,organic,desktop,free_trial,2024-08-06 00:06:00.000000,,,2024-08-06 07:48:12.563961,2024-08-06,,profile_completed,2,0,0.1,7.703489989166667,,,,
U03020,2024-09-28,paid_search,tablet,freemium,,,,,2024-09-28,,signup,0,0,,,,,,
U03021,2024-05-07,organic,tablet,free_trial,,,,,2024-05-07,,signup,0,0,,,,,,
U03022,2024-02-17,organic,mobile,freemium,2024-02-17 00:46:01.657429,2024-02-17 05:00:57.824049,,2024-02-17 00:52:01.657429,2024-02-17,,first_feature_used,3,0,0.767127063611111,0.1,4.148935172222222,,,
U03023,2024-05-21,organic,desktop,free_trial,2024-05-21 00:06:00.000000,2024-05-21 20:18:39.929802,,2024-05-21 00:12:00.000000,2024-05-21,,first_feature_used,3,0,0.1,0.1,20.111091611666666,,,
U03024,2024-03-13,paid_search,desktop,free_trial,2024-03-13 00:06:00.000000,2024-03-16 10:07:53.101861,,2024-03-13 00:12:00.000000,2024-03-13,,first_feature_used,3,0,0.1,0.1,81.93141718361112,,,
U03025,2024-05-16,organic,mobile,freemium,2024-05-16 00:47:45.414814,,,,2024-05-16,,email_verified,1,0,0.7959485594444445,,,,,
U03026,2024-08-16,referral,desktop,freemium,2024-08-16 01:59:01.179744,,,2024-08-16 02:05:01.179744,2024-08-16,,profile_completed,2,0,1.98366104,0.1,,,,
U03027,2024-02-11,organic,tablet,free_trial,2024-02-11 00:06:00.000000,,,,2024-02-11,,email_verified,1,0,0.1,,,,,
U03028,2024-09-29,organic,mobile,freemium,,,,,2024-09-29,,signup,0,0,,,,,,
U03029,2024-03-22,referral,desktop,free_trial,2024-03-22 01:03:15.717573,2024-03-26 00:58:18.973387,,2024-03-22 06:01:14.970283,2024-03-22,,first_feature_used,3,0,1.0543659925,4.9664590861111115,90.95111197333334,,,
U03030,2024-11-22,referral,desktop,free_trial,2024-11-22 02:00:23.895330,2024-11-24 20:55:37.450625,,2024-11-22 19:14:01.983929,2024-11-22,,first_feature_used,3,0,2.0066375916666668,17.227246833055556,49.69318519333333,,,
U03031,2024-09-24,organic,mobile,freemium,,,,,2024-09-24,,signup,0,0,,,,,,
U03032,2024-04-09,referral,desktop,freemium,2024-04-09 00:06:00.000000,,,,2024-04-09,,email_verified,1,0,0.1,,,,,
U03033,2024-07-24,paid_search,desktop,free_trial,2024-07-24 00:06:00.000000,,,2024-07-24 00:12:00.000000,2024-07-24,,profile_completed,2,0,0.1,0.1,,,,
U03034,2024-02-10,organic,mobile,freemium,,,,,2024-02-10,,signup,0,0,,,,,,
U03035,2024-02-06,referral,desktop,freemium,2024-02-06 00:29:45.580293,2024-02-07 11:46:38.977254,,2024-02-06 16:57:36.436295,2024-02-06,2024-02-18 16:31:42.248657,team_invited,4,0,0.4959945258333333,16.46412666722222,18.817372488611113,268.75090872305555,,
U03036,2024-12-14,paid_search,desktop,free_trial,2024-12-14 02:29:59.511387,,,2024-12-14 14:31:38.759569,2024-12-14,,profile_completed,2,0,2.499864274166667,12.027568939444444,,,,
U03037,2024-10-19,organic,mobile,free_trial,,,,,2024-10-19,,signup,0,0,,,,,,
U03038,2024-02-26,paid_search,mobile,free_trial,2024-02-26 00:06:00.000000,,,2024-02-26 14:01:02.201379,2024-02-26,,profile_completed,2,0,0.1,13.917278160833332,,,,
U03039,2024-04-13,organic,desktop,freemium,2024-04-13 00:06:00.000000,,,,2024-04-13,,email_verified,1,0,0.1,,,,,
U03040,2024-03-13,organic,tablet,freemium,2024-03-13 00:06:00.000000,2024-03-14 03:49:37.997689,,2024-03-13 00:12:00.000000,2024-03-13,,first_feature_used,3,0,0.1,0.1,27.627221580277777,,,
U03041,2024-05-24,referral,tablet,free_trial,2024-05-24 00:06:00.000000,2024-05-25 03:46:48.566945,,2024-05-24 10:26:18.612745,2024-05-24,,first_feature_used,3,0,0.1,10.338503540277777,17.341653944444445,,,
U03042,2024-04-16,paid_search,desktop,free_trial,2024-04-16 01:24:12.584773,2024-04-16 18:09:49.618403,,2024-04-16 02:43:20.145362,2024-04-16,,first_feature_used,3,0,1.4034957702777777,1.3187668302777777,15.441520289166666,,,
U03043,2024-04-29,paid_search,desktop,free_trial,2024-04-29 00:51:50.206034,,,2024-04-29 09:57:30.297882,2024-04-29,,profile_completed,2,0,0.8639461205555555,9.094469957777777,,,,
U03044,2024-07-12,paid_search,mobile,free_trial,2024-07-12 01:32:33.212864,,,,2024-07-12,,email_verified,1,0,1.542559128888889,,,,,
U03045,2024-03-10,paid_search,desktop,freemium,2024-03-10 02:17:30.577419,2024-03-13 10:54:32.225206,,2024-03-10 12:11:06.476762,2024-03-10,2024-03-23 05:39:43.357725,team_invited,4,0,2.291827060833333,9.893305373055554,70.72381901222222,234.75309236638887,,
U03046,2024-11-18,organic,mobile,free_trial,,,,,2024-11-18,,signup,0,0,,,,,,
U03047,2024-09-22,referral,desktop,freemium,2024-09-22 00:06:00.000000,,,,2024-09-22,,email_verified,1,0,0.1,,,,,
U03048,2024-10-04,paid_search,desktop,free_trial,2024-10-04 00:06:00.000000,,,2024-10-04 03:51:18.042566,2024-10-04,,profile_completed,2,0,0.1,3.7550118238888888,,,,
U03049,2024-03-02,paid_search,desktop,freemium,,,,,2024-03-02,,signup,0,0,,,,,,
U03050,2024-09-15,paid_search,desktop,freemium,,,,,2024-09-15,,signup,0,0,,,,,,
U03051,2024-11-01,organic,tablet,freemium,,,,,2024-11-01,,signup,0,0,,,,,,
U03052,2024-03-04,organic,desktop,free_trial,2024-03-04 01:36:58.662961,,,,2024-03-04,,email_verified,1,0,1.6162952669444444,,,,,
U03053,2024-10-01,organic,tablet,freemium,2024-10-01 00:06:00.000000,,,,2024-10-01,,email_verified,1,0,0.1,,,,,
U03054,2024-05-10,organic,desktop,freemium,,,,,2024-05-10,,signup,0,0,,,,,,
U03055,2024-10-14,paid_search,mobile,freemium,2024-10-14 00:45:01.623096,,,,2024-10-14,,email_verified,1,0,0.7504508599999999,,,,,
U03056,2024-06-23,referral,tablet,freemium,,,,,2024-06-23,,signup,0,0,,,,,,
U03057,2024-10-19,organic,desktop,freemium,2024-10-19 01:39:46.626033,2024-10-22 01:34:15.569074,,2024-10-19 17:31:00.891456,2024-10-19,2024-10-27 11:17:40.048283,team_invited,4,0,1.6629516758333331,15.853962617499999,56.05407711611111,129.72346644694446,,
U03058,2024-02-23,organic,desktop,free_trial,2024-02-23 00:11:14.011560,2024-02-25 18:35:20.210032,2024-03-10 09:08:29.067156,2024-02-23 08:45:05.252232,2024-02-23,2024-02-25 18:41:20.210032,paid_conversion,5,1,0.18722543333333333,8.56423352,57.83748827777778,0.1,326.45246031222223,393.14140754333334
U03059,2024-05-22,paid_search,mobile,free_trial,2024-05-22 04:07:56.038943,,,,2024-05-22,,email_verified,1,0,4.132233039722222,,,,,
U03060,2024-04-09,organic,mobile,freemium,,,,,2024-04-09,,signup,0,0,,,,,,
U03061,2024-03-31,referral,desktop,free_trial,2024-03-31 00:06:00.000000,2024-04-01 09:04:27.539563,2024-04-03 12:02:12.430000,2024-03-31 00:12:00.000000,2024-03-31,2024-04-02 15:23:23.314182,paid_conversion,5,1,0.1,0.1,32.87431654527778,30.315492949722223,20.64697661611111,84.03678611111111
U03062,2024-04-22,organic,desktop,freemium,,,,,2024-04-22,,signup,0,0,,,,,,
U03063,2024-05-19,organic,mobile,freemium,2024-05-19 00:22:42.765840,,,,2024-05-19,,email_verified,1,0,0.3785460666666667,,,,,
U03064,2024-02-16,organic,desktop,freemium,,,,,2024-02-16,,signup,0,0,,,,,,
U03065,2024-09-15,referral,mobile,freemium,,,,,2024-09-15,,signup,0,0,,,,,,
U03066,2024-07-19,organic,desktop,freemium,2024-07-19 00:06:00.000000,,,,2024-07-19,,email_verified,1,0,0.1,,,,,
U03067,2024-10-29,paid_search,desktop,freemium,2024-10-29 03:53:47.546437,2024-10-29 04:13:25.797352,,2024-10-29 04:07:25.797352,2024-10-29,,first_feature_used,3,0,3.896540676944445,0.22729192083333333,0.1,,,
U03068,2024-09-14,organic,mobile,free_trial,2024-09-14 00:06:00.000000,,,,2024-09-14,,email_verified,1,0,0.1,,,,,
U03069,2024-02-24,organic,desktop,free_trial,2024-02-24 00:18:11.109830,,,2024-02-24 00:25:51.606604,2024-02-24,,profile_completed,2,0,0.3030860638888889,0.12791577055555556,,,,
U03070,2024-01-26,referral,tablet,free_trial,2024-01-26 02:54:34.196634,2024-01-29 15:30:19.240706,2024-02-22 01:01:49.070522,2024-01-26 18:35:47.635294,2024-01-26,2024-02-05 12:11:50.846691,paid_conversion,5,1,2.909499065,15.687066294444444,68.90877928111111,164.69211277361111,396.83283995305555,649.0302973672223
U03071,2024-06-03,organic,desktop,free_trial,2024-06-03 00:06:00.000000,,,2024-06-03 18:19:41.778249,2024-06-03,,profile_completed,2,0,0.1,18.22827173583333,,,,
U03072,2024-06-24,organic,desktop,freemium,2024-06-24 01:04:36.620819,,,,2024-06-24,,email_verified,1,0,1.0768391163888889,,,,,
U03073,2024-03-28,paid_search,desktop,free_trial,2024-03-28 00:06:00.000000,2024-03-28 00:18:00.000000,,2024-03-28 00:12:00.000000,2024-03-28,,first_feature_used,3,0,0.1,0.1,0.1,,,
U03074,2024-10-12,referral,desktop,freemium,,,,,2024-10-12,,signup,0,0,,,,,,
U03075,2024-07-31,organic,mobile,free_trial,,,,,2024-07-31,,signup,0,0,,,,,,
U03076,2024-09-30,organic,mobile,free_trial,2024-09-30 00:48:23.312446,,,2024-09-30 00:54:23.312446,2024-09-30,,profile_completed,2,0,0.8064756794444444,0.1,,,,
U03077,2024-02-09,referral,mobile,freemium,2024-02-09 00:27:29.945116,,,,2024-02-09,,email_verified,1,0,0.4583180877777778,,,,,
U03078,2024-10-24,paid_search,desktop,free_trial,2024-10-24 04:52:16.820494,2024-10-24 14:08:24.341647,,2024-10-24 04:58:16.820494,2024-10-24,,first_feature_used,3,0,4.871339026111111,0.1,9.168755875833334,,,
U03079,2024-03-16,referral,desktop,freemium,,,,,2024-03-16,,signup,0,0,,,,,,
U03080,2024-06-12,paid_search,desktop,free_trial,2024-06-12 01:43:11.500685,,,,2024-06-12,,email_verified,1,0,1.7198613013888888,,,,,
U03081,2024-06-09,paid_search,mobile,free_trial,2024-06-09 00:27:50.463608,,,2024-06-09 19:58:11.358080,2024-06-09,,profile_completed,2,0,0.4640176688888889,19.50580402,,,,
U03082,2024-10-26,organic,desktop,free_trial,2024-10-26 00:56:10.615698,2024-10-26 07:19:56.656531,,2024-10-26 07:13:56.656531,2024-10-26,,first_feature_used,3,0,0.9362821383333334,6.296122453611111,0.1,,,
U03083,2024-04-11,organic,desktop,freemium,2024-04-11 00:06:00.000000,2024-04-11 03:36:02.321241,2024-04-20 14:39:25.153470,2024-04-11 00:12:00.000000,2024-04-11,2024-04-16 20:45:57.947064,paid_conversion,5,1,0.1,0.1,3.4006447891666665,137.1654516175,89.89089066833334,230.65698707500002
U03084,2024-03-28,paid_search,desktop,free_trial,2024-03-28 00:23:37.625988,2024-03-30 10:15:33.392987,,2024-03-28 00:29:37.625988,2024-03-28,,first_feature_used,3,0,0.39378499666666666,0.1,57.76549083305556,,,
U03085,2024-05-03,paid_search,desktop,freemium,2024-05-03 00:30:00.593243,,,2024-05-03 00:36:00.593243,2024-05-03,,profile_completed,2,0,0.5001647897222222,0.1,,,,
U03086,2024-05-11,referral,mobile,freemium,2024-05-11 00:06:00.000000,,,,2024-05-11,,email_verified,1,0,0.1,,,,,
U03087,2024-03-07,paid_search,mobile,free_trial,2024-03-07 00:06:00.000000,,,2024-03-07 00:12:00.000000,2024-03-07,,profile_completed,2,0,0.1,0.1,,,,
U03088,2024-03-05,organic,tablet,free_trial,2024-03-05 03:19:03.155149,2024-03-08 07:32:54.682618,,2024-03-05 23:19:59.984057,2024-03-05,2024-03-08 07:38:54.682618,team_invited,4,0,3.3175430969444446,20.015785807777778,56.215194044722224,0.1,,
U03089,2024-03-25,paid_search,desktop,free_trial,2024-03-25 00:06:00.000000,2024-03-25 01:49:18.082314,,2024-03-25 01:43:18.082314,2024-03-25,,first_feature_used,3,0,0.1,1.6216895316666666,0.1,,,
U03090,2024-06-19,paid_search,desktop,freemium,2024-06-19 00:06:00.000000,,,,2024-06-19,,email_verified,1,0,0.1,,,,,
U03091,2024-05-05,organic,desktop,free_trial,2024-05-05 00:06:00.000000,,,2024-05-05 02:15:19.807810,2024-05-05,,profile_completed,2,0,0.1,2.1555021694444445,,,,
U03092,2024-05-23,paid_search,mobile,free_trial,2024-05-23 00:06:00.000000,,,2024-05-23 08:18:49.038331,2024-05-23,,profile_completed,2,0,0.1,8.213621758611112,,,,
U03093,2024-09-19,paid_search,mobile,free_trial,,,,,2024-09-19,,signup,0,0,,,,,,
U03094,2024-03-28,organic,desktop,free_trial,2024-03-28 04:05:46.227924,,,2024-03-28 09:13:43.605029,2024-03-28,,profile_completed,2,0,4.096174423333333,5.132604751388889,,,,
U03095,2024-11-28,paid_search,mobile,freemium,2024-11-28 02:26:09.061783,,,,2024-11-28,,email_verified,1,0,2.4358504952777777,,,,,
U03096,2024-10-01,paid_search,desktop,free_trial,2024-10-01 00:06:00.000000,,,2024-10-01 13:26:25.115563,2024-10-01,,profile_completed,2,0,0.1,13.34030987861111,,,,
U03097,2024-03-04,referral,desktop,free_trial,2024-03-04 00:06:00.000000,,,2024-03-04 03:44:18.542580,2024-03-04,,profile_completed,2,0,0.1,3.6384840499999997,,,,
U03098,2024-04-24,organic,desktop,free_trial,2024-04-24 00:06:00.000000,,,,2024-04-24,,email_verified,1,0,0.1,,,,,
U03099,2024-03-07,paid_search,desktop,freemium,2024-03-07 00:06:00.000000,,,,2024-03-07,,email_verified,1,0,0.1,,,,,
U03100,2024-04-09,paid_search,mobile,freemium,,,,,2024-04-09,,signup,0,0,,,,,,
U03101,2024-05-13,paid_search,mobile,free_trial,2024-05-13 01:53:58.002064,,,,2024-05-13,,email_verified,1,0,1.8994450177777777,,,,,
U03102,2024-02-17,organic,mobile,free_trial,2024-02-17 00:06:00.000000,,,2024-02-17 15:38:31.924245,2024-02-17,,profile_completed,2,0,0.1,15.542201179166668,,,,
U03103,2024-01-06,referral,mobile,freemium,2024-01-06 02:00:46.196358,,,,2024-01-06,,email_verified,1,0,2.0128323216666666,,,,,
U03104,2024-06-09,referral,mobile,free_trial,2024-06-09 01:39:21.633293,2024-06-10 12:10:09.455385,,2024-06-09 01:45:21.633293,2024-06-09,,first_feature_used,3,0,1.6560092480555555,0.1,34.41328391444444,,,
U03105,2024-09-12,paid_search,desktop,freemium,2024-09-12 00:33:53.294001,2024-09-13 21:14:25.080675,,2024-09-12 10:26:55.472867,2024-09-12,,first_feature_used,3,0,0.5648038891666667,9.883938573888889,34.791557724444445,,,
U03106,2024-04-20,paid_search,desktop,free_trial,2024-04-20 00:45:45.363385,2024-04-21 13:34:32.540657,,2024-04-20 00:51:45.363385,2024-04-20,,first_feature_used,3,0,0.7626009402777778,0.1,36.71310479777778,,,
U03107,2024-11-10,organic,desktop,free_trial,2024-11-10 00:06:00.000000,2024-11-10 09:31:45.147992,2024-11-25 04:37:36.276189,2024-11-10 00:12:00.000000,2024-11-10,2024-11-11 22:06:24.979448,paid_conversion,5,1,0.1,0.1,9.329207775555554,36.577730960000004,318.51980465027776,364.6267433858334
U03108,2024-05-14,paid_search,tablet,free_trial,2024-05-14 00:06:00.000000,,,2024-05-14 09:05:54.859461,2024-05-14,,profile_completed,2,0,0.1,8.9985720725,,,,
U03109,2024-11-24,organic,tablet,free_trial,,,,,2024-11-24,,signup,0,0,,,,,,
U03110,2024-03-27,paid_search,mobile,freemium,2024-03-27 00:06:00.000000,,,2024-03-27 00:12:00.000000,2024-03-27,,profile_completed,2,0,0.1,0.1,,,,
U03111,2024-07-15,organic,desktop,free_trial,2024-07-15 01:57:58.915001,2024-07-15 03:50:45.367177,,2024-07-15 03:44:45.367177,2024-07-15,,first_feature_used,3,0,1.9663652780555556,1.7795700488888888,0.1,,,
U03112,2024-10-05,paid_search,desktop,free_trial,2024-10-05 01:30:29.793562,2024-10-06 05:08:05.955518,,2024-10-05 01:36:29.793562,2024-10-05,,first_feature_used,3,0,1.5082759894444444,0.1,27.526711654444444,,,
U03113,2024-01-22,organic,mobile,free_trial,,,,,2024-01-22,,signup,0,0,,,,,,
U03114,2024-12-05,paid_search,desktop,free_trial,2024-12-05 00:11:19.453848,,,,2024-12-05,,email_verified,1,0,0.18873718,,,,,
U03115,2024-05-13,paid_search,desktop,freemium,2024-05-13 02:24:35.752958,2024-05-15 22:35:29.557492,,2024-05-13 02:30:35.752958,2024-05-13,,first_feature_used,3,0,2.409931377222222,0.1,68.08161237055556,,,
U03116,2024-06-30,organic,desktop,freemium,,,,,2024-06-30,,signup,0,0,,,,,,
U03117,2024-08-17,organic,desktop,freemium,2024-08-17 00:49:12.755082,2024-08-19 11:09:20.902076,,2024-08-17 02:33:41.370270,2024-08-17,,first_feature_used,3,0,0.820209745,1.7412819966666666,56.59431439055556,,,
U03118,2024-08-22,referral,mobile,free_trial,2024-08-22 04:02:21.725397,,,2024-08-22 17:23:57.192110,2024-08-22,,profile_completed,2,0,4.039368165833333,13.359851864722224,,,,
U03119,2024-01-09,paid_search,tablet,free_trial,2024-01-09 03:37:15.696177,2024-01-12 11:21:22.738642,,2024-01-09 03:43:15.696177,2024-01-09,2024-01-15 15:16:29.217454,team_invited,4,0,3.621026715833333,0.1,79.63528957361112,75.91846633666667,,
U03120,2024-11-12,organic,mobile,free_trial,,,,,2024-11-12,,signup,0,0,,,,,,
U03121,2024-08-15,organic,desktop,freemium,2024-08-15 02:52:25.522950,2024-08-18 02:24:29.211292,,2024-08-15 02:58:25.522950,2024-08-15,2024-08-18 02:30:29.211292,team_invited,4,0,2.873756375,0.1,71.43435787277778,0.1,,
U03122,2024-12-30,organic,desktop,free_trial,2024-12-30 00:06:00.000000,,,,2024-12-30,,email_verified,1,0,0.1,,,,,
U03123,2024-06-21,paid_search,tablet,free_trial,2024-06-21 02:37:09.292420,2024-06-21 03:16:44.974527,2024-06-23 19:27:39.141497,2024-06-21 03:10:44.974527,2024-06-21,2024-06-23 19:21:39.141497,paid_conversion,5,1,2.6192478944444444,0.5599116963888889,0.1,64.08171304722222,0.1,67.46087263805556
U03124,2024-08-11,paid_search,desktop,freemium,,,,,2024-08-11,,signup,0,0,,,,,,
U03125,2024-06-09,organic,desktop,free_trial,,,,,2024-06-09,,signup,0,0,,,,,,
U03126,2024-11-20,paid_search,mobile,free_trial,,,,,2024-11-20,,signup,0,0,,,,,,
U03127,2024-10-30,paid_search,desktop,free_trial,2024-10-30 02:07:11.474810,2024-10-31 16:37:06.488572,,2024-10-30 02:13:11.474810,2024-10-30,2024-11-10 23:46:15.841695,team_invited,4,0,2.1198541138888887,0.1,38.39861493388889,247.15259808972223,,
U03128,2024-11-27,paid_search,desktop,freemium,2024-11-27 00:06:00.000000,,,2024-11-27 00:12:00.000000,2024-11-27,,profile_completed,2,0,0.1,0.1,,,,
U03129,2024-07-03,organic,mobile,freemium,,,,,2024-07-03,,signup,0,0,,,,,,
U03130,2024-10-15,organic,mobile,free_trial,2024-10-15 01:35:03.739569,,,2024-10-15 08:57:49.116540,2024-10-15,,profile_completed,2,0,1.5843721025000002,7.379271380833334,,,,
U03131,2024-05-10,organic,desktop,freemium,2024-05-10 00:06:00.000000,,,2024-05-10 00:12:00.000000,2024-05-10,,profile_completed,2,0,0.1,0.1,,,,
U03132,2024-06-17,organic,desktop,free_trial,,,,,2024-06-17,,signup,0,0,,,,,,
U03133,2024-10-04,organic,tablet,free_trial,,,,,2024-10-04,,signup,0,0,,,,,,
U03134,2024-01-30,organic,mobile,freemium,2024-01-30 02:59:09.969821,,,2024-01-30 03:05:09.969821,2024-01-30,,profile_completed,2,0,2.9861027280555557,0.1,,,,
U03135,2024-09-16,organic,mobile,freemium,2024-09-16 00:50:07.394748,2024-09-16 04:39:18.855258,,2024-09-16 04:33:18.855258,2024-09-16,,first_feature_used,3,0,0.83538743,3.719850141666667,0.1,,,
U03136,2024-01-06,paid_search,desktop,freemium,2024-01-06 02:03:43.674195,,,2024-01-06 08:06:15.743025,2024-01-06,,profile_completed,2,0,2.0621317208333334,6.042241341666667,,,,
U03137,2024-07-30,organic,tablet,freemium,2024-07-30 01:00:32.358212,,,2024-07-30 18:48:35.187419,2024-07-30,,profile_completed,2,0,1.0089883922222223,17.800785890833335,,,,
U03138,2024-06-23,paid_search,mobile,free_trial,2024-06-23 00:06:00.000000,,,,2024-06-23,,email_verified,1,0,0.1,,,,,
U03139,2024-06-20,organic,desktop,free_trial,2024-06-20 01:10:44.244998,,,,2024-06-20,,email_verified,1,0,1.178956943888889,,,,,
U03140,2024-06-29,paid_search,desktop,free_trial,2024-06-29 00:06:00.000000,2024-06-30 15:31:48.226026,,2024-06-29 00:30:36.254406,2024-06-29,2024-07-09 23:35:41.767139,team_invited,4,0,0.1,0.41007066833333333,39.019992116666664,224.0648725313889,,
U03141,2024-06-28,organic,mobile,free_trial,,,,,2024-06-28,,signup,0,0,,,,,,
U03142,2024-05-28,paid_search,mobile,free_trial,2024-05-28 00:06:00.000000,,,,2024-05-28,,email_verified,1,0,0.1,,,,,
U03143,2024-06-13,paid_search,mobile,free_trial,2024-06-13 04:21:20.446224,,,2024-06-13 12:27:47.963744,2024-06-13,,profile_completed,2,0,4.355679506666666,8.107643755555555,,,,
U03144,2024-07-26,organic,tablet,free_trial,2024-07-26 00:06:00.000000,2024-07-26 20:42:06.080354,,2024-07-26 20:36:06.080354,2024-07-26,,first_feature_used,3,0,0.1,20.501688987222224,0.1,,,
U03145,2024-10-05,paid_search,mobile,freemium,2024-10-05 01:59:03.380539,,,,2024-10-05,,email_verified,1,0,1.9842723719444444,,,,,
U03146,2024-07-20,organic,desktop,free_trial,2024-07-20 02:08:36.381878,,,,2024-07-20,,email_verified,1,0,2.1434394105555556,,,,,
U03147,2024-08-22,paid_search,desktop,free_trial,2024-08-22 00:50:29.373085,,,2024-08-22 03:58:14.818071,2024-08-22,,profile_completed,2,0,0.8414925236111112,3.129290273888889,,,,
U03148,2024-11-01,organic,mobile,freemium,,,,,2024-11-01,,signup,0,0,,,,,,
U03149,2024-12-27,organic,desktop,freemium,,,,,2024-12-27,,signup,0,0,,,,,,
U03150,2024-02-09,organic,desktop,free_trial,2024-02-09 00:06:00.000000,2024-02-15 16:01:11.824198,2024-03-01 21:46:13.602587,2024-02-09 06:20:48.051555,2024-02-09,2024-02-17 16:49:39.568873,paid_conversion,5,1,0.1,6.2466809875,153.67327017861112,48.80770685416667,316.9427871427778,525.7704451630556
U03151,2024-09-17,referral,mobile,freemium,2024-09-17 00:06:00.000000,,,2024-09-17 00:12:00.000000,2024-09-17,,profile_completed,2,0,0.1,0.1,,,,
U03152,2024-03-23,organic,desktop,freemium,2024-03-23 03:54:30.545846,,,,2024-03-23,,email_verified,1,0,3.9084849572222224,,,,,
U03153,2024-03-12,paid_search,mobile,freemium,,,,,2024-03-12,,signup,0,0,,,,,,
U03154,2024-10-16,organic,desktop,free_trial,2024-10-16 00:06:00.000000,2024-10-18 10:03:43.140415,,2024-10-16 00:12:00.000000,2024-10-16,,first_feature_used,3,0,0.1,0.1,57.86198344861111,,,
U03155,2024-01-26,organic,desktop,free_trial,2024-01-26 01:47:17.371966,2024-01-26 12:43:31.901842,,2024-01-26 12:37:31.901842,2024-01-26,2024-01-29 03:35:49.277180,team_invited,4,0,1.7881588794444443,10.83736941,0.1,62.87149314944445,,
U03156,2024-11-05,organic,desktop,freemium,,,,,2024-11-05,,signup,0,0,,,,,,
U03157,2024-10-08,referral,mobile,free_trial,2024-10-08 02:23:24.470141,2024-10-08 02:35:24.470141,,2024-10-08 02:29:24.470141,2024-10-08,2024-10-11 05:42:21.396865,team_invited,4,0,2.3901305947222222,0.1,0.1,75.1158129788889,,
U03158,2024-12-29,paid_search,mobile,freemium,,,,,2024-12-29,,signup,0,0,,,,,,
U03159,2024-08-31,organic,desktop,freemium,2024-08-31 01:57:27.495931,,,2024-08-31 23:07:44.739473,2024-08-31,,profile_completed,2,0,1.9576377586111111,21.171456539444442,,,,
U03160,2024-11-14,paid_search,desktop,freemium,,,,,2024-11-14,,signup,0,0,,,,,,
U03161,2024-02-13,organic,desktop,freemium,,,,,2024-02-13,,signup,0,0,,,,,,
U03162,2024-11-20,organic,mobile,freemium,2024-11-20 00:06:00.000000,,,,2024-11-20,,email_verified,1,0,0.1,,,,,
U03163,2024-02-28,paid_search,tablet,freemium,,,,,2024-02-28,,signup,0,0,,,,,,
U03164,2024-04-24,organic,mobile,freemium,,,,,2024-04-24,,signup,0,0,,,,,,
U03165,2024-02-16,organic,desktop,free_trial,2024-02-16 00:06:00.000000,,,2024-02-16 08:24:51.792339,2024-02-16,,profile_completed,2,0,0.1,8.314386760833333,,,,
U03166,2024-05-26,paid_search,mobile,freemium,,,,,2024-05-26,,signup,0,0,,,,,,
U03167,2024-09-30,organic,desktop,freemium,2024-09-30 05:22:15.681378,,,2024-09-30 05:39:58.069923,2024-09-30,,profile_completed,2,0,5.371022605,0.29510792916666667,,,,
U03168,2024-04-07,referral,desktop,freemium,2024-04-07 00:06:00.000000,,,,2024-04-07,,email_verified,1,0,0.1,,,,,
U03169,2024-10-27,paid_search,desktop,free_trial,2024-10-27 00:06:00.000000,2024-10-29 01:27:02.510612,,2024-10-27 00:12:00.000000,2024-10-27,2024-10-29 14:43:40.413964,team_invited,4,0,0.1,0.1,49.25069739222223,13.277195375555555,,
U03170,2024-08-09,referral,desktop,free_trial,2024-08-09 02:08:00.478985,2024-08-09 09:35:12.809429,,2024-08-09 02:14:00.478985,2024-08-09,2024-08-09 09:41:12.809429,team_invited,4,0,2.133466384722222,0.1,7.353425123333333,0.1,,
U03171,2024-08-17,paid_search,desktop,freemium,2024-08-17 02:59:40.546971,,,,2024-08-17,,email_verified,1,0,2.9945963808333333,,,,,
U03172,2024-12-08,referral,mobile,free_trial,2024-12-08 00:06:00.000000,,,2024-12-08 18:52:34.857043,2024-12-08,,profile_completed,2,0,0.1,18.77634917861111,,,,
U03173,2024-06-06,organic,desktop,freemium,2024-06-06 00:06:00.000000,2024-06-06 00:18:00.000000,,2024-06-06 00:12:00.000000,2024-06-06,,first_feature_used,3,0,0.1,0.1,0.1,,,
U03174,2024-05-05,paid_search,mobile,free_trial,2024-05-05 00:06:00.000000,,,2024-05-05 07:18:38.169317,2024-05-05,,profile_completed,2,0,0.1,7.210602588055555,,,,
U03175,2024-12-29,paid_search,tablet,free_trial,2024-12-29 00:06:00.000000,2024-12-31 11:38:21.514360,,2024-12-29 02:40:54.960942,2024-12-29,,first_feature_used,3,0,0.1,2.5819335949999997,56.95737594944444,,,
U03176,2024-07-22,referral,desktop,free_trial,2024-07-22 00:06:00.000000,2024-07-22 18:03:18.161502,,2024-07-22 17:57:18.161502,2024-07-22,2024-07-23 09:17:17.489553,team_invited,4,0,0.1,17.855044861666666,0.1,15.233146680833332,,
U03177,2024-08-12,organic,desktop,freemium,2024-08-12 03:08:12.025917,2024-08-17 15:44:56.075597,,2024-08-12 08:05:32.654898,2024-08-12,,first_feature_used,3,0,3.1366738658333335,4.9557302725,127.65650574972223,,,
U03178,2024-04-18,paid_search,mobile,free_trial,2024-04-18 00:06:00.000000,,,2024-04-18 15:00:26.914057,2024-04-18,,profile_completed,2,0,0.1,14.907476126944445,,,,
U03179,2024-03-19,paid_search,desktop,freemium,2024-03-19 00:06:00.000000,,,,2024-03-19,,email_verified,1,0,0.1,,,,,
U03180,2024-03-02,organic,desktop,freemium,2024-03-02 00:14:18.073808,,,,2024-03-02,,email_verified,1,0,0.23835383555555556,,,,,
U03181,2024-03-22,referral,desktop,freemium,2024-03-22 00:06:00.000000,2024-03-22 08:05:40.895053,,2024-03-22 07:59:40.895053,2024-03-22,,first_feature_used,3,0,0.1,7.894693070277778,0.1,,,
U03182,2024-03-12,organic,mobile,free_trial,2024-03-12 02:46:31.417793,,,,2024-03-12,,email_verified,1,0,2.775393831388889,,,,,
U03183,2024-09-29,organic,mobile,free_trial,2024-09-29 02:43:27.856816,,,,2024-09-29,,email_verified,1,0,2.724404671111111,,,,,
U03184,2024-01-22,paid_search,mobile,freemium,,,,,2024-01-22,,signup,0,0,,,,,,
U03185,2024-08-17,organic,mobile,free_trial,2024-08-17 00:06:00.000000,,,,2024-08-17,,email_verified,1,0,0.1,,,,,
U03186,2024-12-12,organic,desktop,free_trial,2024-12-12 00:06:00.000000,2024-12-12 20:28:45.105208,,2024-12-12 19:33:32.427008,2024-12-12,,first_feature_used,3,0,0.1,19.45900750222222,0.9201883888888889,,,
U03187,2024-10-06,organic,mobile,freemium,2024-10-06 01:36:52.560226,,,2024-10-06 04:15:07.202329,2024-10-06,,profile_completed,2,0,1.6146000627777777,2.6374005841666666,,,,
U03188,2024-05-27,organic,mobile,free_trial,2024-05-27 00:12:24.099039,,,,2024-05-27,,email_verified,1,0,0.2066941775,,,,,
U03189,2024-01-22,paid_search,desktop,free_trial,2024-01-22 00:50:33.927348,,,,2024-01-22,,email_verified,1,0,0.8427575966666667,,,,,
U03190,2024-10-31,referral,tablet,freemium,2024-10-31 02:39:46.001238,,,,2024-10-31,,email_verified,1,0,2.662778121666667,,,,,
U03191,2024-01-02,paid_search,mobile,free_trial,2024-01-02 02:30:18.729460,,,,2024-01-02,,email_verified,1,0,2.505202627777778,,,,,
U03192,2024-09-05,organic,desktop,free_trial,2024-09-05 01:07:06.986150,2024-09-05 01:19:06.986150,,2024-09-05 01:13:06.986150,2024-09-05,,first_feature_used,3,0,1.1186072638888889,0.1,0.1,,,
U03193,2024-09-01,paid_search,desktop,free_trial,2024-09-01 01:53:36.398428,2024-09-01 10:16:52.605868,,2024-09-01 02:09:07.209770,2024-09-01,,first_feature_used,3,0,1.8934440077777779,0.2585587061111111,8.129276693888889,,,
U03194,2024-03-11,referral,desktop,freemium,2024-03-11 00:06:00.000000,,,2024-03-11 21:01:30.360464,2024-03-11,,profile_completed,2,0,0.1,20.92510012888889,,,,
U03195,2024-09-27,paid_search,mobile,freemium,2024-09-27 01:48:20.126523,,,2024-09-27 01:54:20.126523,2024-09-27,,profile_completed,2,0,1.8055907008333334,0.1,,,,
U03196,2024-03-05,organic,desktop,freemium,,,,,2024-03-05,,signup,0,0,,,,,,
U03197,2024-03-23,organic,desktop,freemium,2024-03-23 01:04:54.784807,,,2024-03-23 07:15:08.390128,2024-03-23,,profile_completed,2,0,1.0818846686111112,6.1704459225,,,,
U03198,2024-10-23,referral,mobile,free_trial,2024-10-23 01:03:44.820852,2024-10-23 05:35:07.941002,2024-11-10 09:19:03.552624,2024-10-23 05:29:07.941002,2024-10-23,2024-11-02 12:39:33.471971,paid_conversion,5,1,1.0624502366666666,4.423088930555556,0.1,247.0737586025,188.65835573694446,441.31765350666666
U03199,2024-12-23,referral,mobile,freemium,2024-12-23 02:28:29.328530,,,,2024-12-23,,email_verified,1,0,2.474813480555556,,,,,
U03200,2024-04-06,organic,mobile,free_trial,2024-04-06 00:06:00.000000,,,,2024-04-06,,email_verified,1,0,0.1,,,,,
U03201,2024-12-02,referral,mobile,freemium,2024-12-02 03:38:04.590274,2024-12-02 09:33:05.662133,,2024-12-02 03:44:04.590274,2024-12-02,,first_feature_used,3,0,3.6346084094444446,0.1,5.816964405277778,,,
U03202,2024-11-29,organic,desktop,freemium,,,,,2024-11-29,,signup,0,0,,,,,,
U03203,2024-10-07,organic,desktop,free_trial,2024-10-07 00:12:35.209584,,,,2024-10-07,,email_verified,1,0,0.20978043999999998,,,,,
U03204,2024-02-21,paid_search,mobile,freemium,2024-02-21 00:18:38.300527,,,,2024-02-21,,email_verified,1,0,0.3106390352777778,,,,,
U03205,2024-04-19,paid_search,desktop,freemium,2024-04-19 05:01:25.758458,,,,2024-04-19,,email_verified,1,0,5.023821793888889,,,,,
U03206,2024-09-04,organic,desktop,free_trial,2024-09-04 00:06:00.000000,,,2024-09-04 02:43:26.906674,2024-09-04,,profile_completed,2,0,0.1,2.6241407427777776,,,,
U03207,2024-12-30,referral,tablet,freemium,2024-12-30 00:06:00.000000,2024-12-30 00:18:00.000000,,2024-12-30 00:12:00.000000,2024-12-30,,first_feature_used,3,0,0.1,0.1,0.1,,,
U03208,2024-10-24,referral,desktop,freemium,,,,,2024-10-24,,signup,0,0,,,,,,
U03209,2024-06-02,organic,mobile,free_trial,2024-06-02 00:06:00.000000,,,,2024-06-02,,email_verified,1,0,0.1,,,,,
U03210,2024-03-26,paid_search,mobile,free_trial,2024-03-26 01:51:32.609626,2024-03-27 15:28:21.467190,,2024-03-26 01:57:32.609626,2024-03-26,,first_feature_used,3,0,1.8590582294444447,0.1,37.51357154555556,,,
U03211,2024-12-16,paid_search,mobile,freemium,,,,,2024-12-16,,signup,0,0,,,,,,
U03212,2024-04-10,paid_search,desktop,free_trial,2024-04-10 00:06:00.000000,,,,2024-04-10,,email_verified,1,0,0.1,,,,,
U03213,2024-05-04,referral,desktop,free_trial,2024-05-04 00:57:53.407969,2024-05-06 17:24:13.547702,,2024-05-04 16:23:23.061443,2024-05-04,,first_feature_used,3,0,0.9648355469444444,15.424903742777778,49.014023960833335,,,
U03214,2024-12-18,paid_search,desktop,freemium,,,,,2024-12-18,,signup,0,0,,,,,,
U03215,2024-07-24,organic,mobile,freemium,,,,,2024-07-24,,signup,0,0,,,,,,
U03216,2024-04-06,organic,desktop,free_trial,2024-04-06 01:38:12.370425,,,,2024-04-06,,email_verified,1,0,1.6367695625,,,,,
U03217,2024-01-02,referral,desktop,free_trial,2024-01-02 02:33:27.966429,2024-01-02 15:32:11.357078,,2024-01-02 15:26:11.357078,2024-01-02,,first_feature_used,3,0,2.5577684525,12.878719624722223,0.1,,,
U03218,2024-06-05,referral,mobile,freemium,,,,,2024-06-05,,signup,0,0,,,,,,
U03219,2024-12-25,organic,desktop,free_trial,2024-12-25 00:06:00.000000,2024-12-25 00:18:00.000000,,2024-12-25 00:12:00.000000,2024-12-25,2024-12-28 07:56:57.490058,team_invited,4,0,0.1,0.1,0.1,79.64930279388889,,
U03220,2024-06-06,organic,desktop,freemium,2024-06-06 00:06:00.000000,,,2024-06-06 00:12:00.000000,2024-06-06,,profile_completed,2,0,0.1,0.1,,,,
U03221,2024-09-12,paid_search,desktop,freemium,2024-09-12 00:20:45.921322,,,2024-09-13 03:55:02.463967,2024-09-12,,profile_completed,2,0,0.3460892561111111,27.57126184583333,,,,
U03222,2024-04-02,organic,desktop,free_trial,2024-04-02 00:06:00.000000,,,2024-04-02 09:44:05.289088,2024-04-02,,profile_completed,2,0,0.1,9.634802524444444,,,,
U03223,2024-10-10,organic,desktop,freemium,,,,,2024-10-10,,signup,0,0,,,,,,
U03224,2024-10-10,referral,desktop,freemium,2024-10-10 02:08:22.844800,2024-10-10 06:38:09.041716,,2024-10-10 06:32:09.041716,2024-10-10,,first_feature_used,3,0,2.139679111111111,4.39616581,0.1,,,
U03225,2024-08-10,referral,tablet,freemium,2024-08-10 00:06:00.000000,,,,2024-08-10,,email_verified,1,0,0.1,,,,,
U03226,2024-10-08,referral,tablet,free_trial,2024-10-08 00:06:00.000000,,,,2024-10-08,,email_verified,1,0,0.1,,,,,
U03227,2024-07-30,paid_search,mobile,free_trial,2024-07-30 00:06:00.000000,,,2024-07-30 07:48:43.775504,2024-07-30,,profile_completed,2,0,0.1,7.712159862222222,,,,
U03228,2024-05-18,organic,mobile,freemium,,,,,2024-05-18,,signup,0,0,,,,,,
U03229,2024-09-26,referral,mobile,freemium,,,,,2024-09-26,,signup,0,0,,,,,,
U03230,2024-10-31,organic,mobile,freemium,,,,,2024-10-31,,signup,0,0,,,,,,
U03231,2024-11-02,organic,desktop,free_trial,2024-11-02 00:06:00.000000,,,,2024-11-02,,email_verified,1,0,0.1,,,,,
U03232,2024-03-18,referral,desktop,free_trial,2024-03-18 02:30:38.093469,,,2024-03-18 03:22:54.997623,2024-03-18,,profile_completed,2,0,2.5105815191666667,0.8713622649999999,,,,
U03233,2024-09-03,paid_search,mobile,free_trial,,,,,2024-09-03,,signup,0,0,,,,,,
U03234,2024-01-02,referral,tablet,freemium,,,,,2024-01-02,,signup,0,0,,,,,,
U03235,2024-07-27,organic,desktop,freemium,,,,,2024-07-27,,signup,0,0,,,,,,
U03236,2024-07-27,referral,desktop,freemium,,,,,2024-07-27,,signup,0,0,,,,,,
U03237,2024-05-12,paid_search,desktop,free_trial,2024-05-12 00:10:26.427669,2024-05-12 00:22:26.427669,,2024-05-12 00:16:26.427669,2024-05-12,2024-05-12 09:33:04.494710,team_invited,4,0,0.17400768583333334,0.1,0.1,9.177240844722222,,
U03238,2024-12-28,paid_search,desktop,freemium,,,,,2024-12-28,,signup,0,0,,,,,,
U03239,2024-11-18,referral,mobile,free_trial,2024-11-18 00:06:00.000000,2024-11-18 13:23:29.080446,,2024-11-18 00:12:00.000000,2024-11-18,2024-11-24 09:17:14.251422,team_invited,4,0,0.1,0.1,13.191411235,139.89588082666668,,
U03240,2024-01-15,organic,desktop,free_trial,2024-01-15 00:43:15.653407,2024-01-15 17:16:04.709521,,2024-01-15 17:10:04.709521,2024-01-15,,first_feature_used,3,0,0.7210148352777778,16.446960031666666,0.1,,,
U03241,2024-03-17,paid_search,tablet,freemium,2024-03-17 00:06:00.000000,,,,2024-03-17,,email_verified,1,0,0.1,,,,,
U03242,2024-03-16,paid_search,mobile,free_trial,2024-03-16 01:27:35.891671,,,,2024-03-16,,email_verified,1,0,1.459969908611111,,,,,
U03243,2024-11-23,paid_search,desktop,freemium,2024-11-23 00:06:00.000000,,,,2024-11-23,,email_verified,1,0,0.1,,,,,
U03244,2024-07-08,referral,mobile,freemium,2024-07-08 00:30:41.621291,,,,2024-07-08,,email_verified,1,0,0.5115614697222222,,,,,
U03245,2024-09-23,paid_search,mobile,free_trial,2024-09-23 02:35:16.663112,,,2024-09-23 09:06:40.537541,2024-09-23,,profile_completed,2,0,2.5879619755555554,6.5232984525,,,,
U03246,2024-10-22,organic,desktop,free_trial,2024-10-22 02:35:57.722675,,,2024-10-22 11:46:00.368075,2024-10-22,,profile_completed,2,0,2.5993674097222224,9.1674015,,,,
U03247,2024-10-07,organic,desktop,free_trial,2024-10-07 00:15:24.757228,2024-10-07 14:05:29.441365,2024-10-22 08:00:53.402999,2024-10-07 01:38:36.076048,2024-10-07,2024-10-07 19:35:11.453830,paid_conversion,5,1,0.2568770077777778,1.3864774500000001,12.448157032500001,5.4950034625,348.4283192136111,368.0148341663889
U03248,2024-02-02,referral,mobile,freemium,,,,,2024-02-02,,signup,0,0,,,,,,
U03249,2024-02-21,referral,desktop,free_trial,2024-02-21 02:47:24.239137,,,2024-02-21 02:53:24.239137,2024-02-21,,profile_completed,2,0,2.7900664269444446,0.1,,,,
U03250,2024-05-24,referral,desktop,free_trial,2024-05-24 00:06:00.000000,2024-05-28 05:18:59.194360,,2024-05-24 20:10:32.206544,2024-05-24,2024-05-28 05:24:59.194360,team_invited,4,0,0.1,20.07561292888889,81.14082994888889,0.1,,
U03251,2024-05-03,organic,desktop,free_trial,2024-05-03 00:06:00.000000,2024-05-04 05:56:07.564587,,2024-05-03 10:54:27.237765,2024-05-03,,first_feature_used,3,0,0.1,10.807566045833333,19.02786856166667,,,
U03252,2024-09-29,organic,desktop,freemium,2024-09-29 01:38:21.995008,,,,2024-09-29,,email_verified,1,0,1.6394430577777777,,,,,
U03253,2024-02-27,paid_search,mobile,free_trial,,,,,2024-02-27,,signup,0,0,,,,,,
U03254,2024-05-15,paid_search,desktop,free_trial,2024-05-15 00:06:00.000000,,,2024-05-15 10:10:46.805935,2024-05-15,,profile_completed,2,0,0.1,10.079668315277777,,,,
U03255,2024-03-27,organic,mobile,free_trial,2024-03-27 02:23:09.276205,,,,2024-03-27,,email_verified,1,0,2.3859100569444447,,,,,
U03256,2024-03-09,paid_search,desktop,free_trial,2024-03-09 02:32:35.283121,2024-03-09 11:03:14.812624,,2024-03-09 02:38:35.283121,2024-03-09,,first_feature_used,3,0,2.5431342002777777,0.1,8.410980417500001,,,
U03257,2024-03-04,organic,mobile,free_trial,,,,,2024-03-04,,signup,0,0,,,,,,
U03258,2024-03-12,paid_search,desktop,free_trial,2024-03-12 02:45:23.348053,2024-03-15 19:57:54.976468,,2024-03-13 02:25:37.430212,2024-03-12,,first_feature_used,3,0,2.7564855702777775,23.6705783775,65.53820729333333,,,
U03259,2024-07-24,organic,tablet,freemium,2024-07-24 00:06:00.000000,,,,2024-07-24,,email_verified,1,0,0.1,,,,,
U03260,2024-05-29,organic,tablet,free_trial,2024-05-29 00:42:32.909564,,,,2024-05-29,,email_verified,1,0,0.7091415455555555,,,,,
U03261,2024-06-07,organic,desktop,free_trial,2024-06-07 01:39:01.568137,,,2024-06-07 01:45:01.568137,2024-06-07,,profile_completed,2,0,1.6504355936111113,0.1,,,,
U03262,2024-06-23,referral,mobile,freemium,,,,,2024-06-23,,signup,0,0,,,,,,
U03263,2024-09-27,paid_search,desktop,free_trial,2024-09-27 00:06:00.000000,2024-09-27 00:18:00.000000,,2024-09-27 00:12:00.000000,2024-09-27,2024-09-29 16:01:50.558173,team_invited,4,0,0.1,0.1,0.1,63.73071060361111,,
U03264,2024-11-10,referral,mobile,free_trial,2024-11-10 00:06:00.000000,,,2024-11-10 10:39:09.382032,2024-11-10,,profile_completed,2,0,0.1,10.55260612,,,,
U03265,2024-07-11,paid_search,mobile,free_trial,,,,,2024-07-11,,signup,0,0,,,,,,
U03266,2024-08-22,organic,desktop,free_trial,2024-08-22 00:06:00.000000,,,,2024-08-22,,email_verified,1,0,0.1,,,,,
U03267,2024-09-26,organic,desktop,free_trial,2024-09-26 00:06:00.000000,,,2024-09-26 00:12:00.000000,2024-09-26,,profile_completed,2,0,0.1,0.1,,,,
U03268,2024-09-08,paid_search,desktop,freemium,,,,,2024-09-08,,signup,0,0,,,,,,
U03269,2024-02-19,organic,mobile,free_trial,,,,,2024-02-19,,signup,0,0,,,,,,
U03270,2024-12-24,paid_search,mobile,freemium,,,,,2024-12-24,,signup,0,0,,,,,,
U03271,2024-03-01,referral,desktop,freemium,,,,,2024-03-01,,signup,0,0,,,,,,
U03272,2024-05-30,referral,desktop,free_trial,2024-05-30 04:16:07.454325,2024-05-31 22:54:25.028289,,2024-05-30 17:47:24.707037,2024-05-30,,first_feature_used,3,0,4.2687373125,13.521459086666667,29.11675590333333,,,
U03273,2024-08-26,organic,desktop,freemium,,,,,2024-08-26,,signup,0,0,,,,,,
U03274,2024-05-27,paid_search,desktop,free_trial,2024-05-27 01:51:08.096194,2024-05-27 10:07:29.859041,,2024-05-27 10:01:29.859041,2024-05-27,,first_feature_used,3,0,1.8522489427777777,8.172711901944444,0.1,,,
U03275,2024-03-29,organic,desktop,free_trial,2024-03-29 01:29:30.704020,2024-04-03 05:09:39.527915,,2024-03-29 01:35:30.704020,2024-03-29,,first_feature_used,3,0,1.4918622277777778,0.1,123.5691177486111,,,
U03276,2024-12-03,organic,desktop,freemium,,,,,2024-12-03,,signup,0,0,,,,,,
U03277,2024-01-27,paid_search,mobile,free_trial,2024-01-27 01:45:29.966145,2024-01-28 12:45:02.119148,,2024-01-27 08:47:14.306126,2024-01-27,2024-02-11 01:07:45.035269,team_invited,4,0,1.7583239291666668,7.028983328055556,27.963281395,324.37858781138885,,
U03278,2024-03-30,paid_search,desktop,freemium,2024-03-30 00:06:00.000000,2024-03-30 23:41:04.105005,,2024-03-30 00:12:00.000000,2024-03-30,,first_feature_used,3,0,0.1,0.1,23.4844736125,,,
U03279,2024-12-28,paid_search,mobile,freemium,,,,,2024-12-28,,signup,0,0,,,,,,
U03280,2024-09-23,organic,desktop,free_trial,,,,,2024-09-23,,signup,0,0,,,,,,
U03281,2024-02-01,referral,desktop,free_trial,2024-02-01 00:06:00.000000,2024-02-02 00:03:03.514705,,2024-02-01 00:12:00.000000,2024-02-01,,first_feature_used,3,0,0.1,0.1,23.850976306944442,,,
U03282,2024-10-02,referral,mobile,freemium,,,,,2024-10-02,,signup,0,0,,,,,,
U03283,2024-12-19,paid_search,desktop,free_trial,2024-12-19 02:34:38.158041,2024-12-19 16:23:15.383715,,2024-12-19 02:40:38.158041,2024-12-19,2024-12-22 15:34:45.180156,team_invited,4,0,2.5772661225,0.1,13.710340465,71.19161012250001,,
U03284,2024-02-05,referral,desktop,free_trial,2024-02-05 00:06:00.000000,2024-02-09 09:00:11.245126,,2024-02-05 03:53:35.905626,2024-02-05,,first_feature_used,3,0,0.1,3.7933071183333333,101.10981652777778,,,
U03285,2024-05-31,organic,tablet,free_trial,,,,,2024-05-31,,signup,0,0,,,,,,
U03286,2024-06-19,paid_search,mobile,free_trial,2024-06-19 00:06:00.000000,2024-06-23 20:15:53.354420,,2024-06-19 12:53:13.697728,2024-06-19,,first_feature_used,3,0,0.1,12.787138257777778,103.37768241444444,,,
U03287,2024-02-17,referral,mobile,freemium,2024-02-17 00:06:00.000000,,,,2024-02-17,,email_verified,1,0,0.1,,,,,
U03288,2024-03-14,referral,desktop,free_trial,2024-03-14 00:11:58.145194,,,,2024-03-14,,email_verified,1,0,0.1994847761111111,,,,,
U03289,2024-03-04,referral,desktop,free_trial,2024-03-04 02:07:34.122750,,,2024-03-05 03:25:43.650879,2024-03-04,,profile_completed,2,0,2.1261452083333334,25.3026467025,,,,
U03290,2024-03-08,paid_search,desktop,freemium,2024-03-08 01:19:42.931569,2024-03-08 11:57:56.599424,,2024-03-08 05:06:03.296721,2024-03-08,,first_feature_used,3,0,1.3285921025,3.7723236533333333,6.864806306388889,,,
U03291,2024-05-27,referral,tablet,freemium,2024-05-27 00:06:00.000000,,,,2024-05-27,,email_verified,1,0,0.1,,,,,
U03292,2024-06-18,paid_search,mobile,freemium,,,,,2024-06-18,,signup,0,0,,,,,,
U03293,2024-03-27,organic,desktop,freemium,2024-03-27 02:19:27.742970,,,,2024-03-27,,email_verified,1,0,2.324373047222222,,,,,
U03294,2024-04-15,organic,tablet,free_trial,,,,,2024-04-15,,signup,0,0,,,,,,
U03295,2024-03-11,paid_search,desktop,free_trial,2024-03-11 03:24:04.752849,2024-03-11 11:32:16.779107,,2024-03-11 11:26:16.779107,2024-03-11,,first_feature_used,3,0,3.4013202358333334,8.036673960555555,0.1,,,
U03296,2024-10-17,paid_search,desktop,freemium,,,,,2024-10-17,,signup,0,0,,,,,,
U03297,2024-03-18,paid_search,desktop,free_trial,2024-03-18 00:39:51.268060,2024-03-20 15:01:10.416573,,2024-03-18 03:01:32.969157,2024-03-18,,first_feature_used,3,0,0.6642411277777778,2.3615836380555555,59.99373539333334,,,
U03298,2024-11-27,referral,desktop,freemium,2024-11-27 00:10:26.672272,2024-11-29 13:05:35.451600,,2024-11-27 08:09:47.879963,2024-11-27,,first_feature_used,3,0,0.17407563111111113,7.989224358611111,52.929881010277775,,,
U03299,2024-07-15,paid_search,tablet,free_trial,2024-07-15 00:06:00.000000,,,,2024-07-15,,email_verified,1,0,0.1,,,,,
U03300,2024-10-19,organic,mobile,freemium,2024-10-19 01:39:47.571568,,,,2024-10-19,,email_verified,1,0,1.6632143244444446,,,,,
U03301,2024-08-20,organic,desktop,freemium,2024-08-20 01:01:57.573398,2024-08-22 10:53:30.083458,,2024-08-20 11:41:10.280721,2024-08-20,2024-08-22 10:59:30.083458,team_invited,4,0,1.0326592772222223,10.653529811944445,47.20550076027777,0.1,,
U03302,2024-04-07,paid_search,desktop,freemium,2024-04-07 00:07:59.546795,,,,2024-04-07,,email_verified,1,0,0.13320744305555554,,,,,
U03303,2024-08-07,paid_search,desktop,free_trial,2024-08-07 02:12:00.386593,,,,2024-08-07,,email_verified,1,0,2.2001073869444445,,,,,
U03304,2024-04-10,paid_search,desktop,freemium,,,,,2024-04-10,,signup,0,0,,,,,,
U03305,2024-02-13,paid_search,desktop,freemium,2024-02-13 00:06:00.000000,,,2024-02-13 00:12:00.000000,2024-02-13,,profile_completed,2,0,0.1,0.1,,,,
U03306,2024-04-02,paid_search,desktop,freemium,,,,,2024-04-02,,signup,0,0,,,,,,
U03307,2024-04-10,paid_search,desktop,freemium,,,,,2024-04-10,,signup,0,0,,,,,,
U03308,2024-02-19,referral,desktop,free_trial,2024-02-19 02:27:52.070753,2024-02-20 14:40:57.975674,,2024-02-19 02:33:52.070753,2024-02-19,,first_feature_used,3,0,2.4644640980555557,0.1,36.1183069225,,,
U03309,2024-01-09,organic,desktop,free_trial,2024-01-09 02:25:22.990388,2024-01-10 04:08:31.448897,,2024-01-09 02:35:05.898491,2024-01-09,2024-01-18 03:56:05.817250,team_invited,4,0,2.4230528855555558,0.16191891749999998,25.557097334999998,191.79288009805558,,
U03310,2024-12-10,paid_search,tablet,free_trial,2024-12-10 00:09:01.673859,,,2024-12-10 00:15:01.673859,2024-12-10,,profile_completed,2,0,0.15046496083333333,0.1,,,,
U03311,2024-07-06,paid_search,desktop,freemium,,,,,2024-07-06,,signup,0,0,,,,,,
U03312,2024-05-26,organic,desktop,freemium,,,,,2024-05-26,,signup,0,0,,,,,,
U03313,2024-12-05,paid_search,desktop,free_trial,2024-12-05 00:06:00.000000,,,2024-12-05 00:12:00.000000,2024-12-05,,profile_completed,2,0,0.1,0.1,,,,
U03314,2024-03-23,paid_search,mobile,freemium,2024-03-23 02:07:17.502188,,,2024-03-23 02:13:17.502188,2024-03-23,,profile_completed,2,0,2.1215283855555556,0.1,,,,
U03315,2024-05-27,paid_search,desktop,free_trial,2024-05-27 01:10:29.410749,2024-05-27 19:20:08.876364,,2024-05-27 14:58:01.995307,2024-05-27,,first_feature_used,3,0,1.1748363191666666,13.792384599444445,4.368578071388889,,,
U03316,2024-11-05,paid_search,desktop,freemium,,,,,2024-11-05,,signup,0,0,,,,,,
U03317,2024-08-18,organic,mobile,free_trial,2024-08-18 00:06:00.000000,2024-08-18 16:52:48.815059,,2024-08-18 00:12:00.000000,2024-08-18,,first_feature_used,3,0,0.1,0.1,16.68022640527778,,,
U03318,2024-05-25,organic,mobile,free_trial,2024-05-25 00:35:48.076772,,,,2024-05-25,,email_verified,1,0,0.5966879922222222,,,,,
U03319,2024-04-03,organic,desktop,free_trial,2024-04-03 01:51:43.044822,,,,2024-04-03,,email_verified,1,0,1.861956895,,,,,
U03320,2024-01-13,organic,desktop,freemium,,,,,2024-01-13,,signup,0,0,,,,,,
U03321,2024-02-01,paid_search,tablet,freemium,2024-02-01 00:06:00.000000,,,,2024-02-01,,email_verified,1,0,0.1,,,,,
U03322,2024-02-29,referral,desktop,free_trial,2024-02-29 00:06:00.000000,2024-02-29 00:18:00.000000,,2024-02-29 00:12:00.000000,2024-02-29,2024-02-29 00:24:00.000000,team_invited,4,0,0.1,0.1,0.1,0.1,,
U03323,2024-10-14,paid_search,desktop,free_trial,2024-10-14 00:06:00.000000,,,,2024-10-14,,email_verified,1,0,0.1,,,,,
U03324,2024-08-21,organic,desktop,freemium,2024-08-21 00:06:00.000000,2024-08-21 00:18:00.000000,,2024-08-21 00:12:00.000000,2024-08-21,,first_feature_used,3,0,0.1,0.1,0.1,,,
U03325,2024-06-07,organic,desktop,free_trial,,,,,2024-06-07,,signup,0,0,,,,,,
U03326,2024-10-12,organic,mobile,freemium,2024-10-12 00:06:00.000000,,,,2024-10-12,,email_verified,1,0,0.1,,,,,
U03327,2024-02-28,paid_search,mobile,free_trial,2024-02-28 00:43:49.636123,2024-03-04 23:02:15.147769,,2024-02-28 09:59:03.076150,2024-02-28,2024-03-10 14:38:04.768706,team_invited,4,0,0.7304544786111111,9.253733340833332,133.0533532275,135.59711692694447,,
U03328,2024-03-17,organic,desktop,freemium,,,,,2024-03-17,,signup,0,0,,,,,,
U03329,2024-05-23,paid_search,mobile,freemium,2024-05-23 00:06:00.000000,,,2024-05-23 00:12:00.000000,2024-05-23,,profile_completed,2,0,0.1,0.1,,,,
U03330,2024-11-30,paid_search,desktop,free_trial,2024-11-30 00:06:00.000000,2024-12-01 15:01:46.307431,,2024-11-30 00:12:00.000000,2024-11-30,,first_feature_used,3,0,0.1,0.1,38.82952984194444,,,
U03331,2024-08-12,paid_search,mobile,freemium,2024-08-12 03:19:31.038441,,,2024-08-12 03:25:31.038441,2024-08-12,,profile_completed,2,0,3.3252884558333333,0.1,,,,
U03332,2024-11-06,organic,desktop,free_trial,2024-11-06 02:44:26.401744,,,,2024-11-06,,email_verified,1,0,2.7406671511111114,,,,,
U03333,2024-03-31,organic,desktop,freemium,2024-03-31 00:17:45.773481,,,,2024-03-31,,email_verified,1,0,0.29604818916666664,,,,,
U03334,2024-11-05,paid_search,mobile,freemium,2024-11-05 00:06:00.000000,,,,2024-11-05,,email_verified,1,0,0.1,,,,,
U03335,2024-01-27,paid_search,desktop,free_trial,2024-01-27 03:58:46.110278,,,2024-01-27 16:03:33.100135,2024-01-27,,profile_completed,2,0,3.9794750772222223,12.079719404722223,,,,
U03336,2024-03-24,organic,desktop,freemium,2024-03-24 00:06:00.000000,,,,2024-03-24,,email_verified,1,0,0.1,,,,,
U03337,2024-07-09,referral,desktop,free_trial,2024-07-09 00:55:19.433378,2024-07-10 18:44:59.408688,,2024-07-09 01:01:19.433378,2024-07-09,,first_feature_used,3,0,0.9220648272222223,0.1,41.727770919444445,,,
U03338,2024-01-19,paid_search,mobile,freemium,2024-01-19 00:06:00.000000,,,2024-01-19 08:22:08.785778,2024-01-19,,profile_completed,2,0,0.1,8.269107160555556,,,,
U03339,2024-11-09,paid_search,desktop,freemium,2024-11-09 01:47:46.786789,2024-11-10 08:20:45.971573,,2024-11-09 15:32:07.973253,2024-11-09,2024-11-14 15:20:53.524742,team_invited,4,0,1.796329663611111,13.739218462222222,16.81055508888889,103.0020981025,,
U03340,2024-11-12,organic,mobile,freemium,2024-11-12 01:40:06.464306,,,,2024-11-12,,email_verified,1,0,1.6684623072222222,,,,,
U03341,2024-07-16,organic,mobile,free_trial,2024-07-16 02:15:34.871332,,,,2024-07-16,,email_verified,1,0,2.259686481111111,,,,,
U03342,2024-04-21,organic,mobile,freemium,2024-04-21 00:06:00.000000,,,,2024-04-21,,email_verified,1,0,0.1,,,,,
U03343,2024-02-06,organic,desktop,free_trial,2024-02-06 02:37:05.452288,,,,2024-02-06,,email_verified,1,0,2.6181811911111113,,,,,
U03344,2024-08-13,paid_search,mobile,free_trial,2024-08-13 00:06:00.000000,2024-08-13 05:41:52.815011,2024-08-31 02:05:57.863269,2024-08-13 05:35:52.815011,2024-08-13,2024-08-20 11:05:36.086312,paid_conversion,5,1,0.1,5.498004169722222,0.1,173.39535313916667,255.00604915472223,434.09940646361116
U03345,2024-07-15,paid_search,desktop,freemium,2024-07-15 01:04:47.919843,2024-07-17 11:54:51.261579,,2024-07-15 12:58:05.178620,2024-07-15,,first_feature_used,3,0,1.0799777341666668,11.888127438055557,46.946134155277775,,,
U03346,2024-10-04,referral,tablet,free_trial,2024-10-04 00:06:00.000000,,,2024-10-04 00:12:00.000000,2024-10-04,,profile_completed,2,0,0.1,0.1,,,,
U03347,2024-08-07,referral,mobile,free_trial,2024-08-07 01:07:19.163297,2024-08-08 03:42:50.454065,,2024-08-07 01:13:19.163297,2024-08-07,,first_feature_used,3,0,1.1219898047222223,0.1,26.492025213333335,,,
U03348,2024-02-16,organic,desktop,free_trial,2024-02-16 00:06:00.000000,,,,2024-02-16,,email_verified,1,0,0.1,,,,,
U03349,2024-02-14,organic,mobile,freemium,2024-02-14 00:06:00.000000,,,,2024-02-14,,email_verified,1,0,0.1,,,,,
U03350,2024-10-12,paid_search,desktop,freemium,2024-10-12 00:37:38.559269,,,,2024-10-12,,email_verified,1,0,0.6273775747222222,,,,,
U03351,2024-02-28,referral,desktop,free_trial,2024-02-28 00:06:00.000000,2024-02-29 07:54:28.902951,,2024-02-28 13:18:44.829858,2024-02-28,,first_feature_used,3,0,0.1,13.212452738333333,18.595575859166665,,,
U03352,2024-12-08,referral,desktop,free_trial,2024-12-08 02:18:56.863775,2024-12-09 17:32:20.408413,,2024-12-08 20:21:27.849640,2024-12-08,,first_feature_used,3,0,2.3157954930555555,18.041940518055558,21.18126632583333,,,
U03353,2024-02-08,organic,mobile,freemium,,,,,2024-02-08,,signup,0,0,,,,,,
U03354,2024-09-22,organic,mobile,free_trial,2024-09-22 00:49:19.949803,,,,2024-09-22,,email_verified,1,0,0.8222082786111111,,,,,
U03355,2024-12-21,organic,mobile,freemium,,,,,2024-12-21,,signup,0,0,,,,,,
U03356,2024-06-10,referral,desktop,freemium,2024-06-10 00:06:00.000000,,,2024-06-10 00:42:04.918377,2024-06-10,,profile_completed,2,0,0.1,0.6013662158333333,,,,
U03357,2024-01-21,paid_search,mobile,freemium,2024-01-21 00:40:04.105138,,,,2024-01-21,,email_verified,1,0,0.6678069827777777,,,,,
U03358,2024-11-15,paid_search,mobile,free_trial,2024-11-15 00:57:37.126991,2024-11-16 02:30:58.046391,,2024-11-15 19:03:16.164126,2024-11-15,,first_feature_used,3,0,0.9603130530555556,18.094176981944443,7.4616339625,,,
U03359,2024-03-09,paid_search,mobile,freemium,,,,,2024-03-09,,signup,0,0,,,,,,
U03360,2024-07-11,organic,desktop,freemium,2024-07-11 00:06:00.000000,,,2024-07-11 10:39:04.418543,2024-07-11,,profile_completed,2,0,0.1,10.551227373055555,,,,
U03361,2024-12-25,paid_search,desktop,free_trial,2024-12-25 03:36:30.429097,2024-12-25 03:48:30.429097,2025-01-03 05:34:19.985849,2024-12-25 03:42:30.429097,2024-12-25,2024-12-31 22:22:25.016416,paid_conversion,5,1,3.6084525269444443,0.1,0.1,162.5651631441667,55.198602620277775,221.5722182913889
U03362,2024-09-28,organic,mobile,freemium,2024-09-28 00:06:00.000000,,,,2024-09-28,,email_verified,1,0,0.1,,,,,
U03363,2024-01-17,paid_search,desktop,free_trial,2024-01-17 00:06:00.000000,2024-01-18 13:14:29.070716,,2024-01-17 22:01:53.985422,2024-01-17,2024-01-20 14:19:58.083254,team_invited,4,0,0.1,21.931662617222223,15.209745915,49.09139237166667,,
U03364,2024-10-26,paid_search,desktop,freemium,2024-10-26 00:06:00.000000,2024-10-29 21:17:34.872387,,2024-10-26 00:12:00.000000,2024-10-26,,first_feature_used,3,0,0.1,0.1,93.09302010750001,,,
U03365,2024-02-28,paid_search,desktop,freemium,2024-02-28 00:06:00.000000,,,,2024-02-28,,email_verified,1,0,0.1,,,,,
U03366,2024-09-30,organic,desktop,free_trial,2024-09-30 00:06:00.000000,2024-10-02 08:39:12.805949,,2024-09-30 05:21:07.639124,2024-09-30,,first_feature_used,3,0,0.1,5.252121978888889,51.301435229166664,,,
U03367,2024-08-14,referral,desktop,free_trial,2024-08-14 00:32:00.495436,2024-08-15 00:04:38.169275,,2024-08-14 00:38:00.495436,2024-08-14,,first_feature_used,3,0,0.5334709544444445,0.1,23.44379828861111,,,
U03368,2024-04-15,paid_search,desktop,free_trial,2024-04-15 00:06:00.000000,,,2024-04-15 00:12:00.000000,2024-04-15,,profile_completed,2,0,0.1,0.1,,,,
U03369,2024-06-03,organic,mobile,free_trial,2024-06-03 00:06:00.000000,,,2024-06-03 00:12:00.000000,2024-06-03,,profile_completed,2,0,0.1,0.1,,,,
U03370,2024-02-13,organic,tablet,freemium,,,,,2024-02-13,,signup,0,0,,,,,,
U03371,2024-12-26,paid_search,desktop,free_trial,2024-12-26 01:13:37.537810,,,2024-12-26 07:19:55.889159,2024-12-26,,profile_completed,2,0,1.227093836111111,6.105097596944445,,,,
U03372,2024-03-27,organic,desktop,freemium,,,,,2024-03-27,,signup,0,0,,,,,,
U03373,2024-04-22,organic,mobile,free_trial,2024-04-22 00:36:44.674411,2024-04-23 17:26:20.800867,,2024-04-22 00:42:44.674411,2024-04-22,2024-05-03 02:01:12.869185,team_invited,4,0,0.6124095586111111,0.1,40.72670179333333,224.5811300883333,,
U03374,2024-07-02,organic,desktop,freemium,2024-07-02 00:22:01.003895,,,,2024-07-02,,email_verified,1,0,0.3669455263888889,,,,,
U03375,2024-09-02,organic,tablet,freemium,2024-09-02 02:32:07.416908,2024-09-06 00:32:58.584094,,2024-09-02 02:38:07.416908,2024-09-02,,first_feature_used,3,0,2.535393585555555,0.1,93.91421310722221,,,
U03376,2024-07-03,paid_search,desktop,freemium,,,,,2024-07-03,,signup,0,0,,,,,,
U03377,2024-07-03,paid_search,desktop,freemium,2024-07-03 01:52:48.136071,,,,2024-07-03,,email_verified,1,0,1.8800377975,,,,,
U03378,2024-07-31,organic,desktop,freemium,2024-07-31 00:27:55.618240,,,,2024-07-31,,email_verified,1,0,0.4654495111111111,,,,,
U03379,2024-11-09,paid_search,desktop,freemium,2024-11-09 00:06:00.000000,2024-11-10 18:07:27.155873,,2024-11-09 00:12:00.000000,2024-11-09,,first_feature_used,3,0,0.1,0.1,41.92420996472222,,,
U03380,2024-05-24,organic,mobile,freemium,,,,,2024-05-24,,signup,0,0,,,,,,
U03381,2024-10-30,organic,desktop,free_trial,2024-10-30 00:24:29.649754,,,2024-10-30 03:49:34.237425,2024-10-30,,profile_completed,2,0,0.4082360427777778,3.417941019722222,,,,
U03382,2024-10-14,organic,mobile,free_trial,,,,,2024-10-14,,signup,0,0,,,,,,
U03383,2024-12-16,paid_search,mobile,free_trial,2024-12-16 01:30:08.427446,,,2024-12-16 01:36:08.427446,2024-12-16,,profile_completed,2,0,1.5023409572222222,0.1,,,,
U03384,2024-11-29,referral,mobile,freemium,,,,,2024-11-29,,signup,0,0,,,,,,
U03385,2024-10-18,paid_search,mobile,freemium,2024-10-18 03:34:41.258731,,,,2024-10-18,,email_verified,1,0,3.5781274252777777,,,,,
U03386,2024-03-31,organic,desktop,freemium,2024-03-31 00:30:15.704414,,,,2024-03-31,,email_verified,1,0,0.5043623372222222,,,,,
U03387,2024-10-09,organic,desktop,freemium,2024-10-09 01:45:07.658557,2024-10-11 18:40:05.888825,,2024-10-09 01:51:07.658557,2024-10-09,,first_feature_used,3,0,1.7521273769444443,0.1,64.81617507444444,,,
U03388,2024-09-25,organic,mobile,free_trial,,,,,2024-09-25,,signup,0,0,,,,,,
U03389,2024-04-15,referral,desktop,freemium,2024-04-15 01:58:19.850470,,,2024-04-15 10:48:50.008590,2024-04-15,,profile_completed,2,0,1.9721806861111113,8.841710588888889,,,,
U03390,2024-09-04,organic,desktop,free_trial,,,,,2024-09-04,,signup,0,0,,,,,,
U03391,2024-04-02,referral,desktop,free_trial,2024-04-02 00:06:00.000000,2024-04-02 14:27:50.059801,,2024-04-02 14:21:50.059801,2024-04-02,,first_feature_used,3,0,0.1,14.26390550027778,0.1,,,
U03392,2024-07-09,paid_search,desktop,freemium,,,,,2024-07-09,,signup,0,0,,,,,,
U03393,2024-10-17,paid_search,mobile,free_trial,2024-10-17 00:06:00.000000,,,,2024-10-17,,email_verified,1,0,0.1,,,,,
U03394,2024-03-09,referral,desktop,freemium,2024-03-09 00:06:00.000000,2024-03-10 18:39:12.229611,,2024-03-09 00:12:00.000000,2024-03-09,,first_feature_used,3,0,0.1,0.1,42.45339711416666,,,
U03395,2024-05-02,organic,mobile,freemium,2024-05-02 01:05:17.522488,,,,2024-05-02,,email_verified,1,0,1.088200691111111,,,,,
U03396,2024-10-17,paid_search,tablet,freemium,2024-10-17 02:21:22.194757,,,,2024-10-17,,email_verified,1,0,2.3561652102777777,,,,,
U03397,2024-06-14,organic,desktop,free_trial,2024-06-14 02:07:34.933028,,,,2024-06-14,,email_verified,1,0,2.1263702855555557,,,,,
U03398,2024-12-16,referral,mobile,free_trial,2024-12-16 00:06:00.000000,2024-12-21 00:20:44.049607,,2024-12-16 00:12:00.000000,2024-12-16,2024-12-21 00:26:44.049607,team_invited,4,0,0.1,0.1,120.14556933527778,0.1,,
U03399,2024-01-03,paid_search,desktop,free_trial,2024-01-03 00:06:00.000000,2024-01-07 01:42:50.744210,,2024-01-03 00:12:00.000000,2024-01-03,,first_feature_used,3,0,0.1,0.1,97.51409561388888,,,
U03400,2024-09-20,organic,desktop,free_trial,2024-09-20 00:06:00.000000,2024-09-20 00:18:00.000000,,2024-09-20 00:12:00.000000,2024-09-20,2024-09-25 06:27:22.070182,team_invited,4,0,0.1,0.1,0.1,126.1561306061111,,
U03401,2024-10-24,referral,desktop,free_trial,,,,,2024-10-24,,signup,0,0,,,,,,
U03402,2024-12-01,organic,desktop,free_trial,,,,,2024-12-01,,signup,0,0,,,,,,
U03403,2024-02-27,organic,desktop,freemium,2024-02-27 04:32:56.830932,,,,2024-02-27,,email_verified,1,0,4.549119703333334,,,,,
U03404,2024-12-25,paid_search,desktop,freemium,,,,,2024-12-25,,signup,0,0,,,,,,
U03405,2024-05-23,paid_search,desktop,freemium,,,,,2024-05-23,,signup,0,0,,,,,,
U03406,2024-05-08,referral,desktop,free_trial,2024-05-08 01:57:31.179196,2024-05-10 13:05:20.566239,,2024-05-09 03:33:02.709048,2024-05-08,,first_feature_used,3,0,1.9586608877777778,25.592091625555557,33.538293664166666,,,
U03407,2024-05-09,paid_search,mobile,freemium,,,,,2024-05-09,,signup,0,0,,,,,,
U03408,2024-08-20,paid_search,desktop,free_trial,2024-08-20 00:35:05.565862,,,,2024-08-20,,email_verified,1,0,0.5848794061111111,,,,,
U03409,2024-08-28,organic,mobile,free_trial,,,,,2024-08-28,,signup,0,0,,,,,,
U03410,2024-06-21,organic,tablet,free_trial,2024-06-21 00:06:00.000000,2024-06-23 14:23:09.393771,,2024-06-21 10:37:50.126245,2024-06-21,,first_feature_used,3,0,0.1,10.530590623611111,51.75535209055556,,,
U03411,2024-01-26,referral,mobile,freemium,,,,,2024-01-26,,signup,0,0,,,,,,
U03412,2024-12-26,organic,desktop,freemium,2024-12-26 00:06:00.000000,2024-12-26 09:26:11.597233,,2024-12-26 09:20:11.597233,2024-12-26,,first_feature_used,3,0,0.1,9.236554786944444,0.1,,,
U03413,2024-03-22,paid_search,mobile,free_trial,2024-03-22 01:59:30.065355,,,,2024-03-22,,email_verified,1,0,1.9916848208333333,,,,,
U03414,2024-02-04,organic,mobile,freemium,,,,,2024-02-04,,signup,0,0,,,,,,
U03415,2024-08-06,organic,tablet,freemium,,,,,2024-08-06,,signup,0,0,,,,,,
U03416,2024-05-30,paid_search,tablet,free_trial,2024-05-30 01:08:53.686205,2024-05-30 01:20:53.686205,2024-06-18 02:20:48.285597,2024-05-30 01:14:53.686205,2024-05-30,2024-06-06 01:28:25.713968,paid_conversion,5,1,1.1482461680555556,0.1,0.1,168.12556326749998,288.8729365636111,458.34674599916667
U03417,2024-08-12,paid_search,desktop,freemium,2024-08-12 01:01:15.855838,,,,2024-08-12,,email_verified,1,0,1.021071066111111,,,,,
U03418,2024-11-15,paid_search,mobile,free_trial,,,,,2024-11-15,,signup,0,0,,,,,,
U03419,2024-02-05,referral,mobile,free_trial,2024-02-05 00:06:00.000000,,,,2024-02-05,,email_verified,1,0,0.1,,,,,
U03420,2024-04-13,organic,desktop,freemium,2024-04-13 02:09:01.086959,,,2024-04-13 02:15:01.086959,2024-04-13,,profile_completed,2,0,2.1503019330555557,0.1,,,,
U03421,2024-07-07,paid_search,desktop,free_trial,2024-07-07 02:22:20.714502,2024-07-07 02:34:20.714502,,2024-07-07 02:28:20.714502,2024-07-07,2024-07-07 02:44:05.065642,team_invited,4,0,2.372420695,0.1,0.1,0.1623197611111111,,
U03422,2024-10-14,organic,mobile,freemium,,,,,2024-10-14,,signup,0,0,,,,,,
U03423,2024-08-07,paid_search,mobile,free_trial,2024-08-07 02:08:32.274878,2024-08-07 09:16:19.445777,,2024-08-07 02:14:32.274878,2024-08-07,,first_feature_used,3,0,2.1422985772222223,0.1,7.029769694166667,,,
U03424,2024-05-19,organic,desktop,freemium,2024-05-19 00:06:00.000000,,,2024-05-19 06:09:06.950821,2024-05-19,,profile_completed,2,0,0.1,6.051930783611111,,,,
U03425,2024-08-10,paid_search,desktop,freemium,2024-08-10 00:06:00.000000,,,2024-08-10 01:49:24.877464,2024-08-10,,profile_completed,2,0,0.1,1.7235770733333333,,,,
U03426,2024-12-23,organic,desktop,freemium,,,,,2024-12-23,,signup,0,0,,,,,,
U03427,2024-06-24,referral,desktop,freemium,2024-06-24 02:03:53.993545,2024-06-26 00:02:18.816086,,2024-06-24 02:09:53.993545,2024-06-24,2024-06-26 00:08:18.816086,team_invited,4,0,2.0649982069444444,0.1,45.873561816944445,0.1,,
U03428,2024-11-18,referral,tablet,freemium,2024-11-18 00:07:30.246146,,,2024-11-18 14:45:18.778802,2024-11-18,,profile_completed,2,0,0.1250683738888889,14.63014796,,,,
U03429,2024-10-11,referral,mobile,free_trial,2024-10-11 01:52:12.453266,2024-10-12 18:52:17.103196,,2024-10-11 15:08:23.497935,2024-10-11,,first_feature_used,3,0,1.8701259072222223,13.269734630277778,27.731557016944446,,,
U03430,2024-04-19,organic,desktop,free_trial,2024-04-19 00:06:00.000000,2024-04-19 13:02:09.648505,,2024-04-19 12:56:09.648505,2024-04-19,,first_feature_used,3,0,0.1,12.83601347361111,0.1,,,
U03431,2024-04-01,referral,desktop,freemium,2024-04-01 00:06:00.000000,2024-04-01 22:43:56.234550,,2024-04-01 00:12:00.000000,2024-04-01,2024-04-12 21:51:53.520036,team_invited,4,0,0.1,0.1,22.532287375,263.1325793016667,,
U03432,2024-10-08,organic,mobile,free_trial,2024-10-08 01:01:16.803398,,,,2024-10-08,,email_verified,1,0,1.0213342772222223,,,,,
U03433,2024-03-16,organic,mobile,free_trial,,,,,2024-03-16,,signup,0,0,,,,,,
U03434,2024-05-02,organic,desktop,freemium,2024-05-02 00:06:00.000000,,,,2024-05-02,,email_verified,1,0,0.1,,,,,
U03435,2024-03-26,organic,desktop,free_trial,2024-03-26 03:17:06.601122,2024-03-26 11:59:36.015850,,2024-03-26 11:53:36.015850,2024-03-26,2024-03-26 23:00:13.107501,team_invited,4,0,3.2851669783333333,8.608170757777778,0.1,11.01030323638889,,
U03436,2024-08-09,paid_search,desktop,free_trial,2024-08-09 00:06:00.000000,2024-08-10 07:12:28.024332,2024-08-23 06:36:18.808393,2024-08-09 00:12:00.000000,2024-08-09,2024-08-14 10:50:17.656117,paid_conversion,5,1,0.1,0.1,31.007784536666666,99.63045327361111,211.76698674333335,342.6052245536111
U03437,2024-04-17,organic,mobile,freemium,,,,,2024-04-17,,signup,0,0,,,,,,
U03438,2024-08-28,organic,mobile,freemium,,,,,2024-08-28,,signup,0,0,,,,,,
U03439,2024-12-07,paid_search,desktop,freemium,2024-12-07 00:32:07.470366,,,2024-12-07 20:25:20.474000,2024-12-07,,profile_completed,2,0,0.535408435,19.886945453888888,,,,
U03440,2024-10-29,referral,tablet,free_trial,2024-10-29 02:06:02.712037,,,,2024-10-29,,email_verified,1,0,2.100753343611111,,,,,
U03441,2024-12-12,paid_search,mobile,free_trial,2024-12-12 00:06:00.000000,,,2024-12-12 00:12:00.000000,2024-12-12,,profile_completed,2,0,0.1,0.1,,,,
U03442,2024-01-09,paid_search,tablet,freemium,2024-01-09 01:08:37.505755,2024-01-10 05:39:00.456060,,2024-01-09 01:14:37.505755,2024-01-09,,first_feature_used,3,0,1.143751598611111,0.1,28.406375084722224,,,
U03443,2024-06-15,organic,desktop,free_trial,2024-06-15 00:06:00.000000,,,2024-06-15 00:12:00.000000,2024-06-15,,profile_completed,2,0,0.1,0.1,,,,
U03444,2024-03-21,referral,desktop,freemium,2024-03-21 02:47:39.874716,,,2024-03-21 05:07:06.922812,2024-03-21,,profile_completed,2,0,2.794409643333333,2.324180026666667,,,,
U03445,2024-12-01,organic,tablet,free_trial,2024-12-01 02:41:52.857126,2024-12-01 03:47:49.060158,,2024-12-01 03:41:49.060158,2024-12-01,,first_feature_used,3,0,2.6980158683333335,0.9989452866666666,0.1,,,
U03446,2024-09-16,organic,tablet,free_trial,2024-09-16 03:31:20.369777,2024-09-20 11:47:21.356547,,2024-09-16 03:37:20.369777,2024-09-16,,first_feature_used,3,0,3.5223249380555557,0.1,104.16694076944445,,,
U03447,2024-04-26,organic,tablet,free_trial,2024-04-26 00:06:00.000000,,,2024-04-26 00:12:00.000000,2024-04-26,,profile_completed,2,0,0.1,0.1,,,,
U03448,2024-07-24,paid_search,mobile,free_trial,2024-07-24 00:06:00.000000,2024-07-24 05:37:42.337586,,2024-07-24 05:31:42.337586,2024-07-24,,first_feature_used,3,0,0.1,5.428427107222222,0.1,,,
U03449,2024-08-08,organic,desktop,free_trial,2024-08-08 02:41:36.931616,,,,2024-08-08,,email_verified,1,0,2.6935921155555556,,,,,
U03450,2024-06-29,paid_search,desktop,freemium,2024-06-29 01:18:55.238382,2024-07-03 01:51:52.718059,,2024-06-29 01:24:55.238382,2024-06-29,2024-07-03 12:29:14.661319,team_invited,4,0,1.3153439949999999,0.1,96.44929991027779,10.622762016666666,,
U03451,2024-06-22,organic,desktop,freemium,,,,,2024-06-22,,signup,0,0,,,,,,
U03452,2024-01-21,paid_search,tablet,free_trial,2024-01-21 00:06:28.068760,2024-01-21 22:11:07.890466,,2024-01-21 05:33:44.630107,2024-01-21,,first_feature_used,3,0,0.10779687777777777,5.454600374166667,16.6231278775,,,
U03453,2024-06-14,paid_search,desktop,freemium,,,,,2024-06-14,,signup,0,0,,,,,,
U03454,2024-05-07,organic,mobile,free_trial,2024-05-07 00:06:00.000000,,,,2024-05-07,,email_verified,1,0,0.1,,,,,
U03455,2024-10-25,organic,tablet,free_trial,,,,,2024-10-25,,signup,0,0,,,,,,
U03456,2024-11-11,paid_search,tablet,freemium,2024-11-11 00:06:00.000000,,,,2024-11-11,,email_verified,1,0,0.1,,,,,
U03457,2024-09-30,paid_search,tablet,freemium,,,,,2024-09-30,,signup,0,0,,,,,,
U03458,2024-01-12,organic,desktop,freemium,,,,,2024-01-12,,signup,0,0,,,,,,
U03459,2024-11-03,paid_search,desktop,free_trial,2024-11-03 00:06:00.000000,2024-11-05 21:49:02.063999,,2024-11-03 00:12:00.000000,2024-11-03,2024-11-11 12:37:08.574627,team_invited,4,0,0.1,0.1,69.61723999972223,134.8018085077778,,
U03460,2024-05-24,organic,tablet,free_trial,2024-05-24 00:06:00.000000,2024-05-25 22:19:31.508879,,2024-05-24 00:55:47.216132,2024-05-24,,first_feature_used,3,0,0.1,0.8297822588888889,45.39563687416667,,,
U03461,2024-05-31,organic,desktop,freemium,,,,,2024-05-31,,signup,0,0,,,,,,
U03462,2024-12-10,organic,desktop,freemium,2024-12-10 00:06:00.000000,,,,2024-12-10,,email_verified,1,0,0.1,,,,,
U03463,2024-11-12,paid_search,tablet,freemium,2024-11-12 00:59:48.598916,,,2024-11-12 01:05:48.598916,2024-11-12,,profile_completed,2,0,0.9968330322222222,0.1,,,,
U03464,2024-01-19,organic,mobile,freemium,2024-01-19 00:06:00.000000,,,2024-01-19 18:07:30.657733,2024-01-19,,profile_completed,2,0,0.1,18.02518270361111,,,,
U03465,2024-05-11,paid_search,desktop,free_trial,2024-05-11 01:15:41.932293,2024-05-11 22:04:03.076667,,2024-05-11 21:58:03.076667,2024-05-11,,first_feature_used,3,0,1.2616478591666667,20.70587343722222,0.1,,,
U03466,2024-09-30,organic,desktop,freemium,2024-09-30 04:02:05.207293,,,,2024-09-30,,email_verified,1,0,4.034779803611111,,,,,
U03467,2024-07-15,paid_search,desktop,freemium,2024-07-15 04:33:05.792202,2024-07-16 13:52:04.680942,,2024-07-15 12:34:25.207592,2024-07-15,,first_feature_used,3,0,4.551608945,8.022059830555555,25.294298152777777,,,
U03468,2024-04-04,organic,tablet,free_trial,2024-04-04 01:11:32.836089,,,,2024-04-04,,email_verified,1,0,1.1924544691666668,,,,,
U03469,2024-07-10,paid_search,mobile,free_trial,,,,,2024-07-10,,signup,0,0,,,,,,
U03470,2024-11-12,paid_search,desktop,freemium,2024-11-12 00:06:00.000000,2024-11-12 00:18:00.000000,,2024-11-12 00:12:00.000000,2024-11-12,,first_feature_used,3,0,0.1,0.1,0.1,,,
U03471,2024-03-22,organic,desktop,free_trial,2024-03-22 01:08:30.212875,2024-03-22 01:20:30.212875,,2024-03-22 01:14:30.212875,2024-03-22,2024-03-27 10:22:09.812080,team_invited,4,0,1.1417257986111111,0.1,0.1,129.02766644583332,,
U03472,2024-09-29,organic,mobile,freemium,2024-09-29 00:53:49.320304,,,2024-09-30 01:12:55.754346,2024-09-29,,profile_completed,2,0,0.8970334177777778,24.318453900555554,,,,
U03473,2024-09-25,paid_search,tablet,freemium,,,,,2024-09-25,,signup,0,0,,,,,,
U03474,2024-11-19,referral,desktop,free_trial,2024-11-19 01:25:17.549899,2024-11-21 03:50:51.525117,,2024-11-19 06:48:47.451722,2024-11-19,,first_feature_used,3,0,1.421541638611111,5.391639395277778,45.03446483194445,,,
U03475,2024-04-18,referral,mobile,free_trial,2024-04-18 00:06:00.000000,,,,2024-04-18,,email_verified,1,0,0.1,,,,,
U03476,2024-03-19,organic,desktop,freemium,2024-03-19 00:06:00.000000,,,,2024-03-19,,email_verified,1,0,0.1,,,,,
U03477,2024-07-18,paid_search,desktop,free_trial,2024-07-18 02:03:07.273361,,,,2024-07-18,,email_verified,1,0,2.0520203780555555,,,,,
U03478,2024-07-12,organic,desktop,freemium,2024-07-12 00:06:00.000000,,,,2024-07-12,,email_verified,1,0,0.1,,,,,
U03479,2024-05-29,organic,desktop,free_trial,2024-05-29 04:09:36.765649,2024-05-29 13:24:56.191146,2024-06-11 06:39:14.435817,2024-05-29 13:18:56.191146,2024-05-29,2024-06-02 13:26:37.076278,paid_conversion,5,1,4.160212680277778,9.155395971388888,0.1,96.02802364777779,209.2103776497222,318.65400994916666
U03480,2024-10-11,paid_search,desktop,freemium,2024-10-11 00:18:43.268304,,,2024-10-11 00:24:43.268304,2024-10-11,,profile_completed,2,0,0.31201897333333334,0.1,,,,
U03481,2024-10-18,paid_search,desktop,free_trial,2024-10-18 00:22:57.134837,,,2024-10-18 00:31:49.669290,2024-10-18,,profile_completed,2,0,0.3825374547222222,0.14792623694444443,,,,
U03482,2024-03-30,paid_search,desktop,free_trial,2024-03-30 00:35:37.754534,2024-03-30 00:47:37.754534,,2024-03-30 00:41:37.754534,2024-03-30,,first_feature_used,3,0,0.593820703888889,0.1,0.1,,,
U03483,2024-10-17,referral,desktop,freemium,2024-10-17 00:06:00.000000,2024-10-18 19:08:15.190430,,2024-10-17 00:12:00.000000,2024-10-17,,first_feature_used,3,0,0.1,0.1,42.93755289722222,,,
U03484,2024-03-25,organic,desktop,free_trial,2024-03-25 01:33:11.367378,,,2024-03-25 01:39:11.367378,2024-03-25,,profile_completed,2,0,1.553157605,0.1,,,,
U03485,2024-05-28,paid_search,mobile,free_trial,2024-05-28 01:07:34.523132,2024-05-30 04:08:56.024878,,2024-05-28 01:13:34.523132,2024-05-28,2024-06-07 22:14:47.729036,team_invited,4,0,1.1262564255555556,0.1,50.922639373888885,210.09769559944442,,
U03486,2024-01-10,organic,desktop,free_trial,2024-01-10 00:30:59.439109,2024-01-13 17:07:09.814724,,2024-01-10 12:26:11.583200,2024-01-10,,first_feature_used,3,0,0.5165108636111111,11.920040025277778,76.68284209,,,
U03487,2024-05-04,organic,desktop,freemium,2024-05-04 00:06:00.000000,,,,2024-05-04,,email_verified,1,0,0.1,,,,,
U03488,2024-12-15,organic,tablet,freemium,,,,,2024-12-15,,signup,0,0,,,,,,
U03489,2024-06-10,referral,desktop,free_trial,2024-06-10 03:30:27.235287,2024-06-14 05:27:41.709580,,2024-06-10 03:36:27.235287,2024-06-10,2024-06-16 02:28:08.961776,team_invited,4,0,3.5075653575,0.1,97.85402063694444,45.00757005444444,,
U03490,2024-09-16,paid_search,mobile,free_trial,2024-09-16 02:16:13.554987,2024-09-22 10:24:16.577028,,2024-09-16 02:22:13.554987,2024-09-16,,first_feature_used,3,0,2.2704319408333333,0.1,152.03417278916666,,,
U03491,2024-02-09,organic,mobile,free_trial,,,,,2024-02-09,,signup,0,0,,,,,,
U03492,2024-08-19,paid_search,mobile,freemium,,,,,2024-08-19,,signup,0,0,,,,,,
U03493,2024-05-15,referral,desktop,free_trial,2024-05-15 00:06:00.000000,2024-05-15 00:21:48.786662,,2024-05-15 00:12:00.000000,2024-05-15,2024-05-16 16:21:49.621667,team_invited,4,0,0.1,0.1,0.16355185055555554,40.000231945833335,,
U03494,2024-09-28,referral,desktop,freemium,,,,,2024-09-28,,signup,0,0,,,,,,
U03495,2024-12-04,paid_search,mobile,free_trial,,,,,2024-12-04,,signup,0,0,,,,,,
U03496,2024-07-13,organic,mobile,freemium,,,,,2024-07-13,,signup,0,0,,,,,,
U03497,2024-02-07,paid_search,desktop,freemium,2024-02-07 01:45:14.559933,,,2024-02-07 01:51:14.559933,2024-02-07,,profile_completed,2,0,1.7540444258333332,0.1,,,,
U03498,2024-06-22,referral,mobile,free_trial,2024-06-22 00:25:41.356162,,,,2024-06-22,,email_verified,1,0,0.42815448944444445,,,,,
U03499,2024-02-14,referral,desktop,freemium,2024-02-14 03:36:19.582440,,,2024-02-14 07:48:26.391839,2024-02-14,,profile_completed,2,0,3.6054395666666665,4.2018914997222225,,,,
U03500,2024-06-13,referral,tablet,free_trial,2024-06-13 02:03:16.784222,,,2024-06-13 07:43:42.579115,2024-06-13,,profile_completed,2,0,2.054662283888889,5.673831914722221,,,,
U03501,2024-01-23,paid_search,mobile,freemium,2024-01-23 03:14:47.578963,,,,2024-01-23,,email_verified,1,0,3.2465497119444446,,,,,
U03502,2024-08-21,organic,desktop,free_trial,,,,,2024-08-21,,signup,0,0,,,,,,
U03503,2024-04-23,paid_search,mobile,free_trial,2024-04-23 00:06:00.000000,2024-04-23 06:47:32.211140,,2024-04-23 00:12:00.000000,2024-04-23,,first_feature_used,3,0,0.1,0.1,6.592280872222222,,,
U03504,2024-03-14,organic,tablet,free_trial,2024-03-14 00:06:00.000000,,,2024-03-14 05:32:01.689838,2024-03-14,,profile_completed,2,0,0.1,5.433802732777777,,,,
U03505,2024-01-07,organic,mobile,free_trial,2024-01-07 00:06:00.000000,2024-01-09 06:03:45.731828,,2024-01-08 07:39:07.880326,2024-01-07,2024-01-09 06:09:45.731828,team_invited,4,0,0.1,31.552188979444445,22.41051430611111,0.1,,
U03506,2024-11-20,paid_search,desktop,freemium,2024-11-20 00:06:00.000000,,,2024-11-20 00:12:00.000000,2024-11-20,,profile_completed,2,0,0.1,0.1,,,,
U03507,2024-11-01,paid_search,mobile,freemium,2024-11-01 00:06:00.000000,,,2024-11-01 14:31:39.576881,2024-11-01,,profile_completed,2,0,0.1,14.427660244722222,,,,
U03508,2024-10-23,referral,mobile,free_trial,2024-10-23 01:46:00.028150,,,,2024-10-23,,email_verified,1,0,1.7666744861111112,,,,,
U03509,2024-01-22,paid_search,desktop,free_trial,2024-01-22 00:06:00.000000,2024-01-22 02:16:23.353843,2024-01-30 04:16:43.526037,2024-01-22 02:10:23.353843,2024-01-22,2024-01-22 02:22:23.353843,paid_conversion,5,1,0.1,2.0731538452777776,0.1,0.1,193.90560338722221,196.2787572325
U03510,2024-05-07,referral,mobile,freemium,,,,,2024-05-07,,signup,0,0,,,,,,
U03511,2024-12-20,paid_search,desktop,free_trial,2024-12-20 02:44:14.469558,2024-12-20 10:01:45.942230,,2024-12-20 06:01:44.534639,2024-12-20,,first_feature_used,3,0,2.737352655,3.2916847447222226,4.000390997499999,,,
U03512,2024-07-30,paid_search,mobile,free_trial,2024-07-30 00:06:00.000000,,,,2024-07-30,,email_verified,1,0,0.1,,,,,
U03513,2024-02-16,organic,mobile,freemium,2024-02-16 01:07:09.621176,2024-02-16 01:19:09.621176,,2024-02-16 01:13:09.621176,2024-02-16,,first_feature_used,3,0,1.1193392155555555,0.1,0.1,,,
U03514,2024-02-21,paid_search,desktop,free_trial,2024-02-21 00:06:00.000000,,,2024-02-21 02:09:41.807853,2024-02-21,,profile_completed,2,0,0.1,2.0616132925,,,,
U03515,2024-04-06,organic,tablet,free_trial,,,,,2024-04-06,,signup,0,0,,,,,,
U03516,2024-12-20,organic,desktop,free_trial,2024-12-20 02:12:38.408096,,,2024-12-20 14:55:37.085002,2024-12-20,,profile_completed,2,0,2.2106689155555554,12.716299140555556,,,,
U03517,2024-03-02,organic,desktop,free_trial,2024-03-02 00:06:00.000000,,,2024-03-02 22:09:27.364475,2024-03-02,,profile_completed,2,0,0.1,22.057601243055554,,,,
U03518,2024-11-25,referral,desktop,freemium,2024-11-25 01:30:02.567653,2024-12-01 05:14:36.708373,,2024-11-25 22:31:04.634828,2024-11-25,,first_feature_used,3,0,1.5007132369444445,21.017240881944446,126.72557598472223,,,
U03519,2024-09-04,paid_search,desktop,freemium,2024-09-04 00:06:00.000000,,,,2024-09-04,,email_verified,1,0,0.1,,,,,
U03520,2024-12-02,referral,mobile,freemium,,,,,2024-12-02,,signup,0,0,,,,,,
U03521,2024-10-28,referral,desktop,free_trial,2024-10-28 00:06:00.000000,2024-10-29 16:03:37.633518,,2024-10-28 22:42:18.879097,2024-10-28,,first_feature_used,3,0,0.1,22.60524419361111,17.35520956138889,,,
U03522,2024-05-01,referral,tablet,freemium,2024-05-01 00:11:25.312272,2024-05-03 09:52:02.733094,,2024-05-01 00:17:25.312272,2024-05-01,2024-05-07 15:49:46.408885,team_invited,4,0,0.19036452,0.1,57.57706133944444,101.96213216416668,,
U03523,2024-10-29,organic,tablet,freemium,,,,,2024-10-29,,signup,0,0,,,,,,
U03524,2024-03-02,referral,mobile,freemium,,,,,2024-03-02,,signup,0,0,,,,,,
U03525,2024-04-16,referral,desktop,freemium,2024-04-16 00:06:00.000000,2024-04-17 17:17:45.759768,,2024-04-16 12:18:58.458463,2024-04-16,,first_feature_used,3,0,0.1,12.216238461944446,28.979805918055554,,,
U03526,2024-03-18,referral,mobile,freemium,2024-03-18 00:06:00.000000,2024-03-24 07:45:29.389500,,2024-03-18 17:02:02.853532,2024-03-18,,first_feature_used,3,0,0.1,16.934125981111112,134.7240377688889,,,
U03527,2024-02-18,organic,desktop,freemium,2024-02-18 01:00:04.247996,,,,2024-02-18,,email_verified,1,0,1.001179998888889,,,,,
U03528,2024-02-02,organic,mobile,freemium,2024-02-02 00:32:29.713274,,,,2024-02-02,,email_verified,1,0,0.5415870205555555,,,,,
U03529,2024-03-09,referral,desktop,freemium,2024-03-09 02:14:36.658223,2024-03-09 13:36:24.151546,,2024-03-09 13:30:24.151546,2024-03-09,,first_feature_used,3,0,2.2435161730555557,11.263192589722223,0.1,,,
U03530,2024-02-13,organic,tablet,free_trial,2024-02-13 03:49:10.877074,2024-02-13 04:01:10.877074,,2024-02-13 03:55:10.877074,2024-02-13,2024-02-19 01:27:07.381916,team_invited,4,0,3.819688076111111,0.1,0.1,141.43236245611112,,
U03531,2024-05-18,organic,desktop,freemium,2024-05-18 00:52:34.759239,,,,2024-05-18,,email_verified,1,0,0.8763220108333333,,,,,
U03532,2024-01-27,paid_search,desktop,freemium,2024-01-27 00:06:00.000000,,,,2024-01-27,,email_verified,1,0,0.1,,,,,
U03533,2024-01-23,organic,tablet,free_trial,2024-01-23 01:09:24.594571,,,,2024-01-23,,email_verified,1,0,1.1568318252777776,,,,,
U03534,2024-12-27,organic,desktop,free_trial,2024-12-27 00:54:19.364779,2024-12-27 20:24:42.373305,,2024-12-27 01:00:19.364779,2024-12-27,,first_feature_used,3,0,0.9053791052777778,0.1,19.406391257222225,,,
U03535,2024-02-02,referral,mobile,free_trial,2024-02-02 02:47:13.906448,2024-02-02 09:41:32.761324,2024-02-04 23:27:42.897876,2024-02-02 09:35:32.761324,2024-02-02,2024-02-02 09:47:32.761324,paid_conversion,5,1,2.7871962355555553,6.805237465555556,0.1,0.1,61.66948237555556,71.46191607666667
U03536,2024-01-28,referral,tablet,freemium,,,,,2024-01-28,,signup,0,0,,,,,,
U03537,2024-01-11,referral,desktop,free_trial,2024-01-11 00:44:37.811194,2024-01-11 00:56:37.811194,,2024-01-11 00:50:37.811194,2024-01-11,,first_feature_used,3,0,0.7438364427777777,0.1,0.1,,,
U03538,2024-02-18,organic,desktop,free_trial,2024-02-18 01:22:42.286576,2024-02-19 19:42:57.900339,,2024-02-18 12:40:13.577007,2024-02-18,,first_feature_used,3,0,1.3784129377777778,11.292025119722222,31.04564537,,,
U03539,2024-07-11,organic,desktop,free_trial,2024-07-11 00:08:27.151312,2024-07-12 23:30:54.448753,,2024-07-11 00:14:27.151312,2024-07-11,,first_feature_used,3,0,0.14087536444444446,0.1,47.27424928916667,,,
U03540,2024-10-28,organic,mobile,free_trial,2024-10-28 00:06:00.000000,,,2024-10-28 00:12:00.000000,2024-10-28,,profile_completed,2,0,0.1,0.1,,,,
U03541,2024-09-25,paid_search,tablet,freemium,,,,,2024-09-25,,signup,0,0,,,,,,
U03542,2024-07-30,organic,desktop,free_trial,2024-07-30 02:08:54.577919,2024-08-02 09:16:54.538546,,2024-07-30 02:14:54.577919,2024-07-30,,first_feature_used,3,0,2.148493866388889,0.1,79.0333223963889,,,
U03543,2024-02-01,paid_search,mobile,free_trial,,,,,2024-02-01,,signup,0,0,,,,,,
U03544,2024-10-09,referral,desktop,free_trial,,,,,2024-10-09,,signup,0,0,,,,,,
U03545,2024-01-14,paid_search,mobile,freemium,2024-01-14 01:22:39.226577,,,2024-01-14 03:29:01.702090,2024-01-14,,profile_completed,2,0,1.3775629380555556,2.1062431980555556,,,,
U03546,2024-08-18,organic,mobile,freemium,,,,,2024-08-18,,signup,0,0,,,,,,
U03547,2024-05-29,organic,mobile,free_trial,,,,,2024-05-29,,signup,0,0,,,,,,
U03548,2024-11-17,organic,desktop,free_trial,2024-11-17 02:37:35.335000,2024-11-17 12:47:10.268858,,2024-11-17 11:56:00.525104,2024-11-17,,first_feature_used,3,0,2.626481944444444,9.306997251111111,0.8527065983333334,,,
U03549,2024-04-22,organic,desktop,freemium,2024-04-22 00:06:00.000000,,,2024-04-22 04:41:22.789907,2024-04-22,,profile_completed,2,0,0.1,4.589663863055555,,,,
U03550,2024-08-21,paid_search,desktop,freemium,2024-08-21 00:06:00.000000,2024-08-21 00:18:00.000000,2024-08-23 19:03:13.619668,2024-08-21 00:12:00.000000,2024-08-21,2024-08-21 07:51:42.648307,paid_conversion,5,1,0.1,0.1,0.1,7.5618467519444446,59.191936489166665,67.0537832411111
U03551,2024-06-09,organic,desktop,freemium,2024-06-09 00:06:00.000000,,,,2024-06-09,,email_verified,1,0,0.1,,,,,
U03552,2024-07-09,paid_search,desktop,free_trial,2024-07-09 00:41:00.584149,2024-07-12 05:33:49.800436,,2024-07-09 16:17:24.932954,2024-07-09,2024-07-12 05:39:49.800436,team_invited,4,0,0.6834955969444444,15.606763556944445,61.27357430055556,0.1,,
U03553,2024-12-08,referral,mobile,freemium,2024-12-08 00:06:00.000000,,,,2024-12-08,,email_verified,1,0,0.1,,,,,
U03554,2024-09-17,organic,desktop,freemium,2024-09-17 00:06:00.000000,2024-09-20 08:21:32.386729,2024-10-01 19:59:01.515926,2024-09-17 02:12:07.469907,2024-09-17,2024-10-01 19:53:01.515926,paid_conversion,5,1,0.1,2.1020749741666664,78.15692133944444,275.5247581102778,0.1,355.98375442388885
U03555,2024-05-31,organic,desktop,free_trial,2024-05-31 00:44:22.260444,,,,2024-05-31,,email_verified,1,0,0.73951679,,,,,
U03556,2024-06-12,organic,mobile,freemium,,,,,2024-06-12,,signup,0,0,,,,,,
U03557,2024-09-14,organic,desktop,freemium,2024-09-14 02:16:06.288928,2024-09-14 02:28:06.288928,,2024-09-14 02:22:06.288928,2024-09-14,,first_feature_used,3,0,2.268413591111111,0.1,0.1,,,
U03558,2024-05-06,paid_search,desktop,freemium,2024-05-06 01:30:45.988547,,,2024-05-06 01:36:45.988547,2024-05-06,,profile_completed,2,0,1.5127745963888888,0.1,,,,
U03559,2024-03-02,referral,tablet,freemium,2024-03-02 00:06:00.000000,,,,2024-03-02,,email_verified,1,0,0.1,,,,,
U03560,2024-06-19,referral,desktop,free_trial,2024-06-19 01:56:40.645933,2024-06-21 21:03:24.850430,,2024-06-19 02:02:40.645933,2024-06-19,,first_feature_used,3,0,1.9446238702777776,0.1,67.01227902694444,,,
U03561,2024-01-25,paid_search,desktop,free_trial,2024-01-25 02:05:29.349591,2024-01-25 09:35:27.354987,,2024-01-25 02:11:29.349591,2024-01-25,,first_feature_used,3,0,2.0914859975,0.1,7.399445943333333,,,
U03562,2024-03-02,organic,desktop,free_trial,2024-03-02 01:08:03.661856,,,2024-03-02 16:03:58.957639,2024-03-02,,profile_completed,2,0,1.1343505155555555,14.93202660638889,,,,
U03563,2024-06-02,organic,desktop,freemium,2024-06-02 00:06:00.000000,,,,2024-06-02,,email_verified,1,0,0.1,,,,,
U03564,2024-10-17,organic,desktop,free_trial,2024-10-17 01:15:06.967356,,,,2024-10-17,,email_verified,1,0,1.2519353766666668,,,,,
U03565,2024-10-12,organic,desktop,free_trial,2024-10-12 00:06:00.000000,2024-10-14 14:40:24.700570,2024-10-27 05:05:43.245097,2024-10-12 08:27:04.588192,2024-10-12,2024-10-22 16:33:55.525030,paid_conversion,5,1,0.1,8.351274497777778,54.22225343833333,193.89189568333333,108.52992224083334,365.09534586027775
U03566,2024-04-05,referral,desktop,freemium,2024-04-05 00:06:00.000000,2024-04-05 22:42:36.063789,,2024-04-05 10:22:20.091514,2024-04-05,,first_feature_used,3,0,0.1,10.272247642777778,12.337770076388889,,,
U03567,2024-06-03,paid_search,mobile,free_trial,2024-06-03 00:06:00.000000,2024-06-06 09:37:08.626332,,2024-06-03 04:47:54.244859,2024-06-03,2024-06-10 19:30:53.033876,team_invited,4,0,0.1,4.6984013497222215,76.82066152027778,105.89566876222223,,
U03568,2024-02-26,organic,desktop,freemium,,,,,2024-02-26,,signup,0,0,,,,,,
U03569,2024-10-02,organic,desktop,free_trial,2024-10-02 00:06:00.000000,,,2024-10-02 00:12:00.000000,2024-10-02,,profile_completed,2,0,0.1,0.1,,,,
U03570,2024-03-30,organic,desktop,free_trial,2024-03-30 02:02:43.982177,2024-03-30 11:43:45.893163,,2024-03-30 11:37:45.893163,2024-03-30,,first_feature_used,3,0,2.045550604722222,9.583864162777779,0.1,,,
U03571,2024-10-18,referral,tablet,free_trial,2024-10-18 00:37:27.069729,2024-10-20 07:21:33.842260,2024-10-21 19:34:34.991755,2024-10-19 09:11:18.878058,2024-10-18,2024-10-20 07:27:33.842260,paid_conversion,5,1,0.6241860358333333,32.564391202500005,22.170823389444447,0.1,36.11698597083333,91.57638659861112
U03572,2024-11-03,organic,desktop,free_trial,2024-11-03 00:06:00.000000,,,2024-11-03 00:12:00.000000,2024-11-03,,profile_completed,2,0,0.1,0.1,,,,
U03573,2024-09-08,organic,mobile,free_trial,2024-09-08 03:04:45.530729,2024-09-10 07:04:49.957960,,2024-09-08 03:10:45.530729,2024-09-08,,first_feature_used,3,0,3.079314091388889,0.1,51.90122978638889,,,
U03574,2024-04-30,organic,desktop,free_trial,2024-04-30 00:06:00.000000,,,,2024-04-30,,email_verified,1,0,0.1,,,,,
U03575,2024-12-13,referral,tablet,freemium,2024-12-13 00:51:59.460191,,,2024-12-13 09:20:23.540785,2024-12-13,,profile_completed,2,0,0.8665167197222222,8.473355720555555,,,,
U03576,2024-09-07,paid_search,desktop,free_trial,2024-09-07 00:06:00.000000,2024-09-07 00:18:00.000000,,2024-09-07 00:12:00.000000,2024-09-07,,first_feature_used,3,0,0.1,0.1,0.1,,,
U03577,2024-08-23,paid_search,desktop,free_trial,2024-08-23 02:32:59.179816,2024-08-25 05:59:54.127145,,2024-08-23 02:38:59.179816,2024-08-23,,first_feature_used,3,0,2.549772171111111,0.1,51.34859648027778,,,
U03578,2024-11-08,organic,desktop,free_trial,2024-11-08 02:53:10.484279,,,2024-11-08 02:59:10.484279,2024-11-08,,profile_completed,2,0,2.8862456330555557,0.1,,,,
U03579,2024-11-17,organic,desktop,free_trial,2024-11-17 03:42:51.402494,2024-11-17 14:55:08.221195,,2024-11-17 03:48:51.402494,2024-11-17,,first_feature_used,3,0,3.7142784705555556,0.1,11.104671861388887,,,
U03580,2024-01-29,referral,mobile,free_trial,2024-01-29 04:03:19.108041,,,,2024-01-29,,email_verified,1,0,4.055307789166666,,,,,
U03581,2024-11-17,organic,mobile,free_trial,2024-11-17 02:19:44.878050,,,,2024-11-17,,email_verified,1,0,2.3291327916666664,,,,,
U03582,2024-10-06,organic,mobile,freemium,2024-10-06 03:31:40.313408,,,,2024-10-06,,email_verified,1,0,3.5278648355555555,,,,,
U03583,2024-03-16,paid_search,desktop,freemium,2024-03-16 02:37:20.382553,2024-03-16 03:41:22.157297,,2024-03-16 03:35:22.157297,2024-03-16,,first_feature_used,3,0,2.6223284869444443,0.967159651111111,0.1,,,
U03584,2024-04-22,organic,mobile,freemium,,,,,2024-04-22,,signup,0,0,,,,,,
U03585,2024-10-01,organic,desktop,freemium,,,,,2024-10-01,,signup,0,0,,,,,,
U03586,2024-03-20,referral,tablet,free_trial,2024-03-20 00:58:18.937337,2024-03-23 16:17:52.487796,,2024-03-20 01:04:18.937337,2024-03-20,,first_feature_used,3,0,0.9719270380555555,0.1,87.22598623861111,,,
U03587,2024-06-14,paid_search,mobile,free_trial,2024-06-14 00:06:00.000000,,,2024-06-14 10:18:37.302175,2024-06-14,,profile_completed,2,0,0.1,10.210361715277777,,,,
U03588,2024-09-08,organic,desktop,free_trial,2024-09-08 00:06:00.000000,2024-09-11 06:40:22.750123,,2024-09-08 00:12:00.000000,2024-09-08,,first_feature_used,3,0,0.1,0.1,78.47298614527777,,,
U03589,2024-08-25,organic,mobile,freemium,2024-08-25 03:05:14.903105,,,,2024-08-25,,email_verified,1,0,3.0874730847222223,,,,,
U03590,2024-11-28,paid_search,desktop,free_trial,2024-11-28 00:06:00.000000,2024-11-30 01:30:42.383977,2024-12-13 08:00:59.441338,2024-11-28 00:12:00.000000,2024-11-28,2024-12-01 00:25:45.220458,paid_conversion,5,1,0.1,0.1,49.31177332694444,22.91745457805556,295.5872835777778,368.01651148277773
U03591,2024-02-10,organic,desktop,free_trial,2024-02-10 00:06:00.000000,2024-02-12 04:36:37.001541,,2024-02-10 00:12:00.000000,2024-02-10,2024-02-12 04:42:37.001541,team_invited,4,0,0.1,0.1,52.410278205833336,0.1,,
U03592,2024-04-17,organic,desktop,freemium,,,,,2024-04-17,,signup,0,0,,,,,,
U03593,2024-12-25,paid_search,mobile,free_trial,2024-12-25 00:49:41.587334,2024-12-26 03:44:36.240999,,2024-12-25 11:54:28.695322,2024-12-25,,first_feature_used,3,0,0.8282187038888889,11.07975221888889,15.835429354722223,,,
U03594,2024-07-26,paid_search,desktop,free_trial,2024-07-26 00:06:00.000000,2024-07-27 02:08:40.982238,,2024-07-26 13:55:24.170374,2024-07-26,2024-07-31 21:49:44.027171,team_invited,4,0,0.1,13.823380659444444,12.22133662888889,115.68417914805555,,
U03595,2024-03-31,referral,desktop,freemium,,,,,2024-03-31,,signup,0,0,,,,,,
U03596,2024-04-15,organic,mobile,free_trial,2024-04-15 00:21:30.335553,,,,2024-04-15,,email_verified,1,0,0.35842654249999994,,,,,
U03597,2024-05-03,organic,desktop,free_trial,2024-05-03 02:53:30.528358,,,,2024-05-03,,email_verified,1,0,2.8918134327777776,,,,,
U03598,2024-07-21,paid_search,mobile,free_trial,,,,,2024-07-21,,signup,0,0,,,,,,
U03599,2024-04-13,paid_search,desktop,free_trial,2024-04-13 00:06:00.000000,,,2024-04-13 00:12:00.000000,2024-04-13,,profile_completed,2,0,0.1,0.1,,,,
U03600,2024-08-14,organic,desktop,freemium,,,,,2024-08-14,,signup,0,0,,,,,,
U03601,2024-06-11,paid_search,mobile,freemium,2024-06-11 00:06:00.000000,,,,2024-06-11,,email_verified,1,0,0.1,,,,,
U03602,2024-08-10,organic,desktop,free_trial,2024-08-10 01:45:22.445947,,,2024-08-10 01:51:22.445947,2024-08-10,,profile_completed,2,0,1.7562349852777779,0.1,,,,
U03603,2024-02-26,referral,mobile,free_trial,2024-02-26 02:23:22.457439,,,,2024-02-26,,email_verified,1,0,2.389571510833333,,,,,
U03604,2024-08-15,referral,mobile,free_trial,,,,,2024-08-15,,signup,0,0,,,,,,
U03605,2024-12-03,organic,mobile,freemium,2024-12-03 02:36:46.372857,,,2024-12-03 20:25:55.073142,2024-12-03,,profile_completed,2,0,2.612881349166667,17.8190834125,,,,
U03606,2024-02-19,referral,desktop,free_trial,2024-02-19 00:06:00.000000,,,2024-02-19 00:12:00.000000,2024-02-19,,profile_completed,2,0,0.1,0.1,,,,
U03607,2024-04-29,referral,mobile,free_trial,2024-04-29 00:06:00.000000,,,,2024-04-29,,email_verified,1,0,0.1,,,,,
U03608,2024-09-10,organic,desktop,freemium,2024-09-10 00:06:00.000000,,,2024-09-10 00:12:00.000000,2024-09-10,,profile_completed,2,0,0.1,0.1,,,,
U03609,2024-08-13,organic,desktop,freemium,2024-08-13 00:06:00.000000,2024-08-20 03:16:25.278509,,2024-08-13 00:12:00.000000,2024-08-13,,first_feature_used,3,0,0.1,0.1,171.07368847472222,,,
U03610,2024-09-03,paid_search,desktop,freemium,2024-09-03 00:06:00.000000,,,2024-09-03 00:12:00.000000,2024-09-03,,profile_completed,2,0,0.1,0.1,,,,
U03611,2024-07-23,organic,desktop,freemium,2024-07-23 02:54:43.074560,,,2024-07-23 03:47:46.091638,2024-07-23,,profile_completed,2,0,2.9119651555555555,0.8841714105555555,,,,
U03612,2024-09-06,organic,desktop,free_trial,,,,,2024-09-06,,signup,0,0,,,,,,
U03613,2024-08-10,organic,desktop,freemium,,,,,2024-08-10,,signup,0,0,,,,,,
U03614,2024-01-28,referral,desktop,freemium,2024-01-28 00:06:00.000000,2024-01-28 11:43:16.428839,,2024-01-28 00:12:00.000000,2024-01-28,,first_feature_used,3,0,0.1,0.1,11.521230233055556,,,
U03615,2024-10-01,organic,mobile,free_trial,,,,,2024-10-01,,signup,0,0,,,,,,
U03616,2024-06-12,paid_search,desktop,free_trial,2024-06-12 00:34:27.041944,,,2024-06-12 00:40:27.041944,2024-06-12,,profile_completed,2,0,0.5741783177777778,0.1,,,,
U03617,2024-01-19,organic,desktop,free_trial,2024-01-19 04:32:34.383938,,,2024-01-19 19:26:44.026056,2024-01-19,,profile_completed,2,0,4.542884427222223,14.902678366111113,,,,
U03618,2024-05-29,organic,desktop,freemium,2024-05-29 01:33:32.409411,,,2024-05-29 01:39:32.409411,2024-05-29,,profile_completed,2,0,1.5590026141666666,0.1,,,,
U03619,2024-06-07,referral,desktop,freemium,2024-06-07 00:17:50.475377,,,2024-06-07 00:23:50.475377,2024-06-07,,profile_completed,2,0,0.29735427138888887,0.1,,,,
U03620,2024-02-01,organic,mobile,freemium,2024-02-01 00:58:55.455037,,,,2024-02-01,,email_verified,1,0,0.9820708436111112,,,,,
U03621,2024-12-29,organic,tablet,free_trial,2024-12-29 00:55:21.656521,,,,2024-12-29,,email_verified,1,0,0.9226823669444444,,,,,
U03622,2024-03-22,organic,desktop,freemium,2024-03-22 02:34:01.480605,,,,2024-03-22,,email_verified,1,0,2.5670779458333337,,,,,
U03623,2024-04-30,paid_search,mobile,free_trial,2024-04-30 00:49:47.914478,,,2024-04-30 00:55:47.914478,2024-04-30,,profile_completed,2,0,0.8299762438888889,0.1,,,,
U03624,2024-06-09,organic,desktop,free_trial,2024-06-09 00:06:00.000000,2024-06-09 00:18:00.000000,,2024-06-09 00:12:00.000000,2024-06-09,,first_feature_used,3,0,0.1,0.1,0.1,,,
U03625,2024-10-30,organic,tablet,freemium,,,,,2024-10-30,,signup,0,0,,,,,,
U03626,2024-09-28,organic,desktop,freemium,,,,,2024-09-28,,signup,0,0,,,,,,
U03627,2024-10-08,organic,desktop,freemium,2024-10-08 00:06:00.000000,,,2024-10-08 00:12:00.000000,2024-10-08,,profile_completed,2,0,0.1,0.1,,,,
U03628,2024-03-27,organic,desktop,free_trial,2024-03-27 00:06:00.000000,,,2024-03-27 00:12:00.000000,2024-03-27,,profile_completed,2,0,0.1,0.1,,,,
U03629,2024-11-04,paid_search,desktop,free_trial,2024-11-04 00:06:00.000000,,,2024-11-04 16:39:59.485599,2024-11-04,,profile_completed,2,0,0.1,16.5665237775,,,,
U03630,2024-10-29,organic,mobile,free_trial,,,,,2024-10-29,,signup,0,0,,,,,,
U03631,2024-06-18,organic,desktop,free_trial,2024-06-18 00:56:26.563111,,,,2024-06-18,,email_verified,1,0,0.9407119752777777,,,,,
U03632,2024-07-18,paid_search,desktop,freemium,,,,,2024-07-18,,signup,0,0,,,,,,
U03633,2024-01-14,paid_search,desktop,free_trial,,,,,2024-01-14,,signup,0,0,,,,,,
U03634,2024-10-04,organic,tablet,free_trial,2024-10-04 00:06:00.000000,2024-10-04 21:08:24.816620,,2024-10-04 03:15:11.441631,2024-10-04,,first_feature_used,3,0,0.1,3.1531782308333334,17.887048608055558,,,
U03635,2024-12-16,organic,mobile,free_trial,2024-12-16 01:22:01.190408,,,,2024-12-16,,email_verified,1,0,1.3669973355555556,,,,,
U03636,2024-06-21,organic,tablet,freemium,,,,,2024-06-21,,signup,0,0,,,,,,
U03637,2024-07-16,referral,mobile,freemium,2024-07-16 02:28:34.313874,2024-07-17 16:15:13.457032,,2024-07-16 02:34:34.313874,2024-07-16,,first_feature_used,3,0,2.4761982983333333,0.1,37.67753976611111,,,
U03638,2024-07-01,organic,tablet,free_trial,2024-07-01 01:28:34.739839,,,2024-07-01 10:07:27.035608,2024-07-01,,profile_completed,2,0,1.4763166219444444,8.647859935833333,,,,
U03639,2024-01-31,organic,desktop,free_trial,2024-01-31 03:26:50.765935,,,,2024-01-31,,email_verified,1,0,3.4474349819444443,,,,,
U03640,2024-08-14,organic,desktop,freemium,2024-08-14 00:34:07.114058,2024-08-16 10:55:55.179441,,2024-08-14 19:25:02.563320,2024-08-14,,first_feature_used,3,0,0.5686427938888889,18.84873590611111,39.51461558916667,,,
U03641,2024-09-20,organic,desktop,freemium,2024-09-20 00:06:00.000000,,,,2024-09-20,,email_verified,1,0,0.1,,,,,
U03642,2024-12-04,organic,desktop,free_trial,,,,,2024-12-04,,signup,0,0,,,,,,
U03643,2024-12-05,organic,mobile,free_trial,2024-12-05 02:14:52.191455,2024-12-06 19:56:45.591008,,2024-12-06 00:52:29.843978,2024-12-05,,first_feature_used,3,0,2.247830959722222,22.627125700833332,19.071040841666665,,,
U03644,2024-06-28,paid_search,desktop,freemium,2024-06-28 01:54:00.108187,,,2024-06-28 22:53:47.993271,2024-06-28,,profile_completed,2,0,1.9000300519444444,20.996634745555554,,,,
U03645,2024-12-16,paid_search,desktop,freemium,,,,,2024-12-16,,signup,0,0,,,,,,
U03646,2024-07-11,paid_search,mobile,free_trial,2024-07-11 00:06:00.000000,,,,2024-07-11,,email_verified,1,0,0.1,,,,,
U03647,2024-08-22,paid_search,desktop,free_trial,2024-08-22 00:06:00.000000,2024-08-22 11:02:48.446730,,2024-08-22 10:56:48.446730,2024-08-22,2024-08-30 13:32:51.646953,team_invited,4,0,0.1,10.846790758333334,0.1,194.50088895083334,,
U03648,2024-08-07,organic,desktop,free_trial,,,,,2024-08-07,,signup,0,0,,,,,,
U03649,2024-12-30,referral,desktop,free_trial,2024-12-30 00:06:00.000000,,,2024-12-30 00:12:00.000000,2024-12-30,,profile_completed,2,0,0.1,0.1,,,,
U03650,2024-09-26,paid_search,mobile,free_trial,2024-09-26 00:06:00.000000,2024-09-29 18:29:44.162214,,2024-09-26 14:54:10.632845,2024-09-26,,first_feature_used,3,0,0.1,14.802953568055555,75.59264704694445,,,
U03651,2024-02-13,referral,desktop,free_trial,2024-02-13 00:45:31.876524,2024-02-14 02:33:47.611245,,2024-02-13 01:39:25.335110,2024-02-13,,first_feature_used,3,0,0.75885459,0.8981829405555556,24.906187815277775,,,
U03652,2024-01-27,paid_search,desktop,free_trial,2024-01-27 04:03:40.128087,2024-01-30 04:44:55.551844,,2024-01-27 04:09:40.128087,2024-01-27,,first_feature_used,3,0,4.061146690833333,0.1,72.58761771027778,,,
U03653,2024-05-29,organic,desktop,free_trial,2024-05-29 00:06:00.000000,,,2024-05-29 00:12:00.000000,2024-05-29,,profile_completed,2,0,0.1,0.1,,,,
U03654,2024-07-07,organic,mobile,free_trial,2024-07-07 00:06:00.000000,,,,2024-07-07,,email_verified,1,0,0.1,,,,,
U03655,2024-09-01,organic,desktop,free_trial,2024-09-01 00:06:00.000000,2024-09-04 22:29:42.162346,,2024-09-01 02:27:39.332613,2024-09-01,,first_feature_used,3,0,0.1,2.3609257258333334,92.03411937027778,,,
U03656,2024-06-24,organic,desktop,freemium,2024-06-24 00:06:00.000000,,,,2024-06-24,,email_verified,1,0,0.1,,,,,
U03657,2024-07-06,paid_search,tablet,free_trial,2024-07-06 00:06:00.000000,2024-07-06 16:05:56.621288,,2024-07-06 00:12:00.000000,2024-07-06,,first_feature_used,3,0,0.1,0.1,15.89906146888889,,,
U03658,2024-12-02,organic,mobile,freemium,,,,,2024-12-02,,signup,0,0,,,,,,
U03659,2024-05-02,organic,desktop,freemium,2024-05-02 00:41:53.774197,,,2024-05-03 09:37:26.589019,2024-05-02,,profile_completed,2,0,0.6982706102777778,32.925781895,,,,
U03660,2024-06-29,referral,desktop,freemium,2024-06-29 00:06:00.000000,,,2024-06-29 00:12:00.000000,2024-06-29,,profile_completed,2,0,0.1,0.1,,,,
U03661,2024-07-22,paid_search,desktop,free_trial,2024-07-22 01:41:25.565937,2024-07-24 11:55:47.533313,,2024-07-22 08:35:11.422291,2024-07-22,,first_feature_used,3,0,1.6904349825,6.896071209444444,51.343364172777775,,,
U03662,2024-06-19,paid_search,mobile,free_trial,,,,,2024-06-19,,signup,0,0,,,,,,
U03663,2024-12-19,organic,desktop,freemium,,,,,2024-12-19,,signup,0,0,,,,,,
U03664,2024-12-17,paid_search,tablet,free_trial,2024-12-17 00:06:00.000000,2024-12-17 00:18:00.000000,,2024-12-17 00:12:00.000000,2024-12-17,2024-12-17 00:24:00.000000,team_invited,4,0,0.1,0.1,0.1,0.1,,
U03665,2024-07-06,referral,mobile,free_trial,2024-07-06 00:06:00.000000,,,2024-07-06 00:12:00.000000,2024-07-06,,profile_completed,2,0,0.1,0.1,,,,
U03666,2024-06-13,paid_search,desktop,free_trial,2024-06-13 01:55:42.110175,2024-06-13 08:14:36.671978,,2024-06-13 08:08:36.671978,2024-06-13,,first_feature_used,3,0,1.9283639375,6.2151560563888895,0.1,,,
U03667,2024-08-02,paid_search,desktop,freemium,,,,,2024-08-02,,signup,0,0,,,,,,
U03668,2024-03-07,paid_search,mobile,freemium,2024-03-07 00:06:00.000000,,,,2024-03-07,,email_verified,1,0,0.1,,,,,
U03669,2024-06-04,organic,mobile,free_trial,,,,,2024-06-04,,signup,0,0,,,,,,
U03670,2024-03-20,paid_search,mobile,freemium,,,,,2024-03-20,,signup,0,0,,,,,,
U03671,2024-02-22,referral,desktop,freemium,2024-02-22 01:58:08.639555,,,2024-02-22 08:25:10.270179,2024-02-22,,profile_completed,2,0,1.9690665430555554,6.450452951111111,,,,
U03672,2024-02-04,organic,mobile,free_trial,,,,,2024-02-04,,signup,0,0,,,,,,
U03673,2024-08-02,organic,mobile,free_trial,,,,,2024-08-02,,signup,0,0,,,,,,
U03674,2024-01-01,organic,tablet,free_trial,2024-01-01 00:06:00.000000,,,,2024-01-01,,email_verified,1,0,0.1,,,,,
U03675,2024-08-23,organic,desktop,freemium,2024-08-23 01:00:36.712391,,,,2024-08-23,,email_verified,1,0,1.010197886388889,,,,,
U03676,2024-06-06,referral,desktop,freemium,2024-06-06 00:56:15.649826,2024-06-06 01:08:15.649826,,2024-06-06 01:02:15.649826,2024-06-06,2024-06-06 01:14:15.649826,team_invited,4,0,0.9376805072222222,0.1,0.1,0.1,,
U03677,2024-05-13,paid_search,desktop,freemium,2024-05-13 00:06:00.000000,2024-05-17 01:32:10.093478,,2024-05-13 00:12:00.000000,2024-05-13,2024-05-17 07:32:55.203839,team_invited,4,0,0.1,0.1,97.33613707722223,6.012530655833333,,
U03678,2024-10-07,organic,mobile,freemium,2024-10-07 00:06:00.000000,,,2024-10-07 00:12:00.000000,2024-10-07,,profile_completed,2,0,0.1,0.1,,,,
U03679,2024-07-15,organic,tablet,free_trial,2024-07-15 00:06:00.000000,,,2024-07-15 00:12:00.000000,2024-07-15,,profile_completed,2,0,0.1,0.1,,,,
U03680,2024-09-24,organic,desktop,freemium,,,,,2024-09-24,,signup,0,0,,,,,,
U03681,2024-09-15,organic,desktop,freemium,,,,,2024-09-15,,signup,0,0,,,,,,
U03682,2024-01-12,paid_search,desktop,freemium,,,,,2024-01-12,,signup,0,0,,,,,,
U03683,2024-03-19,referral,mobile,free_trial,2024-03-19 01:04:00.013312,2024-03-22 11:35:12.391885,,2024-03-19 16:42:13.405100,2024-03-19,,first_feature_used,3,0,1.0666703644444444,15.637053274444444,66.88305188472222,,,
U03684,2024-07-27,paid_search,mobile,free_trial,2024-07-27 00:06:00.000000,,,2024-07-27 11:50:54.618902,2024-07-27,,profile_completed,2,0,0.1,11.748505250555557,,,,
U03685,2024-12-22,organic,desktop,free_trial,2024-12-22 00:06:00.000000,,,,2024-12-22,,email_verified,1,0,0.1,,,,,
U03686,2024-02-26,paid_search,desktop,free_trial,2024-02-26 00:19:45.849638,,,,2024-02-26,,email_verified,1,0,0.3294026772222222,,,,,
U03687,2024-02-08,paid_search,tablet,freemium,2024-02-08 01:45:32.801862,2024-02-10 09:48:46.914785,,2024-02-08 01:51:32.801862,2024-02-08,,first_feature_used,3,0,1.7591116283333335,0.1,55.95392025638889,,,
U03688,2024-12-09,organic,desktop,freemium,2024-12-09 00:06:00.000000,,,2024-12-09 14:47:54.468225,2024-12-09,,profile_completed,2,0,0.1,14.698463395833333,,,,
U03689,2024-12-18,paid_search,desktop,freemium,2024-12-18 00:06:00.000000,2024-12-18 00:18:00.000000,,2024-12-18 00:12:00.000000,2024-12-18,,first_feature_used,3,0,0.1,0.1,0.1,,,
U03690,2024-03-02,paid_search,desktop,free_trial,,,,,2024-03-02,,signup,0,0,,,,,,
U03691,2024-05-26,referral,desktop,free_trial,2024-05-26 00:06:00.000000,,,2024-05-26 00:12:00.000000,2024-05-26,,profile_completed,2,0,0.1,0.1,,,,
U03692,2024-08-16,organic,desktop,free_trial,2024-08-16 02:19:09.994831,,,,2024-08-16,,email_verified,1,0,2.319443008611111,,,,,
U03693,2024-03-12,organic,mobile,freemium,,,,,2024-03-12,,signup,0,0,,,,,,
U03694,2024-04-29,paid_search,desktop,freemium,,,,,2024-04-29,,signup,0,0,,,,,,
U03695,2024-05-24,organic,mobile,free_trial,2024-05-24 00:06:00.000000,2024-05-27 12:19:44.533154,2024-06-02 18:16:15.869695,2024-05-24 02:52:03.114401,2024-05-24,2024-05-31 15:42:04.837568,paid_conversion,5,1,0.1,2.767531778055556,81.46150520916666,99.37230678166667,50.56973114638889,234.27107491527778
U03696,2024-08-22,organic,mobile,freemium,2024-08-22 00:06:22.004443,,,,2024-08-22,,email_verified,1,0,0.10611234527777777,,,,,
U03697,2024-04-22,paid_search,desktop,freemium,2024-04-22 00:06:00.000000,2024-04-27 22:41:24.905120,,2024-04-22 00:12:00.000000,2024-04-22,,first_feature_used,3,0,0.1,0.1,142.49025142222223,,,
U03698,2024-05-30,organic,desktop,free_trial,2024-05-30 00:06:00.000000,2024-05-31 17:18:59.579277,,2024-05-30 00:52:28.190198,2024-05-30,2024-06-06 09:48:45.165035,team_invited,4,0,0.1,0.7744972772222222,40.44205252194444,136.49599604388888,,
U03699,2024-04-15,paid_search,desktop,free_trial,2024-04-15 00:06:00.000000,2024-04-17 10:08:00.193333,,2024-04-15 18:57:22.097416,2024-04-15,2024-04-22 16:13:28.383841,team_invited,4,0,0.1,18.856138171111112,39.177248865833334,126.09116403,,
U03700,2024-10-04,referral,desktop,free_trial,2024-10-04 00:06:00.000000,2024-10-04 12:42:01.395651,2024-10-16 13:38:54.512387,2024-10-04 02:45:17.665548,2024-10-04,2024-10-10 01:20:24.037036,paid_conversion,5,1,0.1,2.654907096666667,9.945480584166667,132.63962260694444,156.30846537527776,301.64847566305554
U03701,2024-02-25,paid_search,mobile,free_trial,2024-02-25 06:25:52.818556,2024-02-27 13:02:55.857720,2024-03-10 03:11:21.989245,2024-02-25 21:23:27.300872,2024-02-25,2024-03-04 03:51:12.006454,paid_conversion,5,1,6.4313384877777775,14.959578421111111,39.65793245777778,134.80448575944445,143.33610633083333,339.18944145694445
U03702,2024-03-25,paid_search,desktop,freemium,2024-03-25 00:27:07.419074,2024-03-30 00:33:59.308947,,2024-03-25 00:33:07.419074,2024-03-25,,first_feature_used,3,0,0.45206085388888884,0.1,120.0144138536111,,,
U03703,2024-04-01,paid_search,mobile,free_trial,2024-04-01 00:49:31.222684,2024-04-02 14:01:30.198522,,2024-04-02 13:55:30.198522,2024-04-01,,first_feature_used,3,0,0.8253396344444444,37.09971551055556,0.1,,,
U03704,2024-11-26,organic,desktop,freemium,,,,,2024-11-26,,signup,0,0,,,,,,
U03705,2024-12-10,organic,desktop,freemium,,,,,2024-12-10,,signup,0,0,,,,,,
U03706,2024-07-01,paid_search,desktop,free_trial,2024-07-01 01:39:02.450831,2024-07-01 16:25:32.648294,,2024-07-01 01:45:02.450831,2024-07-01,,first_feature_used,3,0,1.6506807863888888,0.1,14.675054850833332,,,
U03707,2024-02-27,organic,desktop,freemium,,,,,2024-02-27,,signup,0,0,,,,,,
U03708,2024-10-02,organic,mobile,free_trial,,,,,2024-10-02,,signup,0,0,,,,,,
U03709,2024-06-28,organic,mobile,freemium,2024-06-28 00:06:00.000000,,,,2024-06-28,,email_verified,1,0,0.1,,,,,
U03710,2024-11-06,referral,desktop,free_trial,2024-11-06 00:06:00.000000,2024-11-12 12:18:31.925249,2024-11-26 15:04:47.632311,2024-11-06 11:23:33.067884,2024-11-06,2024-11-22 02:41:08.350311,paid_conversion,5,1,0.1,11.292518856666666,144.91634926805557,230.37678473944445,108.394245,495.0798978641667
U03711,2024-05-11,organic,mobile,freemium,2024-05-11 00:06:00.000000,2024-05-11 12:10:47.026083,,2024-05-11 12:04:47.026083,2024-05-11,2024-05-15 10:59:56.962298,team_invited,4,0,0.1,11.979729467499999,0.1,94.81942672638888,,
U03712,2024-12-30,paid_search,mobile,free_trial,2024-12-30 00:06:00.000000,,,,2024-12-30,,email_verified,1,0,0.1,,,,,
U03713,2024-10-21,organic,desktop,free_trial,2024-10-21 00:06:00.000000,2024-10-24 07:11:54.799520,,2024-10-21 00:57:40.725234,2024-10-21,,first_feature_used,3,0,0.1,0.861312565,78.23724285722221,,,
U03714,2024-03-22,paid_search,desktop,free_trial,2024-03-22 00:06:00.000000,,,2024-03-22 00:12:00.000000,2024-03-22,,profile_completed,2,0,0.1,0.1,,,,
U03715,2024-09-21,organic,desktop,freemium,2024-09-21 00:06:00.000000,,,,2024-09-21,,email_verified,1,0,0.1,,,,,
U03716,2024-04-14,organic,desktop,freemium,2024-04-14 01:03:09.829106,,,,2024-04-14,,email_verified,1,0,1.0527303072222223,,,,,
U03717,2024-05-07,paid_search,mobile,freemium,,,,,2024-05-07,,signup,0,0,,,,,,
U03718,2024-04-01,paid_search,desktop,free_trial,2024-04-01 00:06:00.000000,,,,2024-04-01,,email_verified,1,0,0.1,,,,,
U03719,2024-09-06,organic,desktop,freemium,2024-09-06 00:06:00.000000,2024-09-09 11:40:23.934185,,2024-09-06 04:14:32.683902,2024-09-06,2024-09-14 18:31:31.682833,team_invited,4,0,0.1,4.142412195,79.43090285638888,126.85215240222223,,
U03720,2024-04-05,organic,mobile,freemium,2024-04-05 03:53:08.162196,2024-04-06 09:00:35.209823,,2024-04-05 03:59:08.162196,2024-04-05,2024-04-14 02:15:59.625925,team_invited,4,0,3.88560061,0.1,29.02417989638889,185.25678225055557,,
U03721,2024-08-21,organic,desktop,free_trial,2024-08-21 01:16:30.450335,2024-08-21 20:44:56.004642,,2024-08-21 20:38:56.004642,2024-08-21,2024-08-22 05:36:26.075198,team_invited,4,0,1.2751250930555558,19.37376508527778,0.1,8.858352932222221,,
U03722,2024-07-31,organic,mobile,free_trial,2024-07-31 00:06:54.599566,2024-08-02 22:50:13.661206,,2024-07-31 08:29:20.847835,2024-07-31,2024-08-05 09:45:04.866631,team_invited,4,0,0.1151665461111111,8.3739578525,62.348003714166666,58.914223729166665,,
U03723,2024-10-01,paid_search,desktop,free_trial,,,,,2024-10-01,,signup,0,0,,,,,,
U03724,2024-12-28,organic,desktop,freemium,,,,,2024-12-28,,signup,0,0,,,,,,
U03725,2024-01-04,paid_search,desktop,free_trial,2024-01-04 00:07:13.736769,,,2024-01-04 00:13:13.736769,2024-01-04,,profile_completed,2,0,0.12048243583333333,0.1,,,,
U03726,2024-12-27,organic,desktop,free_trial,2024-12-27 00:15:28.595765,2024-12-27 09:06:08.356588,,2024-12-27 09:00:08.356588,2024-12-27,2025-01-01 14:45:42.843851,team_invited,4,0,0.25794326805555556,8.744378006388889,0.1,125.65957979527778,,
U03727,2024-02-09,paid_search,desktop,freemium,2024-02-09 00:06:00.000000,2024-02-09 08:48:43.378460,,2024-02-09 00:12:00.000000,2024-02-09,,first_feature_used,3,0,0.1,0.1,8.612049572222222,,,
U03728,2024-07-11,organic,mobile,freemium,,,,,2024-07-11,,signup,0,0,,,,,,
U03729,2024-05-04,paid_search,mobile,free_trial,2024-05-04 02:14:05.204703,,,,2024-05-04,,email_verified,1,0,2.2347790841666666,,,,,
U03730,2024-08-21,organic,mobile,freemium,2024-08-21 00:06:00.000000,,,,2024-08-21,,email_verified,1,0,0.1,,,,,
U03731,2024-09-20,referral,desktop,free_trial,,,,,2024-09-20,,signup,0,0,,,,,,
U03732,2024-11-09,paid_search,tablet,freemium,,,,,2024-11-09,,signup,0,0,,,,,,
U03733,2024-05-26,referral,desktop,free_trial,2024-05-26 00:06:00.000000,2024-05-27 12:28:18.598236,2024-06-07 03:06:01.142977,2024-05-26 00:12:00.000000,2024-05-26,2024-06-02 01:52:39.149823,paid_conversion,5,1,0.1,0.1,36.271832843333335,133.40570877416667,121.22277587611111,291.1003174936111
U03734,2024-12-06,organic,mobile,free_trial,2024-12-06 00:22:35.290263,,,,2024-12-06,,email_verified,1,0,0.3764695175,,,,,
U03735,2024-04-27,organic,mobile,freemium,2024-04-27 00:06:00.000000,,,2024-04-27 00:12:00.000000,2024-04-27,,profile_completed,2,0,0.1,0.1,,,,
U03736,2024-03-15,organic,desktop,free_trial,,,,,2024-03-15,,signup,0,0,,,,,,
U03737,2024-05-18,organic,desktop,freemium,2024-05-18 04:22:33.928669,,,2024-05-18 18:44:18.095614,2024-05-18,,profile_completed,2,0,4.376091296944445,14.362268595833333,,,,
U03738,2024-07-11,paid_search,mobile,free_trial,2024-07-11 01:47:11.065368,,,,2024-07-11,,email_verified,1,0,1.7864070466666666,,,,,
U03739,2024-08-31,referral,mobile,free_trial,,,,,2024-08-31,,signup,0,0,,,,,,
U03740,2024-10-30,paid_search,desktop,freemium,,,,,2024-10-30,,signup,0,0,,,,,,
U03741,2024-03-23,paid_search,mobile,free_trial,2024-03-23 01:36:22.347113,,,,2024-03-23,,email_verified,1,0,1.6062075313888888,,,,,
U03742,2024-04-20,organic,desktop,freemium,2024-04-20 00:24:28.624225,2024-04-22 18:09:54.280568,,2024-04-20 00:30:28.624225,2024-04-20,,first_feature_used,3,0,0.4079511736111111,0.1,65.65712676194445,,,
U03743,2024-12-08,organic,desktop,freemium,2024-12-08 00:06:00.000000,,,2024-12-08 00:12:00.000000,2024-12-08,,profile_completed,2,0,0.1,0.1,,,,
U03744,2024-06-09,paid_search,mobile,free_trial,2024-06-09 02:32:54.332165,,,2024-06-09 07:29:00.757986,2024-06-09,,profile_completed,2,0,2.548425601388889,4.935118283611112,,,,
U03745,2024-03-29,organic,mobile,free_trial,2024-03-29 00:06:00.000000,,,,2024-03-29,,email_verified,1,0,0.1,,,,,
U03746,2024-12-25,organic,desktop,free_trial,2024-12-25 00:06:00.000000,2024-12-25 00:18:00.000000,,2024-12-25 00:12:00.000000,2024-12-25,,first_feature_used,3,0,0.1,0.1,0.1,,,
U03747,2024-06-12,referral,desktop,free_trial,2024-06-12 01:59:06.390356,2024-06-13 11:10:33.269402,,2024-06-12 02:05:06.390356,2024-06-12,,first_feature_used,3,0,1.985108432222222,0.1,33.090799735,,,
U03748,2024-12-25,referral,desktop,free_trial,2024-12-25 00:06:00.000000,2024-12-25 14:16:20.904511,,2024-12-25 04:18:27.997295,2024-12-25,2025-01-02 23:30:34.318714,team_invited,4,0,0.1,4.2077770263888885,9.964696448888889,201.23705950083334,,
U03749,2024-12-01,paid_search,desktop,free_trial,2024-12-01 04:05:46.939080,2024-12-01 04:17:46.939080,,2024-12-01 04:11:46.939080,2024-12-01,2024-12-06 17:06:50.364613,team_invited,4,0,4.096371966666666,0.1,0.1,132.8176182036111,,
U03750,2024-11-26,organic,desktop,freemium,2024-11-26 02:11:17.953394,,,,2024-11-26,,email_verified,1,0,2.1883203872222223,,,,,
U03751,2024-07-31,referral,desktop,free_trial,2024-07-31 00:06:00.000000,2024-08-01 18:14:36.154675,,2024-07-31 00:12:00.000000,2024-07-31,2024-08-09 12:58:03.864495,team_invited,4,0,0.1,0.1,42.04337629861111,186.72436383888888,,
U03752,2024-10-18,organic,mobile,freemium,2024-10-18 00:50:53.344571,,,2024-10-18 09:45:34.802147,2024-10-18,,profile_completed,2,0,0.8481512697222222,8.911515993333333,,,,
U03753,2024-12-16,organic,desktop,free_trial,2024-12-16 01:36:25.237242,,,2024-12-16 10:10:55.671966,2024-12-16,,profile_completed,2,0,1.607010345,8.575120756666667,,,,
U03754,2024-04-08,organic,desktop,free_trial,2024-04-08 00:06:00.000000,2024-04-09 11:25:31.414968,,2024-04-08 00:12:00.000000,2024-04-08,,first_feature_used,3,0,0.1,0.1,35.22539304666667,,,
U03755,2024-01-14,referral,desktop,free_trial,2024-01-14 00:06:00.000000,2024-01-14 21:49:37.260918,,2024-01-14 14:29:42.409141,2024-01-14,2024-01-14 21:55:37.260918,team_invited,4,0,0.1,14.395113650277777,7.331903271388889,0.1,,
U03756,2024-04-27,referral,desktop,free_trial,2024-04-27 00:06:00.000000,2024-04-29 14:27:09.630807,,2024-04-27 03:13:49.733003,2024-04-27,,first_feature_used,3,0,0.1,3.130481389722222,59.22219383444445,,,
U03757,2024-08-20,paid_search,desktop,freemium,2024-08-20 04:20:41.742335,2024-08-21 09:44:51.660048,,2024-08-20 04:26:41.742335,2024-08-20,,first_feature_used,3,0,4.344928426388889,0.1,29.302754920277778,,,
U03758,2024-07-18,organic,desktop,free_trial,2024-07-18 00:06:00.000000,,,2024-07-18 00:12:00.000000,2024-07-18,,profile_completed,2,0,0.1,0.1,,,,
U03759,2024-01-30,paid_search,desktop,freemium,2024-01-30 02:31:45.347675,,,,2024-01-30,,email_verified,1,0,2.529263243055556,,,,,
U03760,2024-07-23,organic,desktop,freemium,2024-07-23 01:00:01.488346,,,2024-07-23 01:06:01.488346,2024-07-23,,profile_completed,2,0,1.0004134294444444,0.1,,,,
U03761,2024-03-04,referral,desktop,free_trial,2024-03-04 01:22:53.254958,,,2024-03-04 01:28:53.254958,2024-03-04,,profile_completed,2,0,1.3814597105555557,0.1,,,,
U03762,2024-07-03,organic,mobile,freemium,,,,,2024-07-03,,signup,0,0,,,,,,
U03763,2024-07-29,organic,desktop,freemium,2024-07-29 00:34:09.570484,,,,2024-07-29,,email_verified,1,0,0.5693251344444444,,,,,
U03764,2024-08-20,paid_search,desktop,free_trial,,,,,2024-08-20,,signup,0,0,,,,,,
U03765,2024-05-30,paid_search,desktop,freemium,2024-05-30 00:31:35.349430,2024-05-31 22:49:27.910511,2024-06-16 04:46:58.652253,2024-05-30 00:37:35.349430,2024-05-30,2024-06-05 08:18:25.047297,paid_conversion,5,1,0.5264859527777778,0.1,46.19793363361111,105.4825379961111,260.47600137666666,412.7829589591667
U03766,2024-05-29,referral,desktop,free_trial,2024-05-29 00:06:00.000000,2024-05-30 13:41:22.161150,2024-06-13 10:51:32.549517,2024-05-29 00:12:00.000000,2024-05-29,2024-06-05 15:48:23.054893,paid_conversion,5,1,0.1,0.1,37.48948920833333,146.1169149286111,187.05263739555556,370.85904153250004
U03767,2024-09-04,organic,desktop,freemium,2024-09-04 00:06:00.000000,,,,2024-09-04,,email_verified,1,0,0.1,,,,,
U03768,2024-09-30,referral,mobile,free_trial,2024-09-30 03:56:07.936888,,,,2024-09-30,,email_verified,1,0,3.9355380244444444,,,,,
U03769,2024-10-21,organic,desktop,freemium,,,,,2024-10-21,,signup,0,0,,,,,,
U03770,2024-05-01,organic,desktop,freemium,2024-05-01 00:06:00.000000,2024-05-02 12:12:20.627662,,2024-05-01 00:12:00.000000,2024-05-01,,first_feature_used,3,0,0.1,0.1,36.005729906111114,,,
U03771,2024-06-03,paid_search,desktop,freemium,2024-06-03 00:42:26.491680,2024-06-05 07:40:00.507558,,2024-06-03 00:48:26.491680,2024-06-03,,first_feature_used,3,0,0.7073588000000001,0.1,54.859448855000004,,,
U03772,2024-04-30,organic,desktop,freemium,2024-04-30 00:06:00.000000,,,2024-04-30 04:06:17.973959,2024-04-30,,profile_completed,2,0,0.1,4.004992766388889,,,,
U03773,2024-07-11,paid_search,tablet,free_trial,,,,,2024-07-11,,signup,0,0,,,,,,
U03774,2024-02-16,organic,desktop,freemium,2024-02-16 00:06:00.000000,,,,2024-02-16,,email_verified,1,0,0.1,,,,,
U03775,2024-06-05,organic,desktop,free_trial,2024-06-05 00:06:00.000000,,,,2024-06-05,,email_verified,1,0,0.1,,,,,
U03776,2024-03-09,paid_search,desktop,free_trial,2024-03-09 00:06:00.000000,,,,2024-03-09,,email_verified,1,0,0.1,,,,,
U03777,2024-07-13,organic,desktop,free_trial,2024-07-13 03:22:39.393888,,,,2024-07-13,,email_verified,1,0,3.3776094133333334,,,,,
U03778,2024-11-06,paid_search,desktop,freemium,2024-11-06 00:26:40.618147,,,2024-11-06 00:32:40.618147,2024-11-06,,profile_completed,2,0,0.4446161519444444,0.1,,,,
U03779,2024-12-25,paid_search,desktop,freemium,2024-12-25 00:06:00.000000,,,2024-12-25 14:18:44.431160,2024-12-25,,profile_completed,2,0,0.1,14.21234198888889,,,,
U03780,2024-06-11,organic,desktop,free_trial,2024-06-11 00:06:00.000000,,,2024-06-11 00:12:00.000000,2024-06-11,,profile_completed,2,0,0.1,0.1,,,,
U03781,2024-01-21,paid_search,desktop,freemium,2024-01-21 02:13:41.223983,,,2024-01-21 02:19:41.223983,2024-01-21,,profile_completed,2,0,2.2281177730555557,0.1,,,,
U03782,2024-03-24,organic,mobile,freemium,2024-03-24 00:06:00.000000,,,2024-03-24 00:12:00.000000,2024-03-24,,profile_completed,2,0,0.1,0.1,,,,
U03783,2024-02-08,organic,desktop,free_trial,2024-02-08 02:57:30.019556,2024-02-13 11:28:57.823098,2024-02-25 13:48:15.920704,2024-02-09 03:14:42.409910,2024-02-08,2024-02-15 07:55:18.953161,paid_conversion,5,1,2.9583387655555553,24.286775098333333,104.23761477444444,44.43920279527777,245.88249098416668,421.80442241777774
U03784,2024-10-04,organic,desktop,free_trial,,,,,2024-10-04,,signup,0,0,,,,,,
U03785,2024-12-25,referral,mobile,freemium,,,,,2024-12-25,,signup,0,0,,,,,,
U03786,2024-07-21,paid_search,desktop,freemium,2024-07-21 00:06:00.000000,,,2024-07-21 04:50:03.444065,2024-07-21,,profile_completed,2,0,0.1,4.734290018055556,,,,
U03787,2024-03-05,paid_search,tablet,free_trial,,,,,2024-03-05,,signup,0,0,,,,,,
U03788,2024-01-08,referral,tablet,free_trial,2024-01-08 02:56:34.169890,2024-01-08 13:55:23.725636,,2024-01-08 13:49:23.725636,2024-01-08,,first_feature_used,3,0,2.942824969444444,10.880432151666666,0.1,,,
U03789,2024-12-22,organic,desktop,free_trial,2024-12-22 00:06:00.000000,,,2024-12-22 00:12:00.000000,2024-12-22,,profile_completed,2,0,0.1,0.1,,,,
U03790,2024-04-25,referral,desktop,free_trial,2024-04-25 00:38:10.785029,2024-04-29 03:41:03.951823,,2024-04-25 11:13:06.179954,2024-04-25,2024-04-29 03:47:03.951823,team_invited,4,0,0.6363291747222223,10.582054145833334,88.46604774138889,0.1,,
U03791,2024-02-10,paid_search,mobile,free_trial,2024-02-10 01:30:51.811671,,,,2024-02-10,,email_verified,1,0,1.5143921308333335,,,,,
U03792,2024-03-05,referral,desktop,free_trial,2024-03-05 02:43:49.389395,2024-03-05 11:14:32.318153,2024-03-18 01:43:22.198245,2024-03-05 11:08:32.318153,2024-03-05,2024-03-15 14:27:34.682114,paid_conversion,5,1,2.7303859430555555,8.411924655,0.1,243.2173233225,59.263198925277784,313.72283284583335
U03793,2024-04-03,referral,desktop,free_trial,2024-04-03 00:13:18.797794,2024-04-06 10:22:42.432077,,2024-04-03 11:14:36.802062,2024-04-03,,first_feature_used,3,0,0.2218882761111111,11.02166785222222,71.13489722638889,,,
U03794,2024-08-27,referral,desktop,freemium,2024-08-27 00:06:00.000000,,,,2024-08-27,,email_verified,1,0,0.1,,,,,
U03795,2024-11-21,organic,desktop,free_trial,2024-11-21 00:06:00.000000,,,,2024-11-21,,email_verified,1,0,0.1,,,,,
U03796,2024-04-10,paid_search,mobile,free_trial,2024-04-10 02:39:56.816659,2024-04-10 12:59:52.931606,,2024-04-10 02:45:56.816659,2024-04-10,,first_feature_used,3,0,2.6657824052777777,0.1,10.232254151944446,,,
U03797,2024-09-07,referral,mobile,free_trial,2024-09-07 00:06:00.000000,2024-09-11 07:51:17.155190,,2024-09-07 00:12:00.000000,2024-09-07,,first_feature_used,3,0,0.1,0.1,103.65476533055556,,,
U03798,2024-01-24,paid_search,mobile,freemium,,,,,2024-01-24,,signup,0,0,,,,,,
U03799,2024-01-04,organic,mobile,free_trial,2024-01-04 00:33:37.421261,,,2024-01-04 00:39:37.421261,2024-01-04,,profile_completed,2,0,0.5603947947222222,0.1,,,,
U03800,2024-01-21,referral,mobile,free_trial,2024-01-21 01:01:32.700717,2024-01-21 01:13:32.700717,,2024-01-21 01:07:32.700717,2024-01-21,2024-01-21 01:19:32.700717,team_invited,4,0,1.0257501991666667,0.1,0.1,0.1,,
U03801,2024-12-02,organic,desktop,free_trial,,,,,2024-12-02,,signup,0,0,,,,,,
U03802,2024-07-31,paid_search,tablet,freemium,2024-07-31 00:06:00.000000,,,2024-07-31 06:26:41.017747,2024-07-31,,profile_completed,2,0,0.1,6.344727151944445,,,,
U03803,2024-10-20,paid_search,tablet,free_trial,2024-10-20 00:06:00.000000,,,2024-10-20 14:01:21.050393,2024-10-20,,profile_completed,2,0,0.1,13.922513998055555,,,,
U03804,2024-01-08,organic,mobile,free_trial,2024-01-08 01:40:07.140965,2024-01-08 20:11:30.315211,,2024-01-08 20:05:30.315211,2024-01-08,,first_feature_used,3,0,1.6686502680555555,18.42310395722222,0.1,,,
U03805,2024-01-09,paid_search,mobile,freemium,,,,,2024-01-09,,signup,0,0,,,,,,
U03806,2024-11-05,organic,desktop,freemium,2024-11-05 03:17:30.720073,2024-11-06 04:05:49.910789,,2024-11-05 03:23:30.720073,2024-11-05,,first_feature_used,3,0,3.2918666869444446,0.1,24.705330754444443,,,
U03807,2024-02-07,paid_search,desktop,free_trial,2024-02-07 02:35:58.356627,2024-02-08 12:21:02.097884,,2024-02-07 02:41:58.356627,2024-02-07,,first_feature_used,3,0,2.5995435075,0.1,33.65103923805555,,,
U03808,2024-02-26,referral,mobile,free_trial,2024-02-26 00:06:00.000000,2024-02-27 02:36:28.623329,,2024-02-27 02:30:28.623329,2024-02-26,2024-03-04 00:23:48.333252,team_invited,4,0,0.1,26.407950924722222,0.1,141.78880831194445,,
U03809,2024-07-08,organic,desktop,freemium,,,,,2024-07-08,,signup,0,0,,,,,,
U03810,2024-08-09,paid_search,desktop,freemium,2024-08-09 00:06:00.000000,2024-08-09 00:18:00.000000,2024-08-19 02:42:38.822753,2024-08-09 00:12:00.000000,2024-08-09,2024-08-11 22:52:43.159316,paid_conversion,5,1,0.1,0.1,0.1,70.57865536555556,171.8321287325,242.71078409805554
U03811,2024-03-24,organic,desktop,freemium,2024-03-24 00:06:00.000000,,,,2024-03-24,,email_verified,1,0,0.1,,,,,
U03812,2024-06-11,referral,desktop,freemium,2024-06-11 00:06:00.000000,,,,2024-06-11,,email_verified,1,0,0.1,,,,,
U03813,2024-09-03,referral,desktop,freemium,2024-09-03 00:18:40.035683,,,2024-09-03 10:27:57.751667,2024-09-03,,profile_completed,2,0,0.31112102305555556,10.154921106666666,,,,
U03814,2024-06-10,organic,desktop,freemium,,,,,2024-06-10,,signup,0,0,,,,,,
U03815,2024-05-19,paid_search,desktop,free_trial,2024-05-19 00:06:00.000000,2024-05-19 12:24:17.362423,,2024-05-19 12:18:17.362423,2024-05-19,,first_feature_used,3,0,0.1,12.204822895277777,0.1,,,
U03816,2024-01-27,paid_search,desktop,freemium,2024-01-27 04:47:26.229104,,,,2024-01-27,,email_verified,1,0,4.790619195555555,,,,,
U03817,2024-06-13,paid_search,desktop,freemium,2024-06-13 00:06:00.000000,2024-06-16 20:37:54.687794,,2024-06-13 15:31:01.303375,2024-06-13,,first_feature_used,3,0,0.1,15.417028715277779,77.11482900527778,,,
U03818,2024-10-20,paid_search,desktop,freemium,2024-10-20 00:51:56.514263,,,,2024-10-20,,email_verified,1,0,0.8656984063888888,,,,,
U03819,2024-08-16,paid_search,mobile,free_trial,2024-08-16 00:06:00.000000,,,,2024-08-16,,email_verified,1,0,0.1,,,,,
U03820,2024-11-21,paid_search,desktop,free_trial,2024-11-21 00:41:42.141964,,,2024-11-21 00:47:42.141964,2024-11-21,,profile_completed,2,0,0.6950394344444444,0.1,,,,
U03821,2024-02-16,organic,desktop,freemium,2024-02-16 03:37:09.315324,,,,2024-02-16,,email_verified,1,0,3.6192542566666663,,,,,
U03822,2024-01-05,organic,desktop,freemium,2024-01-05 00:06:00.000000,,,2024-01-05 00:12:00.000000,2024-01-05,,profile_completed,2,0,0.1,0.1,,,,
U03823,2024-07-19,referral,desktop,free_trial,2024-07-19 01:09:51.765271,2024-07-21 06:17:57.242536,,2024-07-19 04:19:38.571064,2024-07-19,2024-07-21 06:23:57.242536,team_invited,4,0,1.1643792419444445,3.1630016091666664,49.971853186666664,0.1,,
U03824,2024-03-06,organic,mobile,freemium,,,,,2024-03-06,,signup,0,0,,,,,,
U03825,2024-08-04,paid_search,desktop,free_trial,,,,,2024-08-04,,signup,0,0,,,,,,
U03826,2024-11-25,organic,desktop,free_trial,,,,,2024-11-25,,signup,0,0,,,,,,
U03827,2024-05-03,referral,mobile,freemium,,,,,2024-05-03,,signup,0,0,,,,,,
U03828,2024-07-19,paid_search,desktop,freemium,2024-07-19 03:08:25.232139,,,,2024-07-19,,email_verified,1,0,3.140342260833333,,,,,
U03829,2024-09-05,organic,mobile,free_trial,,,,,2024-09-05,,signup,0,0,,,,,,
U03830,2024-02-24,organic,tablet,free_trial,2024-02-24 00:06:00.000000,,,2024-02-24 08:27:28.035417,2024-02-24,,profile_completed,2,0,0.1,8.357787615833333,,,,
U03831,2024-11-23,organic,mobile,free_trial,2024-11-23 00:06:00.000000,,,2024-11-23 12:27:26.964356,2024-11-23,,profile_completed,2,0,0.1,12.357490098888888,,,,
U03832,2024-03-15,referral,tablet,freemium,2024-03-15 00:06:00.000000,,,,2024-03-15,,email_verified,1,0,0.1,,,,,
U03833,2024-10-22,paid_search,desktop,freemium,2024-10-22 00:09:32.325587,2024-10-22 00:21:32.325587,,2024-10-22 00:15:32.325587,2024-10-22,,first_feature_used,3,0,0.15897932972222223,0.1,0.1,,,
U03834,2024-08-28,paid_search,desktop,freemium,2024-08-28 00:06:00.000000,,,,2024-08-28,,email_verified,1,0,0.1,,,,,
U03835,2024-02-21,paid_search,desktop,freemium,2024-02-21 00:36:55.108660,,,,2024-02-21,,email_verified,1,0,0.6153079611111111,,,,,
U03836,2024-09-21,organic,desktop,free_trial,2024-09-21 00:06:00.000000,2024-09-21 00:18:00.000000,,2024-09-21 00:12:00.000000,2024-09-21,,first_feature_used,3,0,0.1,0.1,0.1,,,
U03837,2024-03-12,organic,desktop,free_trial,,,,,2024-03-12,,signup,0,0,,,,,,
U03838,2024-08-06,organic,desktop,freemium,,,,,2024-08-06,,signup,0,0,,,,,,
U03839,2024-12-16,organic,desktop,free_trial,2024-12-16 00:06:00.000000,,,2024-12-16 00:12:00.000000,2024-12-16,,profile_completed,2,0,0.1,0.1,,,,
U03840,2024-12-13,paid_search,desktop,free_trial,2024-12-13 00:21:46.900401,2024-12-13 00:33:46.900401,,2024-12-13 00:27:46.900401,2024-12-13,2024-12-17 07:31:33.972283,team_invited,4,0,0.3630278891666667,0.1,0.1,102.96307552277779,,
U03841,2024-11-14,referral,mobile,free_trial,2024-11-14 00:06:00.000000,,,,2024-11-14,,email_verified,1,0,0.1,,,,,
U03842,2024-06-29,referral,desktop,freemium,2024-06-29 00:06:00.000000,,,2024-06-29 00:12:00.000000,2024-06-29,,profile_completed,2,0,0.1,0.1,,,,
U03843,2024-07-23,referral,desktop,free_trial,2024-07-23 00:06:00.000000,2024-07-26 23:15:33.600644,2024-08-08 05:35:12.746093,2024-07-23 07:03:56.298668,2024-07-23,2024-07-31 09:26:29.204190,paid_conversion,5,1,0.1,6.9656385188888885,88.19369499333334,106.18211209611111,188.14542830638888,389.5868739147222
U03844,2024-04-19,paid_search,desktop,free_trial,2024-04-19 01:52:55.516072,2024-04-19 02:04:55.516072,,2024-04-19 01:58:55.516072,2024-04-19,2024-04-23 21:50:35.227965,team_invited,4,0,1.882087797777778,0.1,0.1,115.7610310813889,,
U03845,2024-12-02,organic,mobile,freemium,2024-12-02 00:07:32.414474,,,,2024-12-02,,email_verified,1,0,0.12567068722222222,,,,,
U03846,2024-06-23,paid_search,desktop,free_trial,2024-06-23 03:38:47.471863,2024-06-24 15:13:52.623965,,2024-06-23 03:44:47.471863,2024-06-23,,first_feature_used,3,0,3.6465199619444446,0.1,35.484764472777776,,,
U03847,2024-10-08,referral,mobile,free_trial,2024-10-08 00:06:00.000000,,,,2024-10-08,,email_verified,1,0,0.1,,,,,
U03848,2024-05-11,paid_search,desktop,freemium,2024-05-11 03:03:32.388113,,,,2024-05-11,,email_verified,1,0,3.0589966980555556,,,,,
U03849,2024-09-27,paid_search,desktop,freemium,2024-09-27 04:52:06.929638,,,,2024-09-27,,email_verified,1,0,4.868591566111111,,,,,
U03850,2024-03-22,paid_search,tablet,free_trial,2024-03-22 00:06:00.000000,,,2024-03-22 01:53:06.114627,2024-03-22,,profile_completed,2,0,0.1,1.7850318408333332,,,,
U03851,2024-09-24,paid_search,desktop,free_trial,2024-09-24 00:06:00.000000,,,2024-09-24 03:28:21.270463,2024-09-24,,profile_completed,2,0,0.1,3.3725751286111114,,,,
U03852,2024-01-17,referral,desktop,free_trial,2024-01-17 00:07:34.302618,2024-01-17 18:16:46.985316,,2024-01-17 18:10:46.985316,2024-01-17,2024-01-20 03:20:50.435801,team_invited,4,0,0.12619517166666666,18.053522971666666,0.1,57.06762513472223,,
U03853,2024-02-08,paid_search,desktop,free_trial,2024-02-08 00:06:00.000000,2024-02-08 04:45:40.753734,2024-02-18 00:38:53.475167,2024-02-08 04:39:40.753734,2024-02-08,2024-02-09 01:20:25.911072,paid_conversion,5,1,0.1,4.561320481666667,0.1,20.57921037166667,215.30765669305558,240.64818754638887
U03854,2024-05-08,organic,desktop,freemium,,,,,2024-05-08,,signup,0,0,,,,,,
U03855,2024-06-24,organic,desktop,freemium,,,,,2024-06-24,,signup,0,0,,,,,,
U03856,2024-09-16,paid_search,desktop,free_trial,2024-09-16 00:34:37.954486,2024-09-16 00:46:37.954486,,2024-09-16 00:40:37.954486,2024-09-16,,first_feature_used,3,0,0.5772095794444445,0.1,0.1,,,
U03857,2024-05-11,organic,desktop,freemium,2024-05-11 01:17:51.468328,,,2024-05-11 01:23:51.468328,2024-05-11,,profile_completed,2,0,1.2976300911111112,0.1,,,,
U03858,2024-01-07,referral,tablet,free_trial,,,,,2024-01-07,,signup,0,0,,,,,,
U03859,2024-04-28,paid_search,desktop,free_trial,2024-04-28 00:06:00.000000,,,2024-04-29 08:17:50.915571,2024-04-28,,profile_completed,2,0,0.1,32.1974765475,,,,
U03860,2024-06-09,paid_search,desktop,freemium,2024-06-09 03:54:02.771919,2024-06-09 04:06:02.771919,,2024-06-09 04:00:02.771919,2024-06-09,2024-06-14 16:22:43.568023,team_invited,4,0,3.9007699775,0.1,0.1,132.27799891777778,,
U03861,2024-07-17,organic,mobile,free_trial,,,,,2024-07-17,,signup,0,0,,,,,,
U03862,2024-08-23,paid_search,desktop,free_trial,2024-08-23 01:52:19.845949,2024-08-24 16:07:52.587430,,2024-08-23 19:13:38.013838,2024-08-23,,first_feature_used,3,0,1.8721794302777777,17.355046635833332,20.90404822,,,
U03863,2024-03-31,paid_search,mobile,freemium,2024-03-31 00:06:00.000000,,,2024-03-31 00:12:00.000000,2024-03-31,,profile_completed,2,0,0.1,0.1,,,,
U03864,2024-08-10,organic,desktop,free_trial,2024-08-10 00:51:24.156461,2024-08-12 13:20:33.487859,,2024-08-10 08:53:51.004427,2024-08-10,,first_feature_used,3,0,0.8567101280555556,8.040791101666667,52.44513428666667,,,
U03865,2024-08-18,referral,mobile,free_trial,2024-08-18 00:06:00.000000,,,2024-08-18 12:19:45.414348,2024-08-18,,profile_completed,2,0,0.1,12.229281763333333,,,,
U03866,2024-10-10,organic,tablet,free_trial,2024-10-10 00:06:00.000000,,,2024-10-11 01:53:58.222671,2024-10-10,,profile_completed,2,0,0.1,25.7995062975,,,,
U03867,2024-07-09,organic,desktop,free_trial,2024-07-09 00:09:31.737939,,,,2024-07-09,,email_verified,1,0,0.15881609416666667,,,,,
U03868,2024-10-22,organic,mobile,free_trial,,,,,2024-10-22,,signup,0,0,,,,,,
U03869,2024-03-21,paid_search,mobile,free_trial,2024-03-21 02:34:06.466532,2024-03-21 10:31:18.913409,,2024-03-21 05:23:25.142105,2024-03-21,,first_feature_used,3,0,2.5684629255555556,2.8218543258333333,5.13160314,,,
U03870,2024-09-16,paid_search,mobile,free_trial,,,,,2024-09-16,,signup,0,0,,,,,,
U03871,2024-01-17,referral,desktop,free_trial,2024-01-17 02:59:59.440322,,,,2024-01-17,,email_verified,1,0,2.999844533888889,,,,,
U03872,2024-02-07,organic,desktop,freemium,2024-02-07 01:56:43.264555,,,2024-02-07 15:25:49.791715,2024-02-07,,profile_completed,2,0,1.9453512652777778,13.485146433333332,,,,
U03873,2024-11-11,referral,desktop,freemium,2024-11-11 03:16:00.812349,,,2024-11-11 03:22:00.812349,2024-11-11,,profile_completed,2,0,3.266892319166667,0.1,,,,
U03874,2024-06-22,paid_search,tablet,freemium,,,,,2024-06-22,,signup,0,0,,,,,,
U03875,2024-08-14,organic,desktop,freemium,2024-08-14 02:47:41.676882,,,,2024-08-14,,email_verified,1,0,2.794910245,,,,,
U03876,2024-08-08,organic,desktop,freemium,,,,,2024-08-08,,signup,0,0,,,,,,
U03877,2024-09-10,organic,mobile,free_trial,,,,,2024-09-10,,signup,0,0,,,,,,
U03878,2024-03-30,referral,desktop,free_trial,2024-03-30 03:25:18.021082,,,2024-03-30 06:40:46.964817,2024-03-30,,profile_completed,2,0,3.4216725227777776,3.2580399263888893,,,,
U03879,2024-03-06,organic,desktop,free_trial,2024-03-06 03:36:26.945537,,,2024-03-07 02:33:10.434175,2024-03-06,,profile_completed,2,0,3.607484871388889,22.945413510555554,,,,
U03880,2024-01-16,paid_search,desktop,free_trial,2024-01-16 05:32:34.052873,2024-01-19 13:08:06.370432,2024-01-26 08:54:26.757163,2024-01-16 08:15:28.787250,2024-01-16,2024-01-22 16:09:36.939826,paid_conversion,5,1,5.542792464722222,2.7152039936111114,76.87710643944443,75.025158165,88.7471714825,248.90743254527777
U03881,2024-11-11,paid_search,mobile,freemium,2024-11-11 00:06:00.000000,,,,2024-11-11,,email_verified,1,0,0.1,,,,,
U03882,2024-03-22,referral,desktop,free_trial,2024-03-22 00:06:00.000000,2024-03-22 06:16:39.865829,,2024-03-22 01:01:18.417577,2024-03-22,,first_feature_used,3,0,0.1,0.9217826602777778,5.255957847777777,,,
U03883,2024-07-28,paid_search,desktop,freemium,2024-07-28 01:48:06.324849,,,2024-07-29 06:25:18.329060,2024-07-28,,profile_completed,2,0,1.8017569025,28.620001169722226,,,,
U03884,2024-06-15,paid_search,desktop,free_trial,2024-06-15 05:01:26.882370,2024-06-18 16:02:16.396571,,2024-06-15 05:07:26.882370,2024-06-15,,first_feature_used,3,0,5.024133991666666,0.1,82.91375394472222,,,
U03885,2024-02-29,organic,desktop,free_trial,2024-02-29 00:06:00.000000,2024-02-29 00:18:00.000000,,2024-02-29 00:12:00.000000,2024-02-29,,first_feature_used,3,0,0.1,0.1,0.1,,,
U03886,2024-05-31,referral,desktop,free_trial,2024-05-31 02:56:22.951349,2024-06-03 07:37:29.096177,,2024-05-31 06:58:36.522636,2024-05-31,,first_feature_used,3,0,2.939708708055556,4.0371031352777775,72.64793709472222,,,
U03887,2024-01-31,organic,desktop,free_trial,2024-01-31 04:33:23.653939,,,2024-01-31 11:19:31.515040,2024-01-31,,profile_completed,2,0,4.556570538611111,6.768850305833333,,,,
U03888,2024-03-05,organic,mobile,free_trial,,,,,2024-03-05,,signup,0,0,,,,,,
U03889,2024-02-20,referral,desktop,freemium,2024-02-20 01:02:18.769591,,,2024-02-20 01:46:32.405908,2024-02-20,,profile_completed,2,0,1.038547108611111,0.7371211991666666,,,,
U03890,2024-10-27,organic,desktop,free_trial,2024-10-27 00:54:43.156801,,,,2024-10-27,,email_verified,1,0,0.9119880002777778,,,,,
U03891,2024-07-26,organic,desktop,freemium,,,,,2024-07-26,,signup,0,0,,,,,,
U03892,2024-12-03,paid_search,desktop,freemium,,,,,2024-12-03,,signup,0,0,,,,,,
U03893,2024-06-08,organic,mobile,free_trial,,,,,2024-06-08,,signup,0,0,,,,,,
U03894,2024-03-14,organic,desktop,freemium,,,,,2024-03-14,,signup,0,0,,,,,,
U03895,2024-08-10,paid_search,mobile,free_trial,,,,,2024-08-10,,signup,0,0,,,,,,
U03896,2024-12-05,paid_search,mobile,free_trial,2024-12-05 02:55:04.293387,2024-12-06 12:26:02.961581,,2024-12-05 07:21:21.647138,2024-12-05,,first_feature_used,3,0,2.9178592741666667,4.438153819722222,29.07814290083333,,,
U03897,2024-07-13,paid_search,mobile,free_trial,2024-07-13 00:06:00.000000,2024-07-13 01:12:54.292137,,2024-07-13 01:06:54.292137,2024-07-13,,first_feature_used,3,0,0.1,1.0150811491666667,0.1,,,
U03898,2024-01-07,organic,mobile,freemium,2024-01-07 00:06:00.000000,,,,2024-01-07,,email_verified,1,0,0.1,,,,,
U03899,2024-04-20,paid_search,desktop,free_trial,2024-04-20 00:18:27.304825,,,,2024-04-20,,email_verified,1,0,0.3075846736111111,,,,,
U03900,2024-12-03,referral,tablet,freemium,2024-12-03 00:24:46.465420,,,2024-12-03 00:30:46.465420,2024-12-03,,profile_completed,2,0,0.4129070611111111,0.1,,,,
U03901,2024-07-08,organic,mobile,freemium,,,,,2024-07-08,,signup,0,0,,,,,,
U03902,2024-12-13,organic,desktop,free_trial,2024-12-13 00:06:00.000000,,,,2024-12-13,,email_verified,1,0,0.1,,,,,
U03903,2024-07-04,organic,desktop,freemium,2024-07-04 00:06:00.000000,,,,2024-07-04,,email_verified,1,0,0.1,,,,,
U03904,2024-01-05,paid_search,desktop,freemium,2024-01-05 01:16:30.656699,,,2024-01-05 16:35:16.484092,2024-01-05,,profile_completed,2,0,1.275182416388889,15.31272983138889,,,,
U03905,2024-11-14,organic,mobile,free_trial,2024-11-14 00:06:00.000000,,,,2024-11-14,,email_verified,1,0,0.1,,,,,
U03906,2024-10-05,paid_search,desktop,free_trial,2024-10-05 00:24:24.463458,2024-10-05 02:30:22.074035,,2024-10-05 02:24:22.074035,2024-10-05,,first_feature_used,3,0,0.406795405,1.999336271388889,0.1,,,
U03907,2024-09-18,referral,mobile,free_trial,2024-09-18 00:06:00.000000,,,2024-09-18 04:23:01.449257,2024-09-18,,profile_completed,2,0,0.1,4.2837359047222225,,,,
U03908,2024-12-20,organic,desktop,free_trial,,,,,2024-12-20,,signup,0,0,,,,,,
U03909,2024-03-12,paid_search,desktop,freemium,2024-03-12 02:34:16.913845,,,2024-03-12 02:40:16.913845,2024-03-12,,profile_completed,2,0,2.571364956944444,0.1,,,,
U03910,2024-11-26,organic,desktop,free_trial,2024-11-26 00:06:00.000000,2024-11-29 04:04:43.641826,,2024-11-26 18:20:12.693487,2024-11-26,,first_feature_used,3,0,0.1,18.236859301944442,57.74193009416666,,,
U03911,2024-03-25,organic,desktop,free_trial,2024-03-25 00:06:00.000000,,,,2024-03-25,,email_verified,1,0,0.1,,,,,
U03912,2024-12-20,paid_search,desktop,freemium,,,,,2024-12-20,,signup,0,0,,,,,,
U03913,2024-03-10,organic,mobile,freemium,,,,,2024-03-10,,signup,0,0,,,,,,
U03914,2024-07-19,referral,desktop,freemium,2024-07-19 00:06:00.000000,,,,2024-07-19,,email_verified,1,0,0.1,,,,,
U03915,2024-10-15,paid_search,tablet,free_trial,2024-10-15 00:06:00.000000,,,,2024-10-15,,email_verified,1,0,0.1,,,,,
U03916,2024-01-29,organic,mobile,freemium,2024-01-29 00:06:00.000000,2024-01-29 20:50:33.364942,,2024-01-29 06:33:39.378028,2024-01-29,2024-01-29 20:56:33.364942,team_invited,4,0,0.1,6.4609383411111105,14.281663031666668,0.1,,
U03917,2024-01-25,organic,mobile,free_trial,,,,,2024-01-25,,signup,0,0,,,,,,
U03918,2024-11-06,organic,desktop,freemium,,,,,2024-11-06,,signup,0,0,,,,,,
U03919,2024-01-23,referral,mobile,free_trial,,,,,2024-01-23,,signup,0,0,,,,,,
U03920,2024-08-12,paid_search,tablet,free_trial,2024-08-12 02:04:45.328504,2024-08-12 05:40:22.089654,,2024-08-12 05:34:22.089654,2024-08-12,2024-08-15 02:41:22.335286,team_invited,4,0,2.079257917777778,3.493544763888889,0.1,69.01673489777778,,
U03921,2024-12-08,organic,mobile,freemium,2024-12-08 02:09:28.641088,,,2024-12-08 02:15:28.641088,2024-12-08,,profile_completed,2,0,2.157955857777778,0.1,,,,
U03922,2024-08-12,paid_search,desktop,freemium,2024-08-12 00:06:00.000000,,,,2024-08-12,,email_verified,1,0,0.1,,,,,
U03923,2024-06-24,paid_search,mobile,freemium,2024-06-24 03:10:14.216215,2024-06-25 16:47:09.636452,,2024-06-24 05:23:10.867936,2024-06-24,,first_feature_used,3,0,3.170615615277778,2.2157365891666667,35.39965792111111,,,
U03924,2024-06-01,paid_search,desktop,free_trial,2024-06-01 00:06:00.000000,,,2024-06-01 00:12:00.000000,2024-06-01,,profile_completed,2,0,0.1,0.1,,,,
U03925,2024-08-20,organic,desktop,freemium,2024-08-20 00:24:18.241631,,,2024-08-20 23:57:02.166270,2024-08-20,,profile_completed,2,0,0.40506711972222226,23.545534621944444,,,,
U03926,2024-07-27,organic,mobile,free_trial,,,,,2024-07-27,,signup,0,0,,,,,,
U03927,2024-07-02,organic,mobile,free_trial,2024-07-02 02:34:03.856579,,,,2024-07-02,,email_verified,1,0,2.5677379386111108,,,,,
U03928,2024-02-26,organic,desktop,free_trial,2024-02-26 00:06:00.000000,,,2024-02-26 01:35:16.576183,2024-02-26,,profile_completed,2,0,0.1,1.4879378286111111,,,,
U03929,2024-08-29,paid_search,desktop,free_trial,2024-08-29 01:23:52.077182,,,2024-08-29 01:29:52.077182,2024-08-29,,profile_completed,2,0,1.3977992172222222,0.1,,,,
U03930,2024-09-27,organic,mobile,free_trial,,,,,2024-09-27,,signup,0,0,,,,,,
U03931,2024-09-15,organic,desktop,freemium,2024-09-15 00:06:00.000000,,,,2024-09-15,,email_verified,1,0,0.1,,,,,
U03932,2024-01-28,organic,desktop,free_trial,2024-01-28 00:06:00.000000,2024-01-29 12:42:23.964450,,2024-01-28 17:13:13.796736,2024-01-28,,first_feature_used,3,0,0.1,17.120499093333333,19.486157698333333,,,
U03933,2024-09-13,organic,mobile,freemium,,,,,2024-09-13,,signup,0,0,,,,,,
U03934,2024-09-23,referral,mobile,freemium,2024-09-23 02:08:39.870928,,,,2024-09-23,,email_verified,1,0,2.144408591111111,,,,,
U03935,2024-03-07,paid_search,desktop,free_trial,2024-03-07 02:19:59.246876,2024-03-09 04:53:56.054451,2024-03-22 12:11:38.262498,2024-03-07 13:08:58.496155,2024-03-07,2024-03-16 03:05:21.986809,paid_conversion,5,1,2.333124132222222,10.816458133055557,39.74932174888889,166.1905367661111,153.10452102472223,372.19396180499996
U03936,2024-11-05,organic,desktop,freemium,2024-11-05 03:16:05.599238,2024-11-05 14:08:43.338394,,2024-11-05 03:22:05.599238,2024-11-05,2024-11-09 18:09:53.887996,team_invited,4,0,3.2682220105555557,0.1,10.777149765555556,100.01959711166666,,
U03937,2024-07-10,paid_search,desktop,free_trial,2024-07-10 00:06:00.000000,2024-07-11 23:23:41.676202,,2024-07-10 02:39:50.300244,2024-07-10,,first_feature_used,3,0,0.1,2.56397229,44.73093776611111,,,
U03938,2024-06-21,organic,desktop,freemium,,,,,2024-06-21,,signup,0,0,,,,,,
U03939,2024-09-20,referral,mobile,free_trial,2024-09-20 00:06:00.000000,2024-09-23 03:55:46.735855,,2024-09-20 04:55:17.960944,2024-09-20,,first_feature_used,3,0,0.1,4.821655817777778,71.00799303083333,,,
U03940,2024-07-05,paid_search,mobile,free_trial,2024-07-05 00:06:00.000000,,,,2024-07-05,,email_verified,1,0,0.1,,,,,
U03941,2024-07-17,paid_search,desktop,free_trial,2024-07-17 01:31:14.956460,,,2024-07-18 07:46:21.469772,2024-07-17,,profile_completed,2,0,1.5208212388888889,30.25180925333333,,,,
U03942,2024-04-23,referral,desktop,freemium,2024-04-23 00:56:33.988280,,,,2024-04-23,,email_verified,1,0,0.9427745222222222,,,,,
U03943,2024-12-04,referral,desktop,free_trial,2024-12-04 02:16:17.767594,,,2024-12-04 02:22:17.767594,2024-12-04,,profile_completed,2,0,2.2716021094444443,0.1,,,,
U03944,2024-12-19,referral,desktop,freemium,2024-12-19 01:51:13.397116,,,2024-12-19 02:14:17.442013,2024-12-19,,profile_completed,2,0,1.853721421111111,0.38445691583333336,,,,
U03945,2024-02-17,organic,desktop,free_trial,2024-02-17 02:21:11.062592,2024-02-17 14:02:24.211087,,2024-02-17 02:27:11.062592,2024-02-17,2024-02-22 16:29:32.544800,team_invited,4,0,2.353072942222222,0.1,11.586985693055556,122.45231492027777,,
U03946,2024-09-24,organic,desktop,freemium,,,,,2024-09-24,,signup,0,0,,,,,,
U03947,2024-01-09,paid_search,mobile,free_trial,,,,,2024-01-09,,signup,0,0,,,,,,
U03948,2024-05-14,paid_search,desktop,free_trial,2024-05-14 00:06:00.000000,2024-05-14 03:47:01.046795,,2024-05-14 00:12:00.000000,2024-05-14,,first_feature_used,3,0,0.1,0.1,3.5836241097222223,,,
U03949,2024-12-20,paid_search,mobile,free_trial,2024-12-20 00:06:00.000000,,,,2024-12-20,,email_verified,1,0,0.1,,,,,
U03950,2024-03-04,paid_search,desktop,free_trial,2024-03-04 00:06:00.000000,2024-03-04 00:18:00.000000,,2024-03-04 00:12:00.000000,2024-03-04,2024-03-11 23:21:13.434478,team_invited,4,0,0.1,0.1,0.1,191.05373179944445,,
U03951,2024-05-17,organic,mobile,freemium,2024-05-17 00:06:00.000000,,,,2024-05-17,,email_verified,1,0,0.1,,,,,
U03952,2024-03-21,organic,tablet,freemium,2024-03-21 02:15:22.790583,,,2024-03-21 02:21:22.790583,2024-03-21,,profile_completed,2,0,2.2563307175,0.1,,,,
U03953,2024-09-22,paid_search,desktop,free_trial,2024-09-22 03:15:10.064975,2024-09-25 15:45:16.630247,,2024-09-22 03:21:10.064975,2024-09-22,,first_feature_used,3,0,3.2527958263888888,0.1,84.40182368666666,,,
U03954,2024-06-18,organic,desktop,free_trial,2024-06-18 00:28:26.590009,,,2024-06-18 00:34:26.590009,2024-06-18,,profile_completed,2,0,0.4740527802777778,0.1,,,,
U03955,2024-08-04,paid_search,mobile,free_trial,2024-08-04 00:06:00.000000,,,2024-08-04 07:45:11.784540,2024-08-04,,profile_completed,2,0,0.1,7.653273483333334,,,,
U03956,2024-12-10,paid_search,desktop,freemium,2024-12-10 00:26:44.656965,,,2024-12-10 00:32:44.656965,2024-12-10,,profile_completed,2,0,0.4457380458333333,0.1,,,,
U03957,2024-07-09,paid_search,desktop,freemium,2024-07-09 04:09:36.368733,,,2024-07-09 04:15:36.368733,2024-07-09,,profile_completed,2,0,4.160102425833333,0.1,,,,
U03958,2024-09-24,paid_search,desktop,freemium,2024-09-24 00:06:00.000000,,,2024-09-24 01:16:39.478511,2024-09-24,,profile_completed,2,0,0.1,1.1776329197222224,,,,
U03959,2024-02-05,paid_search,mobile,freemium,2024-02-05 00:13:11.854653,,,,2024-02-05,,email_verified,1,0,0.21995962583333334,,,,,
U03960,2024-03-19,paid_search,desktop,free_trial,2024-03-19 01:19:44.692286,2024-03-19 01:31:44.692286,,2024-03-19 01:25:44.692286,2024-03-19,2024-03-25 19:36:34.085146,team_invited,4,0,1.3290811905555557,0.1,0.1,162.08038690555557,,
U03961,2024-12-11,organic,desktop,free_trial,2024-12-11 00:06:00.000000,,,,2024-12-11,,email_verified,1,0,0.1,,,,,
U03962,2024-11-09,paid_search,desktop,freemium,2024-11-09 01:50:29.619385,,,,2024-11-09,,email_verified,1,0,1.8415609402777777,,,,,
U03963,2024-08-27,paid_search,mobile,free_trial,,,,,2024-08-27,,signup,0,0,,,,,,
U03964,2024-05-18,organic,desktop,free_trial,2024-05-18 00:06:00.000000,,,,2024-05-18,,email_verified,1,0,0.1,,,,,
U03965,2024-03-13,paid_search,mobile,free_trial,,,,,2024-03-13,,signup,0,0,,,,,,
U03966,2024-11-06,referral,mobile,freemium,2024-11-06 00:06:00.000000,,,,2024-11-06,,email_verified,1,0,0.1,,,,,
U03967,2024-10-13,organic,desktop,freemium,2024-10-13 00:06:00.000000,,,,2024-10-13,,email_verified,1,0,0.1,,,,,
U03968,2024-03-29,paid_search,desktop,freemium,,,,,2024-03-29,,signup,0,0,,,,,,
U03969,2024-08-03,referral,mobile,free_trial,2024-08-03 00:06:00.000000,,,2024-08-03 05:36:08.748489,2024-08-03,,profile_completed,2,0,0.1,5.502430135833333,,,,
U03970,2024-08-13,referral,mobile,free_trial,2024-08-13 01:37:35.173029,2024-08-14 20:51:49.710351,,2024-08-13 01:43:35.173029,2024-08-13,,first_feature_used,3,0,1.6264369525,0.1,43.13737147833333,,,
U03971,2024-06-23,organic,desktop,free_trial,2024-06-23 00:06:00.000000,,,2024-06-23 17:47:57.848450,2024-06-23,,profile_completed,2,0,0.1,17.69940234722222,,,,
U03972,2024-12-04,paid_search,desktop,freemium,2024-12-04 00:06:00.000000,2024-12-07 20:07:16.292374,,2024-12-04 03:58:19.537841,2024-12-04,2024-12-07 20:13:16.292374,team_invited,4,0,0.1,3.872093844722222,88.14909848138889,0.1,,
U03973,2024-02-15,referral,desktop,free_trial,2024-02-15 00:06:00.000000,,,,2024-02-15,,email_verified,1,0,0.1,,,,,
U03974,2024-04-04,paid_search,desktop,freemium,2024-04-04 00:06:00.000000,2024-04-05 05:55:46.527472,2024-04-18 19:04:10.887932,2024-04-04 00:12:00.000000,2024-04-04,2024-04-10 03:25:11.815902,paid_conversion,5,1,0.1,0.1,29.729590964444444,117.49035789722222,207.64974223055557,355.06969109222223
U03975,2024-02-04,organic,desktop,free_trial,2024-02-04 02:39:45.910709,2024-02-04 21:52:55.438887,,2024-02-04 02:45:45.910709,2024-02-04,2024-02-04 21:58:55.438887,team_invited,4,0,2.6627529747222223,0.1,19.119313382777776,0.1,,
U03976,2024-09-09,organic,desktop,freemium,2024-09-09 01:13:44.920267,,,,2024-09-09,,email_verified,1,0,1.2291445186111112,,,,,
U03977,2024-08-23,paid_search,desktop,freemium,2024-08-23 03:38:42.521375,2024-08-24 19:30:54.368188,,2024-08-23 03:44:42.521375,2024-08-23,,first_feature_used,3,0,3.645144826388889,0.1,39.76995744805556,,,
U03978,2024-12-26,organic,mobile,free_trial,,,,,2024-12-26,,signup,0,0,,,,,,
U03979,2024-07-16,organic,mobile,freemium,,,,,2024-07-16,,signup,0,0,,,,,,
U03980,2024-02-24,organic,mobile,free_trial,,,,,2024-02-24,,signup,0,0,,,,,,
U03981,2024-06-13,paid_search,mobile,freemium,,,,,2024-06-13,,signup,0,0,,,,,,
U03982,2024-02-02,paid_search,mobile,freemium,2024-02-02 00:06:00.000000,,,,2024-02-02,,email_verified,1,0,0.1,,,,,
U03983,2024-09-01,referral,desktop,freemium,2024-09-01 03:32:15.157681,,,,2024-09-01,,email_verified,1,0,3.537543800277778,,,,,
U03984,2024-09-03,paid_search,mobile,free_trial,2024-09-03 01:23:41.544134,,,,2024-09-03,,email_verified,1,0,1.3948733705555554,,,,,
U03985,2024-11-09,referral,desktop,freemium,2024-11-09 01:36:22.215768,,,,2024-11-09,,email_verified,1,0,1.6061710466666668,,,,,
U03986,2024-05-04,referral,desktop,freemium,2024-05-04 04:21:33.273528,,,2024-05-04 04:27:33.273528,2024-05-04,,profile_completed,2,0,4.359242646666667,0.1,,,,
U03987,2024-04-23,organic,tablet,freemium,2024-04-23 02:38:59.581778,,,2024-04-23 13:54:27.887245,2024-04-23,,profile_completed,2,0,2.6498838272222223,11.257862629722222,,,,
U03988,2024-01-27,paid_search,mobile,freemium,,,,,2024-01-27,,signup,0,0,,,,,,
U03989,2024-05-31,organic,desktop,free_trial,2024-05-31 02:55:19.806604,2024-06-03 07:30:01.488424,,2024-05-31 03:01:19.806604,2024-05-31,2024-06-16 20:10:41.200134,team_invited,4,0,2.922168501111111,0.1,76.47824495,324.6776976972222,,
U03990,2024-06-22,referral,mobile,free_trial,2024-06-22 00:06:00.000000,2024-06-24 13:58:32.282984,,2024-06-22 06:32:29.589106,2024-06-22,2024-07-01 07:49:15.811611,team_invited,4,0,0.1,6.4415525294444445,55.434081632777776,161.84542461861113,,
U03991,2024-10-02,organic,desktop,free_trial,,,,,2024-10-02,,signup,0,0,,,,,,
U03992,2024-10-02,paid_search,desktop,free_trial,2024-10-02 00:06:00.000000,,,2024-10-02 00:12:00.000000,2024-10-02,,profile_completed,2,0,0.1,0.1,,,,
U03993,2024-02-21,referral,desktop,free_trial,2024-02-21 01:12:21.363317,2024-02-21 01:24:21.363317,,2024-02-21 01:18:21.363317,2024-02-21,2024-02-28 20:20:10.366232,team_invited,4,0,1.2059342547222223,0.1,0.1,186.9302785875,,
U03994,2024-04-14,organic,desktop,freemium,2024-04-14 00:06:00.000000,,,,2024-04-14,,email_verified,1,0,0.1,,,,,
U03995,2024-07-05,referral,mobile,free_trial,2024-07-05 01:57:25.882267,2024-07-05 16:18:22.113801,,2024-07-05 08:33:27.114539,2024-07-05,,first_feature_used,3,0,1.957189518611111,6.600342297777778,7.748610906111112,,,
U03996,2024-05-02,organic,desktop,free_trial,2024-05-02 01:31:06.574952,2024-05-05 05:42:03.957649,,2024-05-02 04:26:19.258210,2024-05-02,2024-05-07 03:08:59.049232,team_invited,4,0,1.5184930422222223,2.9201897938888886,73.26241651083333,45.448636550833335,,
U03997,2024-01-10,organic,desktop,freemium,,,,,2024-01-10,,signup,0,0,,,,,,
U03998,2024-11-04,paid_search,tablet,freemium,2024-11-04 00:24:38.690345,,,2024-11-04 00:30:38.690345,2024-11-04,,profile_completed,2,0,0.41074731805555553,0.1,,,,
U03999,2024-09-23,organic,desktop,freemium,2024-09-23 03:44:15.160759,,,,2024-09-23,,email_verified,1,0,3.737544655277778,,,,,
U04000,2024-07-08,paid_search,desktop,free_trial,2024-07-08 00:20:46.857269,2024-07-09 04:33:20.739722,,2024-07-09 04:27:20.739722,2024-07-08,2024-07-16 02:59:12.647977,team_invited,4,0,0.3463492413888889,28.109411792499998,0.1,166.4310856263889,,
U04001,2024-04-25,referral,desktop,freemium,2024-04-25 00:50:55.981335,,,,2024-04-25,,email_verified,1,0,0.8488837041666667,,,,,
U04002,2024-11-03,organic,desktop,free_trial,2024-11-03 01:20:43.657439,,,2024-11-03 01:26:43.657439,2024-11-03,,profile_completed,2,0,1.345460399722222,0.1,,,,
U04003,2024-01-13,paid_search,desktop,free_trial,2024-01-13 00:06:00.000000,,,2024-01-13 00:12:00.000000,2024-01-13,,profile_completed,2,0,0.1,0.1,,,,
U04004,2024-06-11,referral,mobile,freemium,2024-06-11 00:59:57.193770,,,2024-06-11 01:05:57.193770,2024-06-11,,profile_completed,2,0,0.9992204916666666,0.1,,,,
U04005,2024-10-19,paid_search,mobile,free_trial,2024-10-19 01:10:41.058599,,,2024-10-19 10:06:28.425023,2024-10-19,,profile_completed,2,0,1.1780718330555555,8.929824006666667,,,,
U04006,2024-12-13,organic,desktop,freemium,2024-12-13 00:06:00.000000,,,,2024-12-13,,email_verified,1,0,0.1,,,,,
U04007,2024-04-01,referral,desktop,free_trial,2024-04-01 00:41:35.536216,2024-04-01 06:46:44.887539,,2024-04-01 00:47:35.536216,2024-04-01,,first_feature_used,3,0,0.6932045044444445,0.1,5.985930923055555,,,
U04008,2024-08-25,organic,desktop,free_trial,2024-08-25 01:44:51.334779,,,,2024-08-25,,email_verified,1,0,1.7475929941666666,,,,,
U04009,2024-03-10,paid_search,mobile,free_trial,2024-03-10 01:32:47.642572,2024-03-12 03:48:42.236414,,2024-03-10 11:00:48.642836,2024-03-10,,first_feature_used,3,0,1.5465673811111111,9.466944517777778,40.79822043833333,,,
U04010,2024-02-12,paid_search,desktop,free_trial,2024-02-12 00:06:00.000000,2024-02-12 16:55:40.735429,,2024-02-12 16:49:40.735429,2024-02-12,,first_feature_used,3,0,0.1,16.727982063611112,0.1,,,
U04011,2024-05-08,paid_search,desktop,free_trial,2024-05-08 00:06:00.000000,,,2024-05-08 08:10:35.689583,2024-05-08,,profile_completed,2,0,0.1,8.076580439722221,,,,
U04012,2024-11-19,organic,tablet,free_trial,2024-11-19 00:06:00.000000,,,2024-11-19 00:12:00.000000,2024-11-19,,profile_completed,2,0,0.1,0.1,,,,
U04013,2024-09-08,organic,desktop,free_trial,2024-09-08 00:06:00.000000,,,2024-09-08 00:12:00.000000,2024-09-08,,profile_completed,2,0,0.1,0.1,,,,
U04014,2024-06-27,paid_search,desktop,freemium,,,,,2024-06-27,,signup,0,0,,,,,,
U04015,2024-04-13,organic,desktop,free_trial,2024-04-13 00:06:00.000000,,,2024-04-13 21:27:13.250753,2024-04-13,,profile_completed,2,0,0.1,21.353680764722224,,,,
U04016,2024-02-21,paid_search,desktop,freemium,,,,,2024-02-21,,signup,0,0,,,,,,
U04017,2024-04-08,paid_search,tablet,freemium,2024-04-08 00:06:00.000000,,,,2024-04-08,,email_verified,1,0,0.1,,,,,
U04018,2024-02-25,paid_search,desktop,free_trial,2024-02-25 00:06:00.000000,2024-02-27 14:38:48.030189,,2024-02-25 00:12:00.000000,2024-02-25,,first_feature_used,3,0,0.1,0.1,62.446675052500005,,,
U04019,2024-03-09,organic,desktop,free_trial,2024-03-09 00:06:00.000000,2024-03-11 13:00:58.152383,,2024-03-09 10:19:18.328290,2024-03-09,,first_feature_used,3,0,0.1,10.221757858333334,50.69439558138889,,,
U04020,2024-09-07,organic,desktop,freemium,,,,,2024-09-07,,signup,0,0,,,,,,
U04021,2024-02-18,referral,desktop,freemium,2024-02-18 00:06:00.000000,,,,2024-02-18,,email_verified,1,0,0.1,,,,,
U04022,2024-01-18,organic,desktop,free_trial,2024-01-18 01:24:14.708945,,,2024-01-18 01:30:14.708945,2024-01-18,,profile_completed,2,0,1.4040858180555555,0.1,,,,
U04023,2024-07-16,organic,mobile,freemium,,,,,2024-07-16,,signup,0,0,,,,,,
U04024,2024-04-14,organic,desktop,free_trial,2024-04-14 02:37:25.264476,,,,2024-04-14,,email_verified,1,0,2.6236845766666668,,,,,
U04025,2024-06-14,organic,mobile,free_trial,2024-06-14 00:06:00.000000,,,2024-06-14 00:12:00.000000,2024-06-14,,profile_completed,2,0,0.1,0.1,,,,
U04026,2024-02-21,referral,mobile,free_trial,2024-02-21 00:06:00.000000,,,2024-02-21 00:12:00.000000,2024-02-21,,profile_completed,2,0,0.1,0.1,,,,
U04027,2024-03-17,organic,desktop,free_trial,2024-03-17 00:08:53.573886,,,2024-03-17 00:14:53.573886,2024-03-17,,profile_completed,2,0,0.14821496833333334,0.1,,,,
U04028,2024-06-09,organic,mobile,free_trial,2024-06-09 04:35:11.624107,,,2024-06-10 01:14:59.437021,2024-06-09,,profile_completed,2,0,4.586562251944445,20.663281365,,,,
U04029,2024-09-08,paid_search,mobile,free_trial,2024-09-08 02:30:21.491607,,,2024-09-08 02:36:21.491607,2024-09-08,,profile_completed,2,0,2.505969890833333,0.1,,,,
U04030,2024-05-31,organic,mobile,free_trial,2024-05-31 02:41:41.638914,,,,2024-05-31,,email_verified,1,0,2.6948996983333333,,,,,
U04031,2024-07-16,organic,desktop,freemium,2024-07-16 00:06:00.000000,2024-07-16 00:18:00.000000,,2024-07-16 00:12:00.000000,2024-07-16,,first_feature_used,3,0,0.1,0.1,0.1,,,
U04032,2024-07-09,referral,desktop,free_trial,2024-07-09 00:06:00.000000,2024-07-09 10:30:04.591923,2024-07-22 11:09:41.941771,2024-07-09 03:08:07.781787,2024-07-09,2024-07-16 16:26:07.335658,paid_conversion,5,1,0.1,3.0354949408333334,7.365780593333334,173.93409548194444,138.72627947583334,323.16165049194444
U04033,2024-04-08,paid_search,desktop,freemium,2024-04-08 00:19:11.486134,,,,2024-04-08,,email_verified,1,0,0.31985725944444443,,,,,
U04034,2024-04-12,organic,mobile,freemium,2024-04-12 04:38:36.182132,,,,2024-04-12,,email_verified,1,0,4.643383925555556,,,,,
U04035,2024-06-04,organic,desktop,free_trial,2024-06-04 01:27:20.780704,,,2024-06-04 01:33:20.780704,2024-06-04,,profile_completed,2,0,1.4557724177777778,0.1,,,,
U04036,2024-01-12,organic,desktop,free_trial,2024-01-12 00:06:00.000000,,,,2024-01-12,,email_verified,1,0,0.1,,,,,
U04037,2024-09-07,organic,desktop,free_trial,2024-09-07 00:46:22.319844,,,,2024-09-07,,email_verified,1,0,0.7728666233333333,,,,,
U04038,2024-08-12,paid_search,desktop,freemium,,,,,2024-08-12,,signup,0,0,,,,,,
U04039,2024-04-21,paid_search,mobile,free_trial,2024-04-21 00:06:00.000000,,,,2024-04-21,,email_verified,1,0,0.1,,,,,
U04040,2024-05-16,paid_search,mobile,free_trial,2024-05-16 00:06:00.000000,,,,2024-05-16,,email_verified,1,0,0.1,,,,,
U04041,2024-04-29,referral,mobile,freemium,2024-04-29 00:06:00.000000,2024-05-01 14:40:38.564874,,2024-04-29 13:45:21.318577,2024-04-29,,first_feature_used,3,0,0.1,13.655921826944445,48.921457304722225,,,
U04042,2024-08-25,organic,desktop,free_trial,2024-08-25 04:57:29.471865,,,2024-08-25 16:24:07.052560,2024-08-25,,profile_completed,2,0,4.958186629166667,11.443772415277778,,,,
U04043,2024-10-04,referral,desktop,free_trial,,,,,2024-10-04,,signup,0,0,,,,,,
U04044,2024-02-09,paid_search,mobile,freemium,2024-02-09 01:51:12.657726,,,,2024-02-09,,email_verified,1,0,1.8535160350000002,,,,,
U04045,2024-05-30,organic,desktop,freemium,2024-05-30 00:06:00.000000,,,,2024-05-30,,email_verified,1,0,0.1,,,,,
U04046,2024-01-06,referral,mobile,free_trial,2024-01-06 02:10:57.731513,,,,2024-01-06,,email_verified,1,0,2.1827031980555556,,,,,
U04047,2024-06-14,organic,desktop,free_trial,2024-06-14 00:06:00.000000,,,2024-06-14 00:12:00.000000,2024-06-14,,profile_completed,2,0,0.1,0.1,,,,
U04048,2024-03-31,paid_search,desktop,free_trial,2024-03-31 00:06:00.000000,2024-04-03 02:52:47.781500,,2024-03-31 00:12:00.000000,2024-03-31,2024-04-13 04:33:41.985952,team_invited,4,0,0.1,0.1,74.67993930555555,241.68172345888888,,
U04049,2024-05-02,paid_search,desktop,free_trial,2024-05-02 01:34:27.940509,2024-05-02 01:46:27.940509,,2024-05-02 01:40:27.940509,2024-05-02,,first_feature_used,3,0,1.5744279191666666,0.1,0.1,,,
U04050,2024-06-15,organic,mobile,free_trial,2024-06-15 00:42:25.857271,2024-06-15 00:54:25.857271,,2024-06-15 00:48:25.857271,2024-06-15,2024-06-15 01:00:25.857271,team_invited,4,0,0.7071825752777777,0.1,0.1,0.1,,
U04051,2024-04-28,referral,desktop,free_trial,2024-04-28 02:12:15.023460,2024-04-28 02:24:15.023460,,2024-04-28 02:18:15.023460,2024-04-28,,first_feature_used,3,0,2.2041731833333333,0.1,0.1,,,
U04052,2024-05-23,organic,mobile,freemium,,,,,2024-05-23,,signup,0,0,,,,,,
U04053,2024-10-06,referral,desktop,freemium,,,,,2024-10-06,,signup,0,0,,,,,,
U04054,2024-10-22,organic,desktop,freemium,2024-10-22 01:29:17.220622,,,2024-10-22 01:35:17.220622,2024-10-22,,profile_completed,2,0,1.4881168394444444,0.1,,,,
U04055,2024-01-03,organic,mobile,freemium,,,,,2024-01-03,,signup,0,0,,,,,,
U04056,2024-05-17,organic,desktop,free_trial,2024-05-17 02:09:01.623546,2024-05-21 14:06:06.791071,,2024-05-17 11:16:45.773664,2024-05-17,2024-05-24 03:33:10.838146,team_invited,4,0,2.150450985,9.128930588333333,98.82250483527778,61.4511241875,,
U04057,2024-11-05,referral,desktop,free_trial,2024-11-05 01:56:00.945984,2024-11-08 09:12:11.287256,,2024-11-05 02:02:00.945984,2024-11-05,,first_feature_used,3,0,1.9335961066666667,0.1,79.16953924222221,,,
U04058,2024-07-12,organic,tablet,free_trial,2024-07-12 01:57:15.982003,2024-07-15 01:44:38.050442,,2024-07-12 02:03:15.982003,2024-07-12,,first_feature_used,3,0,1.9544394452777778,0.1,71.68946345527777,,,
U04059,2024-03-15,referral,mobile,free_trial,2024-03-15 00:06:00.000000,2024-03-15 00:18:00.000000,,2024-03-15 00:12:00.000000,2024-03-15,2024-03-15 00:24:00.000000,team_invited,4,0,0.1,0.1,0.1,0.1,,
U04060,2024-08-04,organic,desktop,free_trial,2024-08-04 00:06:00.000000,,,,2024-08-04,,email_verified,1,0,0.1,,,,,
U04061,2024-02-22,paid_search,mobile,freemium,,,,,2024-02-22,,signup,0,0,,,,,,
U04062,2024-01-08,organic,desktop,free_trial,2024-01-08 00:06:00.000000,2024-01-12 02:51:35.922898,,2024-01-08 00:12:00.000000,2024-01-08,,first_feature_used,3,0,0.1,0.1,98.65997858277777,,,
U04063,2024-08-18,organic,desktop,free_trial,2024-08-18 02:21:44.306850,2024-08-18 02:33:44.306850,,2024-08-18 02:27:44.306850,2024-08-18,,first_feature_used,3,0,2.3623074583333334,0.1,0.1,,,
U04064,2024-07-07,referral,desktop,free_trial,2024-07-07 00:54:06.438228,2024-07-07 09:00:19.028528,2024-07-16 07:18:32.121105,2024-07-07 01:00:06.438228,2024-07-07,2024-07-08 13:51:00.986392,paid_conversion,5,1,0.9017883966666667,0.1,8.003497305555555,28.844988295555556,185.4586485313889,223.30892252916667
U04065,2024-10-03,organic,desktop,freemium,2024-10-03 03:57:38.013934,,,,2024-10-03,,email_verified,1,0,3.9605594261111112,,,,,
U04066,2024-05-05,paid_search,desktop,freemium,2024-05-05 00:06:00.000000,,,2024-05-05 00:12:00.000000,2024-05-05,,profile_completed,2,0,0.1,0.1,,,,
U04067,2024-11-07,paid_search,desktop,free_trial,2024-11-07 01:28:06.770663,2024-11-07 19:07:33.347513,,2024-11-07 01:34:06.770663,2024-11-07,,first_feature_used,3,0,1.468547406388889,0.1,17.557382458333333,,,
U04068,2024-06-02,paid_search,mobile,free_trial,,,,,2024-06-02,,signup,0,0,,,,,,
U04069,2024-09-26,paid_search,desktop,freemium,2024-09-26 00:06:00.000000,,,2024-09-26 00:12:00.000000,2024-09-26,,profile_completed,2,0,0.1,0.1,,,,
U04070,2024-02-06,referral,desktop,free_trial,2024-02-06 00:06:00.000000,,,2024-02-06 16:43:43.514011,2024-02-06,,profile_completed,2,0,0.1,16.628753891944445,,,,
U04071,2024-02-05,paid_search,mobile,freemium,2024-02-05 00:32:06.510299,,,,2024-02-05,,email_verified,1,0,0.5351417497222223,,,,,
U04072,2024-10-12,paid_search,tablet,freemium,,,,,2024-10-12,,signup,0,0,,,,,,
U04073,2024-10-31,paid_search,desktop,freemium,2024-10-31 02:50:08.930142,2024-11-02 00:15:42.407079,,2024-10-31 11:50:33.789074,2024-10-31,2024-11-06 05:54:43.061555,team_invited,4,0,2.8358139283333332,9.006905258888889,36.419060556944444,101.6501817988889,,
U04074,2024-12-09,paid_search,tablet,free_trial,2024-12-09 04:18:41.381473,2024-12-09 20:18:41.473902,,2024-12-09 04:24:41.381473,2024-12-09,,first_feature_used,3,0,4.311494853611111,0.1,15.90002567472222,,,
U04075,2024-04-28,organic,mobile,freemium,2024-04-28 02:07:58.511829,,,,2024-04-28,,email_verified,1,0,2.1329199525,,,,,
U04076,2024-01-09,paid_search,desktop,free_trial,2024-01-09 00:19:48.192213,2024-01-12 20:02:34.551274,2024-01-20 11:18:22.083348,2024-01-09 09:33:52.029135,2024-01-09,2024-01-17 17:30:40.134746,paid_conversion,5,1,0.3300533925,9.234399145000001,82.47847837194445,117.46821763111112,65.79498572277778,275.3061342633333
U04077,2024-12-23,organic,desktop,free_trial,,,,,2024-12-23,,signup,0,0,,,,,,
U04078,2024-08-07,paid_search,desktop,free_trial,2024-08-07 02:47:29.717046,,,2024-08-08 17:54:00.110901,2024-08-07,,profile_completed,2,0,2.791588068333333,39.1084427375,,,,
U04079,2024-03-31,referral,mobile,free_trial,2024-03-31 00:06:00.000000,,,,2024-03-31,,email_verified,1,0,0.1,,,,,
U04080,2024-10-05,referral,desktop,free_trial,,,,,2024-10-05,,signup,0,0,,,,,,
U04081,2024-11-25,referral,desktop,freemium,2024-11-25 01:12:51.194707,,,,2024-11-25,,email_verified,1,0,1.2142207519444443,,,,,
U04082,2024-04-13,paid_search,mobile,freemium,,,,,2024-04-13,,signup,0,0,,,,,,
U04083,2024-10-07,paid_search,desktop,free_trial,2024-10-07 01:36:38.457910,2024-10-10 00:39:29.855542,,2024-10-07 12:23:01.850853,2024-10-07,,first_feature_used,3,0,1.6106827527777778,10.773164706388888,60.274445746944444,,,
U04084,2024-10-14,organic,desktop,freemium,2024-10-14 04:56:01.134822,,,2024-10-14 07:03:57.109168,2024-10-14,,profile_completed,2,0,4.933648561666667,2.132215096111111,,,,
U04085,2024-07-02,paid_search,mobile,freemium,2024-07-02 02:00:07.011644,,,2024-07-02 02:27:11.197292,2024-07-02,,profile_completed,2,0,2.001947678888889,0.45116268,,,,
U04086,2024-08-18,organic,tablet,free_trial,2024-08-18 00:06:00.000000,2024-08-23 03:06:35.310757,,2024-08-18 00:12:00.000000,2024-08-18,,first_feature_used,3,0,0.1,0.1,122.9098085436111,,,
U04087,2024-04-08,organic,mobile,freemium,,,,,2024-04-08,,signup,0,0,,,,,,
U04088,2024-12-05,referral,desktop,freemium,2024-12-05 00:55:51.185189,,,2024-12-05 01:01:51.185189,2024-12-05,,profile_completed,2,0,0.9308847747222222,0.1,,,,
U04089,2024-12-24,referral,desktop,freemium,2024-12-24 00:33:19.932757,2024-12-24 05:20:36.731472,,2024-12-24 05:14:36.731472,2024-12-24,,first_feature_used,3,0,0.5555368769444444,4.687999643055556,0.1,,,
U04090,2024-12-24,paid_search,desktop,free_trial,2024-12-24 00:56:57.249650,2024-12-24 01:08:57.249650,2024-12-30 15:56:36.834844,2024-12-24 01:02:57.249650,2024-12-24,2024-12-25 19:30:05.984178,paid_conversion,5,1,0.9492360138888889,0.1,0.1,42.35242625777778,116.44190296277777,159.94356523444446
U04091,2024-09-26,organic,desktop,freemium,,,,,2024-09-26,,signup,0,0,,,,,,
U04092,2024-01-16,paid_search,desktop,freemium,2024-01-16 00:06:00.000000,2024-01-16 15:17:32.717797,,2024-01-16 00:12:00.000000,2024-01-16,,first_feature_used,3,0,0.1,0.1,15.092421610277777,,,
U04093,2024-05-13,organic,tablet,free_trial,2024-05-13 00:43:52.740925,,,,2024-05-13,,email_verified,1,0,0.7313169236111111,,,,,
U04094,2024-06-11,referral,mobile,free_trial,2024-06-11 00:06:00.000000,2024-06-13 07:21:10.427264,,2024-06-11 07:02:06.037212,2024-06-11,,first_feature_used,3,0,0.1,6.935010336666666,48.31788612555555,,,
U04095,2024-12-16,referral,desktop,free_trial,,,,,2024-12-16,,signup,0,0,,,,,,
U04096,2024-07-18,organic,desktop,free_trial,2024-07-18 00:06:00.000000,2024-07-19 22:58:31.804484,,2024-07-18 06:49:52.993374,2024-07-18,2024-07-19 23:04:31.804484,team_invited,4,0,0.1,6.731387048333334,40.14411419722222,0.1,,
U04097,2024-07-14,organic,desktop,free_trial,,,,,2024-07-14,,signup,0,0,,,,,,
U04098,2024-02-23,organic,desktop,free_trial,2024-02-23 00:06:00.000000,2024-02-25 02:01:35.943633,,2024-02-23 00:48:59.826773,2024-02-23,,first_feature_used,3,0,0.1,0.7166185480555555,49.21003246111111,,,
U04099,2024-10-16,organic,mobile,freemium,,,,,2024-10-16,,signup,0,0,,,,,,
U04100,2024-05-02,organic,desktop,freemium,2024-05-02 02:58:43.416355,,,2024-05-02 03:04:43.416355,2024-05-02,,profile_completed,2,0,2.9787267652777776,0.1,,,,
U04101,2024-02-03,organic,mobile,free_trial,2024-02-03 03:47:39.203166,,,2024-02-03 03:53:39.203166,2024-02-03,,profile_completed,2,0,3.7942231016666663,0.1,,,,
U04102,2024-12-26,organic,desktop,free_trial,2024-12-26 00:06:00.000000,,,2024-12-26 00:12:00.000000,2024-12-26,,profile_completed,2,0,0.1,0.1,,,,
U04103,2024-03-10,organic,desktop,free_trial,2024-03-10 02:02:49.552586,2024-03-11 09:00:45.474235,,2024-03-10 02:08:49.552586,2024-03-10,2024-03-18 04:36:43.908944,team_invited,4,0,2.0470979405555556,0.1,30.865533791388888,163.59956519694447,,
U04104,2024-01-06,organic,tablet,free_trial,2024-01-06 00:06:00.000000,,,2024-01-06 00:12:00.000000,2024-01-06,,profile_completed,2,0,0.1,0.1,,,,
U04105,2024-01-29,paid_search,desktop,freemium,,,,,2024-01-29,,signup,0,0,,,,,,
U04106,2024-06-14,organic,desktop,free_trial,2024-06-14 02:05:27.322642,2024-06-14 12:19:28.234636,,2024-06-14 12:13:28.234636,2024-06-14,,first_feature_used,3,0,2.090922956111111,10.133586665000001,0.1,,,
U04107,2024-02-07,referral,mobile,freemium,2024-02-07 00:06:00.000000,,,,2024-02-07,,email_verified,1,0,0.1,,,,,
U04108,2024-11-03,organic,desktop,free_trial,2024-11-03 02:37:33.082407,,,2024-11-03 02:43:33.082407,2024-11-03,,profile_completed,2,0,2.6258562241666668,0.1,,,,
U04109,2024-07-06,organic,desktop,free_trial,2024-07-06 00:06:00.000000,2024-07-06 09:22:12.304631,,2024-07-06 09:16:12.304631,2024-07-06,,first_feature_used,3,0,0.1,9.170084619722221,0.1,,,
U04110,2024-04-28,organic,desktop,freemium,,,,,2024-04-28,,signup,0,0,,,,,,
U04111,2024-01-02,paid_search,desktop,free_trial,2024-01-02 00:06:00.000000,,,2024-01-02 08:02:29.304690,2024-01-02,,profile_completed,2,0,0.1,7.941473525,,,,
U04112,2024-06-24,organic,desktop,free_trial,2024-06-24 00:06:00.000000,2024-06-28 04:33:32.618369,,2024-06-24 02:14:37.420127,2024-06-24,2024-06-28 04:39:32.618369,team_invited,4,0,0.1,2.1437278130555555,98.315332845,0.1,,
U04113,2024-02-25,paid_search,desktop,free_trial,2024-02-25 01:56:00.064134,2024-02-25 02:55:58.149847,,2024-02-25 02:02:00.064134,2024-02-25,,first_feature_used,3,0,1.9333511483333334,0.1,0.899468253611111,,,
U04114,2024-12-22,organic,mobile,freemium,2024-12-22 00:06:00.000000,,,,2024-12-22,,email_verified,1,0,0.1,,,,,
U04115,2024-04-16,referral,mobile,free_trial,2024-04-16 00:06:00.000000,2024-04-17 21:31:54.722003,,2024-04-16 00:12:00.000000,2024-04-16,,first_feature_used,3,0,0.1,0.1,45.33186722305555,,,
U04116,2024-06-22,organic,desktop,freemium,2024-06-22 00:20:27.803875,,,,2024-06-22,,email_verified,1,0,0.34105663194444447,,,,,
U04117,2024-01-07,organic,desktop,freemium,2024-01-07 00:06:00.000000,,,,2024-01-07,,email_verified,1,0,0.1,,,,,
U04118,2024-02-17,referral,desktop,freemium,2024-02-17 01:44:10.949306,2024-02-17 16:43:12.831930,,2024-02-17 10:00:03.832595,2024-02-17,,first_feature_used,3,0,1.7363748072222223,8.2646898025,6.719166481944445,,,
U04119,2024-03-16,organic,desktop,freemium,,,,,2024-03-16,,signup,0,0,,,,,,
U04120,2024-01-19,organic,desktop,freemium,2024-01-19 03:52:08.852088,,,2024-01-19 10:15:22.191252,2024-01-19,,profile_completed,2,0,3.86912558,6.387038656666667,,,,
U04121,2024-09-21,referral,mobile,freemium,2024-09-21 03:37:16.195101,,,,2024-09-21,,email_verified,1,0,3.6211653058333333,,,,,
U04122,2024-12-11,organic,desktop,free_trial,,,,,2024-12-11,,signup,0,0,,,,,,
U04123,2024-12-25,organic,desktop,freemium,,,,,2024-12-25,,signup,0,0,,,,,,
U04124,2024-04-07,organic,mobile,freemium,,,,,2024-04-07,,signup,0,0,,,,,,
U04125,2024-10-14,organic,mobile,free_trial,2024-10-14 00:56:22.469615,,,,2024-10-14,,email_verified,1,0,0.9395748930555555,,,,,
U04126,2024-07-02,referral,desktop,freemium,2024-07-02 00:36:37.092899,,,2024-07-02 00:42:37.092899,2024-07-02,,profile_completed,2,0,0.6103035830555557,0.1,,,,
U04127,2024-01-17,paid_search,desktop,free_trial,2024-01-17 00:06:00.000000,,,,2024-01-17,,email_verified,1,0,0.1,,,,,
U04128,2024-02-03,paid_search,tablet,free_trial,2024-02-03 01:20:10.810348,,,2024-02-03 01:26:10.810348,2024-02-03,,profile_completed,2,0,1.3363362077777778,0.1,,,,
U04129,2024-07-18,organic,desktop,free_trial,2024-07-18 05:02:14.174882,2024-07-24 05:06:36.077955,,2024-07-18 05:45:22.830216,2024-07-18,2024-07-30 20:11:12.111823,team_invited,4,0,5.0372708005555555,0.7190709261111111,143.3536799275,159.07667607444446,,
U04130,2024-06-03,paid_search,mobile,free_trial,,,,,2024-06-03,,signup,0,0,,,,,,
U04131,2024-01-04,paid_search,mobile,free_trial,2024-01-04 03:14:27.484119,,,2024-01-04 03:20:27.484119,2024-01-04,,profile_completed,2,0,3.2409678108333333,0.1,,,,
U04132,2024-12-05,organic,desktop,free_trial,2024-12-05 00:06:00.000000,,,2024-12-05 05:13:42.767691,2024-12-05,,profile_completed,2,0,0.1,5.1285465808333335,,,,
U04133,2024-09-23,referral,desktop,free_trial,2024-09-23 01:27:54.427770,2024-09-23 11:03:25.905304,,2024-09-23 09:45:14.016473,2024-09-23,2024-10-02 06:08:06.531626,team_invited,4,0,1.465118825,8.288774639722222,1.3033024530555557,211.07795175611113,,
U04134,2024-07-02,paid_search,desktop,free_trial,2024-07-02 00:06:00.000000,2024-07-05 01:02:56.965572,,2024-07-02 23:00:06.844525,2024-07-02,,first_feature_used,3,0,0.1,22.90190125694444,50.047255846388886,,,
U04135,2024-12-26,paid_search,desktop,freemium,2024-12-26 01:52:15.074949,,,2024-12-26 22:17:07.751227,2024-12-26,,profile_completed,2,0,1.8708541525,20.414632299444445,,,,
U04136,2024-12-20,organic,desktop,free_trial,2024-12-20 00:06:00.000000,,,,2024-12-20,,email_verified,1,0,0.1,,,,,
U04137,2024-12-21,organic,mobile,freemium,2024-12-21 00:29:45.561986,2024-12-21 12:17:33.653200,,2024-12-21 12:11:33.653200,2024-12-21,,first_feature_used,3,0,0.49598944055555555,11.69669200388889,0.1,,,
U04138,2024-04-04,paid_search,mobile,freemium,,,,,2024-04-04,,signup,0,0,,,,,,
U04139,2024-11-17,paid_search,tablet,free_trial,2024-11-17 00:06:00.000000,,,2024-11-17 13:32:22.779549,2024-11-17,,profile_completed,2,0,0.1,13.439660985833333,,,,
U04140,2024-07-03,organic,tablet,free_trial,2024-07-03 00:06:00.000000,,,,2024-07-03,,email_verified,1,0,0.1,,,,,
U04141,2024-09-22,organic,mobile,free_trial,2024-09-22 03:49:02.884840,,,,2024-09-22,,email_verified,1,0,3.8174680111111114,,,,,
U04142,2024-11-09,referral,desktop,free_trial,2024-11-09 02:11:53.270111,2024-11-09 13:41:26.612835,2024-11-13 10:20:56.020663,2024-11-09 13:35:26.612835,2024-11-09,2024-11-09 13:47:26.612835,paid_conversion,5,1,2.198130586388889,11.392595201111112,0.1,0.1,92.55816884111111,106.3488946286111
U04143,2024-02-29,organic,desktop,free_trial,2024-02-29 06:22:00.522307,2024-03-01 05:35:14.038196,,2024-02-29 22:27:25.740452,2024-02-29,2024-03-03 06:14:32.931225,team_invited,4,0,6.366811751944444,16.09033837361111,7.130082706666666,48.65524806361111,,
U04144,2024-06-12,organic,mobile,freemium,,,,,2024-06-12,,signup,0,0,,,,,,
U04145,2024-02-17,paid_search,desktop,freemium,,,,,2024-02-17,,signup,0,0,,,,,,
U04146,2024-04-12,organic,desktop,free_trial,2024-04-12 00:17:06.221187,2024-04-13 13:13:24.911378,,2024-04-12 05:54:33.164110,2024-04-12,,first_feature_used,3,0,0.28506144083333335,5.624150811944444,31.314374241111114,,,
U04147,2024-05-30,organic,desktop,freemium,,,,,2024-05-30,,signup,0,0,,,,,,
U04148,2024-11-08,organic,desktop,free_trial,2024-11-08 01:21:28.356320,2024-11-10 17:34:04.302901,,2024-11-08 20:56:59.962666,2024-11-08,,first_feature_used,3,0,1.3578767555555555,19.59211287388889,44.617872287500006,,,
U04149,2024-11-10,referral,desktop,freemium,2024-11-10 01:14:37.538529,,,2024-11-10 01:20:37.538529,2024-11-10,,profile_completed,2,0,1.2437607025000001,0.1,,,,
U04150,2024-05-22,organic,mobile,freemium,2024-05-22 00:06:00.000000,,,,2024-05-22,,email_verified,1,0,0.1,,,,,
U04151,2024-04-30,paid_search,desktop,free_trial,2024-04-30 01:18:20.221914,2024-05-01 16:22:44.002388,,2024-04-30 12:23:14.382489,2024-04-30,,first_feature_used,3,0,1.3056171983333333,11.081711270833333,27.991561083055554,,,
U04152,2024-07-12,referral,desktop,freemium,2024-07-12 02:55:14.750951,,,,2024-07-12,,email_verified,1,0,2.9207641530555555,,,,,
U04153,2024-11-28,paid_search,desktop,freemium,,,,,2024-11-28,,signup,0,0,,,,,,
U04154,2024-12-22,paid_search,desktop,free_trial,2024-12-22 01:31:03.619331,,,2024-12-22 01:37:03.619331,2024-12-22,,profile_completed,2,0,1.517672036388889,0.1,,,,
U04155,2024-03-23,paid_search,desktop,free_trial,2024-03-23 02:44:54.322937,,,2024-03-23 03:03:25.670919,2024-03-23,,profile_completed,2,0,2.748423038055556,0.3087077727777778,,,,
U04156,2024-03-09,organic,desktop,freemium,,,,,2024-03-09,,signup,0,0,,,,,,
U04157,2024-09-14,paid_search,desktop,free_trial,2024-09-14 00:06:00.000000,,,2024-09-14 01:24:05.476797,2024-09-14,,profile_completed,2,0,0.1,1.3015213325000001,,,,
U04158,2024-04-20,referral,mobile,free_trial,2024-04-20 00:06:00.000000,,,2024-04-20 00:12:00.000000,2024-04-20,,profile_completed,2,0,0.1,0.1,,,,
U04159,2024-03-13,paid_search,desktop,freemium,,,,,2024-03-13,,signup,0,0,,,,,,
U04160,2024-01-12,organic,tablet,free_trial,2024-01-12 00:06:00.000000,2024-01-13 22:36:48.662873,,2024-01-12 07:55:04.552767,2024-01-12,,first_feature_used,3,0,0.1,7.817931324166667,38.695586140555555,,,
U04161,2024-05-27,organic,mobile,free_trial,2024-05-27 01:18:01.707752,,,2024-05-27 09:37:12.370292,2024-05-27,,profile_completed,2,0,1.3004743755555557,8.319628483333334,,,,
U04162,2024-05-23,referral,desktop,freemium,2024-05-23 00:39:37.833614,,,,2024-05-23,,email_verified,1,0,0.6605093372222223,,,,,
U04163,2024-07-24,organic,desktop,free_trial,2024-07-24 02:05:29.328120,,,,2024-07-24,,email_verified,1,0,2.091480033333333,,,,,
U04164,2024-03-14,referral,desktop,free_trial,2024-03-14 06:03:11.267993,2024-03-18 17:21:48.643402,,2024-03-14 06:09:11.267993,2024-03-14,,first_feature_used,3,0,6.053129998055556,0.1,107.21038205805554,,,
U04165,2024-09-17,organic,mobile,freemium,,,,,2024-09-17,,signup,0,0,,,,,,
U04166,2024-09-05,paid_search,mobile,free_trial,2024-09-05 00:06:00.000000,,,2024-09-05 17:21:29.205142,2024-09-05,,profile_completed,2,0,0.1,17.258112539444443,,,,
U04167,2024-06-17,referral,mobile,freemium,2024-06-17 00:06:00.000000,,,2024-06-17 00:27:42.139458,2024-06-17,,profile_completed,2,0,0.1,0.36170540500000004,,,,
U04168,2024-03-07,paid_search,mobile,freemium,,,,,2024-03-07,,signup,0,0,,,,,,
U04169,2024-07-04,organic,desktop,free_trial,2024-07-04 00:23:43.572569,,,2024-07-04 13:54:27.856500,2024-07-04,,profile_completed,2,0,0.3954368247222222,13.512301091944444,,,,
U04170,2024-09-03,referral,mobile,free_trial,,,,,2024-09-03,,signup,0,0,,,,,,
U04171,2024-05-16,organic,desktop,freemium,2024-05-16 00:56:12.588696,,,,2024-05-16,,email_verified,1,0,0.9368301933333333,,,,,
U04172,2024-04-06,organic,mobile,freemium,2024-04-06 00:40:53.295399,,,2024-04-06 20:11:06.267194,2024-04-06,,profile_completed,2,0,0.6814709441666666,19.50360327638889,,,,
U04173,2024-07-03,paid_search,desktop,free_trial,2024-07-03 00:06:00.000000,2024-07-06 21:40:06.058210,,2024-07-03 11:04:33.890970,2024-07-03,,first_feature_used,3,0,0.1,10.976080825,82.59226867777777,,,
U04174,2024-05-09,organic,mobile,free_trial,,,,,2024-05-09,,signup,0,0,,,,,,
U04175,2024-05-26,paid_search,desktop,free_trial,2024-05-26 00:06:00.000000,2024-05-28 11:08:34.173585,,2024-05-26 15:17:30.931323,2024-05-26,2024-06-01 10:29:48.868122,team_invited,4,0,0.1,15.1919253675,43.850900628333335,95.35408181583333,,
U04176,2024-05-07,organic,desktop,freemium,2024-05-07 00:06:00.000000,,,2024-05-07 13:19:33.661246,2024-05-07,,profile_completed,2,0,0.1,13.22601701277778,,,,
U04177,2024-04-20,organic,desktop,freemium,,,,,2024-04-20,,signup,0,0,,,,,,
U04178,2024-09-18,referral,tablet,free_trial,2024-09-18 00:06:00.000000,,,,2024-09-18,,email_verified,1,0,0.1,,,,,
U04179,2024-06-16,organic,desktop,freemium,2024-06-16 03:34:06.486934,2024-06-20 10:30:05.807997,,2024-06-16 11:44:46.342453,2024-06-16,2024-06-26 18:35:40.042254,team_invited,4,0,3.5684685927777777,8.177737644166667,94.75540709555555,152.0928428491667,,
U04180,2024-06-19,paid_search,desktop,free_trial,2024-06-19 00:06:00.000000,2024-06-20 05:44:04.783800,,2024-06-19 03:51:33.079668,2024-06-19,2024-06-25 02:51:37.738563,team_invited,4,0,0.1,3.759188796666667,25.875473369999998,117.1258207675,,
U04181,2024-08-26,paid_search,desktop,free_trial,2024-08-26 00:06:00.000000,2024-08-28 10:35:33.452205,,2024-08-26 17:51:51.212233,2024-08-26,,first_feature_used,3,0,0.1,17.764225620277777,40.72839999222222,,,
U04182,2024-05-11,referral,desktop,freemium,2024-05-11 03:28:29.437408,,,,2024-05-11,,email_verified,1,0,3.4748437244444443,,,,,
U04183,2024-02-06,paid_search,mobile,free_trial,2024-02-06 01:52:41.367003,,,,2024-02-06,,email_verified,1,0,1.8781575008333333,,,,,
U04184,2024-11-07,referral,tablet,freemium,2024-11-07 00:06:00.000000,,,,2024-11-07,,email_verified,1,0,0.1,,,,,
U04185,2024-01-21,organic,mobile,free_trial,2024-01-21 03:34:29.420106,,,,2024-01-21,,email_verified,1,0,3.574838918333333,,,,,
U04186,2024-07-27,organic,mobile,freemium,2024-07-27 00:06:00.000000,,,,2024-07-27,,email_verified,1,0,0.1,,,,,
U04187,2024-04-07,referral,desktop,freemium,2024-04-07 00:06:00.000000,,,,2024-04-07,,email_verified,1,0,0.1,,,,,
U04188,2024-03-19,referral,desktop,free_trial,2024-03-19 02:00:47.206605,2024-03-23 11:14:03.763092,,2024-03-19 12:19:24.692611,2024-03-19,2024-03-26 20:05:58.551053,team_invited,4,0,2.0131129458333334,10.310412779444444,94.91085291138889,80.86521887805556,,
U04189,2024-01-16,paid_search,desktop,free_trial,2024-01-16 00:06:00.000000,2024-01-21 03:20:15.872872,2024-02-06 21:43:11.487551,2024-01-16 03:52:51.691799,2024-01-16,2024-01-25 17:21:22.477527,paid_conversion,5,1,0.1,3.7810254997222223,119.45671696472223,110.01850129305555,292.36361389555555,525.7198576530556
U04190,2024-11-24,paid_search,mobile,freemium,2024-11-24 00:27:14.834261,,,,2024-11-24,,email_verified,1,0,0.45412062805555553,,,,,
U04191,2024-06-05,paid_search,desktop,free_trial,2024-06-05 05:23:25.879096,2024-06-07 11:16:02.354495,,2024-06-05 05:29:25.879096,2024-06-05,,first_feature_used,3,0,5.390521971111111,0.1,53.77679872194444,,,
U04192,2024-05-05,organic,mobile,freemium,,,,,2024-05-05,,signup,0,0,,,,,,
U04193,2024-09-27,referral,desktop,freemium,2024-09-27 00:06:00.000000,,,2024-09-27 09:58:34.056584,2024-09-27,,profile_completed,2,0,0.1,9.876126828888887,,,,
U04194,2024-01-15,referral,desktop,free_trial,2024-01-15 00:06:00.000000,2024-01-16 05:00:29.582795,,2024-01-15 00:12:00.000000,2024-01-15,,first_feature_used,3,0,0.1,0.1,28.808217443055554,,,
U04195,2024-07-25,paid_search,desktop,freemium,,,,,2024-07-25,,signup,0,0,,,,,,
U04196,2024-06-29,organic,mobile,free_trial,2024-06-29 02:32:32.045186,,,,2024-06-29,,email_verified,1,0,2.5422347738888886,,,,,
U04197,2024-07-21,organic,mobile,free_trial,,,,,2024-07-21,,signup,0,0,,,,,,
U04198,2024-02-15,organic,desktop,free_trial,2024-02-15 00:06:00.000000,2024-02-15 19:34:17.837435,,2024-02-15 09:23:21.945179,2024-02-15,,first_feature_used,3,0,0.1,9.28942921638889,10.182192293333333,,,
U04199,2024-12-13,paid_search,mobile,freemium,2024-12-13 02:49:00.288030,,,,2024-12-13,,email_verified,1,0,2.816746675,,,,,
U04200,2024-03-28,paid_search,mobile,freemium,2024-03-28 01:50:20.201391,,,,2024-03-28,,email_verified,1,0,1.8389448308333332,,,,,
U04201,2024-09-04,organic,desktop,free_trial,2024-09-04 00:06:00.000000,2024-09-06 16:25:27.379410,,2024-09-04 00:12:00.000000,2024-09-04,,first_feature_used,3,0,0.1,0.1,64.22427205833333,,,
U04202,2024-09-29,paid_search,mobile,free_trial,2024-09-29 00:13:30.680884,2024-10-04 03:18:24.934626,,2024-09-29 13:45:31.049501,2024-09-29,,first_feature_used,3,0,0.22518913444444444,13.533435726944445,109.54830142361111,,,
U04203,2024-05-05,referral,desktop,free_trial,2024-05-05 00:37:13.010531,2024-05-06 19:20:05.670383,,2024-05-05 09:11:01.674887,2024-05-05,,first_feature_used,3,0,0.6202807030555555,8.563517876666667,34.15110986,,,
U04204,2024-02-17,organic,desktop,freemium,2024-02-17 00:06:00.000000,,,,2024-02-17,,email_verified,1,0,0.1,,,,,
U04205,2024-04-18,paid_search,desktop,free_trial,2024-04-18 01:09:03.314899,,,2024-04-18 04:09:45.722462,2024-04-18,,profile_completed,2,0,1.1509208052777777,3.011779878611111,,,,
U04206,2024-10-21,paid_search,desktop,free_trial,2024-10-21 00:21:34.871004,,,,2024-10-21,,email_verified,1,0,0.35968639,,,,,
U04207,2024-11-26,organic,desktop,free_trial,2024-11-26 00:06:00.000000,,,2024-11-26 00:12:00.000000,2024-11-26,,profile_completed,2,0,0.1,0.1,,,,
U04208,2024-12-07,paid_search,desktop,free_trial,2024-12-07 00:06:00.000000,2024-12-07 10:40:48.537353,,2024-12-07 00:12:00.000000,2024-12-07,,first_feature_used,3,0,0.1,0.1,10.480149264722222,,,
U04209,2024-03-23,paid_search,desktop,freemium,2024-03-23 00:56:01.167945,,,,2024-03-23,,email_verified,1,0,0.9336577625,,,,,
U04210,2024-08-09,organic,mobile,free_trial,2024-08-09 01:18:32.447845,,,,2024-08-09,,email_verified,1,0,1.3090132902777778,,,,,
U04211,2024-02-25,organic,mobile,free_trial,,,,,2024-02-25,,signup,0,0,,,,,,
U04212,2024-09-16,referral,desktop,free_trial,2024-09-16 00:57:29.930841,2024-09-16 01:47:03.905466,,2024-09-16 01:41:03.905466,2024-09-16,2024-09-25 07:33:12.464969,team_invited,4,0,0.9583141224999999,0.7261040624999999,0.1,221.76904430638888,,
U04213,2024-05-31,organic,desktop,free_trial,2024-05-31 00:36:22.966468,,,,2024-05-31,,email_verified,1,0,0.6063795744444445,,,,,
U04214,2024-09-17,paid_search,desktop,free_trial,2024-09-17 02:46:17.630340,,,2024-09-17 02:52:17.630340,2024-09-17,,profile_completed,2,0,2.7715639833333334,0.1,,,,
U04215,2024-09-07,paid_search,mobile,free_trial,,,,,2024-09-07,,signup,0,0,,,,,,
U04216,2024-12-28,referral,mobile,free_trial,2024-12-28 00:06:00.000000,2024-12-31 03:42:14.020399,,2024-12-28 00:12:00.000000,2024-12-28,,first_feature_used,3,0,0.1,0.1,75.50389455527777,,,
U04217,2024-06-27,paid_search,desktop,free_trial,2024-06-27 02:24:54.923987,2024-07-02 15:50:56.675722,,2024-06-27 03:32:11.685672,2024-06-27,2024-07-02 15:56:56.675722,team_invited,4,0,2.4152566630555556,1.1213226902777778,132.3124972361111,0.1,,
U04218,2024-05-04,referral,mobile,free_trial,2024-05-04 00:06:00.000000,,,2024-05-04 09:29:10.395856,2024-05-04,,profile_completed,2,0,0.1,9.386221071111112,,,,
U04219,2024-07-11,paid_search,desktop,freemium,2024-07-11 01:28:52.516106,,,2024-07-11 01:34:52.516106,2024-07-11,,profile_completed,2,0,1.4812544738888889,0.1,,,,
U04220,2024-02-29,organic,tablet,free_trial,2024-02-29 00:06:00.000000,2024-03-01 20:37:10.218886,,2024-02-29 07:02:40.742772,2024-02-29,,first_feature_used,3,0,0.1,6.94465077,37.574854476111106,,,
U04221,2024-02-10,organic,desktop,free_trial,2024-02-10 00:06:00.000000,,,,2024-02-10,,email_verified,1,0,0.1,,,,,
U04222,2024-07-08,organic,desktop,freemium,,,,,2024-07-08,,signup,0,0,,,,,,
U04223,2024-10-28,organic,desktop,free_trial,2024-10-28 00:06:00.000000,,,2024-10-28 00:12:00.000000,2024-10-28,,profile_completed,2,0,0.1,0.1,,,,
U04224,2024-07-13,organic,desktop,free_trial,2024-07-13 00:06:00.000000,,,2024-07-13 00:12:00.000000,2024-07-13,,profile_completed,2,0,0.1,0.1,,,,
U04225,2024-10-12,organic,desktop,freemium,2024-10-12 02:20:23.975048,,,,2024-10-12,,email_verified,1,0,2.339993068888889,,,,,
U04226,2024-03-05,organic,desktop,free_trial,2024-03-05 00:30:12.672537,,,2024-03-05 19:03:19.279883,2024-03-05,,profile_completed,2,0,0.5035201491666667,18.55183537388889,,,,
U04227,2024-06-13,organic,desktop,freemium,2024-06-13 00:43:57.506398,2024-06-18 22:35:55.220363,,2024-06-13 06:49:01.630623,2024-06-13,,first_feature_used,3,0,0.7326406661111111,6.084478951388888,135.78155270555555,,,
U04228,2024-08-11,organic,mobile,free_trial,2024-08-11 03:45:55.530258,,,,2024-08-11,,email_verified,1,0,3.765425071666667,,,,,
U04229,2024-05-06,paid_search,mobile,freemium,2024-05-06 01:56:38.490668,,,,2024-05-06,,email_verified,1,0,1.9440251855555557,,,,,
U04230,2024-01-06,paid_search,desktop,freemium,,,,,2024-01-06,,signup,0,0,,,,,,
U04231,2024-01-27,referral,mobile,free_trial,2024-01-27 00:06:00.000000,,,,2024-01-27,,email_verified,1,0,0.1,,,,,
U04232,2024-12-04,paid_search,desktop,free_trial,2024-12-04 00:06:00.000000,,,2024-12-05 03:44:25.586221,2024-12-04,,profile_completed,2,0,0.1,27.640440616944446,,,,
U04233,2024-08-08,referral,tablet,freemium,,,,,2024-08-08,,signup,0,0,,,,,,
U04234,2024-04-06,paid_search,desktop,free_trial,2024-04-06 00:06:00.000000,2024-04-08 14:42:45.664051,,2024-04-06 00:12:00.000000,2024-04-06,2024-04-13 15:57:12.621879,team_invited,4,0,0.1,0.1,62.51268445861111,121.24082161888889,,
U04235,2024-04-04,organic,mobile,free_trial,,,,,2024-04-04,,signup,0,0,,,,,,
U04236,2024-01-15,referral,tablet,freemium,2024-01-15 00:06:00.000000,,,2024-01-15 06:54:03.254810,2024-01-15,,profile_completed,2,0,0.1,6.800904113888889,,,,
U04237,2024-12-10,organic,mobile,freemium,2024-12-10 00:06:00.000000,,,2024-12-10 01:08:47.143734,2024-12-10,,profile_completed,2,0,0.1,1.046428815,,,,
U04238,2024-02-09,paid_search,mobile,freemium,,,,,2024-02-09,,signup,0,0,,,,,,
U04239,2024-10-04,paid_search,desktop,freemium,2024-10-04 01:07:48.685744,,,2024-10-04 01:13:48.685744,2024-10-04,,profile_completed,2,0,1.1301904844444444,0.1,,,,
U04240,2024-03-28,organic,mobile,freemium,,,,,2024-03-28,,signup,0,0,,,,,,
U04241,2024-05-02,paid_search,desktop,freemium,2024-05-02 00:06:00.000000,,,,2024-05-02,,email_verified,1,0,0.1,,,,,
U04242,2024-04-09,organic,desktop,freemium,2024-04-09 03:18:20.130923,,,2024-04-09 10:40:18.424094,2024-04-09,,profile_completed,2,0,3.3055919230555557,7.366192547500001,,,,
U04243,2024-10-27,organic,tablet,freemium,,,,,2024-10-27,,signup,0,0,,,,,,
U04244,2024-01-12,organic,desktop,freemium,2024-01-12 00:19:55.830197,,,2024-01-12 00:25:55.830197,2024-01-12,,profile_completed,2,0,0.3321750547222222,0.1,,,,
U04245,2024-05-08,organic,desktop,free_trial,2024-05-08 01:04:37.984738,2024-05-08 06:27:28.892577,,2024-05-08 06:21:28.892577,2024-05-08,,first_feature_used,3,0,1.077217982777778,5.280807733055555,0.1,,,
U04246,2024-04-11,organic,tablet,freemium,2024-04-11 00:06:00.000000,,,,2024-04-11,,email_verified,1,0,0.1,,,,,
U04247,2024-04-09,paid_search,desktop,free_trial,2024-04-09 00:06:00.000000,,,2024-04-09 00:12:00.000000,2024-04-09,,profile_completed,2,0,0.1,0.1,,,,
U04248,2024-03-11,paid_search,desktop,freemium,2024-03-11 02:49:27.227793,2024-03-12 17:12:26.224114,,2024-03-11 02:55:27.227793,2024-03-11,,first_feature_used,3,0,2.8242299425,0.1,38.283054533611114,,,
U04249,2024-11-29,paid_search,desktop,freemium,,,,,2024-11-29,,signup,0,0,,,,,,
U04250,2024-05-18,paid_search,mobile,freemium,2024-05-18 00:36:06.974309,,,,2024-05-18,,email_verified,1,0,0.6019373080555556,,,,,
U04251,2024-06-01,organic,mobile,free_trial,2024-06-01 00:09:55.245299,2024-06-02 19:27:35.038659,,2024-06-01 00:15:55.245299,2024-06-01,,first_feature_used,3,0,0.1653459163888889,0.1,43.19438704444445,,,
U04252,2024-05-20,organic,desktop,free_trial,2024-05-20 01:23:22.151090,,,,2024-05-20,,email_verified,1,0,1.389486413888889,,,,,
U04253,2024-12-23,paid_search,mobile,free_trial,,,,,2024-12-23,,signup,0,0,,,,,,
U04254,2024-05-03,referral,desktop,freemium,,,,,2024-05-03,,signup,0,0,,,,,,
U04255,2024-05-04,organic,mobile,freemium,2024-05-04 00:06:00.000000,,,,2024-05-04,,email_verified,1,0,0.1,,,,,
U04256,2024-04-29,organic,mobile,free_trial,2024-04-29 00:06:00.000000,,,,2024-04-29,,email_verified,1,0,0.1,,,,,
U04257,2024-04-29,paid_search,tablet,free_trial,2024-04-29 02:30:51.175954,2024-05-01 15:07:24.202222,,2024-04-29 02:36:51.175954,2024-04-29,,first_feature_used,3,0,2.514215542777778,0.1,60.50917396333333,,,
U04258,2024-02-02,referral,desktop,free_trial,2024-02-02 03:02:14.155983,2024-02-05 10:24:28.585492,,2024-02-02 08:37:28.994045,2024-02-02,,first_feature_used,3,0,3.0372655508333333,5.587455017222222,73.78321984638889,,,
U04259,2024-08-08,organic,desktop,free_trial,2024-08-08 01:27:41.368000,,,,2024-08-08,,email_verified,1,0,1.4614911111111113,,,,,
U04260,2024-01-10,organic,desktop,freemium,,,,,2024-01-10,,signup,0,0,,,,,,
U04261,2024-03-23,organic,desktop,freemium,2024-03-23 02:52:07.175075,,,2024-03-23 09:34:23.099682,2024-03-23,,profile_completed,2,0,2.8686597430555554,6.7044235019444445,,,,
U04262,2024-03-14,paid_search,desktop,freemium,2024-03-14 02:12:52.060269,,,2024-03-14 02:18:52.060269,2024-03-14,,profile_completed,2,0,2.214461185833333,0.1,,,,
U04263,2024-04-16,referral,desktop,free_trial,2024-04-16 03:09:24.387546,2024-04-18 06:40:28.230966,,2024-04-16 13:04:25.187538,2024-04-16,,first_feature_used,3,0,3.1567743183333334,9.916888886666667,41.60084539666667,,,
U04264,2024-10-03,paid_search,desktop,free_trial,2024-10-03 02:26:51.145784,,,2024-10-03 12:35:24.237441,2024-10-03,,profile_completed,2,0,2.4475404955555558,10.142525460277778,,,,
U04265,2024-08-06,organic,tablet,freemium,2024-08-06 00:06:00.000000,,,,2024-08-06,,email_verified,1,0,0.1,,,,,
U04266,2024-12-27,paid_search,desktop,freemium,2024-12-27 02:04:07.409302,,,,2024-12-27,,email_verified,1,0,2.068724806111111,,,,,
U04267,2024-05-08,referral,desktop,free_trial,2024-05-08 00:06:48.412732,2024-05-10 00:24:57.015847,,2024-05-08 00:12:48.412732,2024-05-08,2024-05-16 12:32:20.272329,team_invited,4,0,0.11344798111111111,0.1,48.20238975416667,156.12312680055555,,
U04268,2024-12-04,paid_search,mobile,freemium,2024-12-04 03:17:36.245918,,,2024-12-04 03:23:36.245918,2024-12-04,,profile_completed,2,0,3.293401643888889,0.1,,,,
U04269,2024-01-17,referral,desktop,free_trial,2024-01-17 02:24:50.140646,2024-01-21 02:48:58.132034,,2024-01-17 04:17:22.728228,2024-01-17,,first_feature_used,3,0,2.413927957222222,1.8757187727777778,94.52650105722223,,,
U04270,2024-07-03,organic,desktop,free_trial,2024-07-03 00:21:44.349764,,,,2024-07-03,,email_verified,1,0,0.3623193788888889,,,,,
U04271,2024-10-18,organic,desktop,freemium,,,,,2024-10-18,,signup,0,0,,,,,,
U04272,2024-07-13,paid_search,desktop,freemium,2024-07-13 00:40:38.361101,,,,2024-07-13,,email_verified,1,0,0.6773225280555556,,,,,
U04273,2024-12-06,paid_search,desktop,freemium,2024-12-06 00:06:00.000000,2024-12-06 14:40:51.322333,,2024-12-06 14:34:51.322333,2024-12-06,,first_feature_used,3,0,0.1,14.480922870277777,0.1,,,
U04274,2024-04-24,referral,mobile,free_trial,2024-04-24 04:28:33.920965,,,2024-04-24 09:45:09.790569,2024-04-24,,profile_completed,2,0,4.476089156944444,5.276630445555555,,,,
U04275,2024-01-13,paid_search,desktop,free_trial,2024-01-13 00:06:00.000000,2024-01-15 14:03:35.185620,2024-01-22 14:55:52.591124,2024-01-13 00:12:00.000000,2024-01-13,2024-01-16 19:12:50.094964,paid_conversion,5,1,0.1,0.1,61.85977378333333,29.154141484444445,139.71736004444443,230.93127531222223
U04276,2024-10-09,organic,desktop,freemium,2024-10-09 00:06:00.000000,,,2024-10-09 00:12:00.000000,2024-10-09,,profile_completed,2,0,0.1,0.1,,,,
U04277,2024-01-25,organic,desktop,freemium,2024-01-25 04:15:43.931895,2024-01-27 04:50:12.519970,2024-02-08 22:16:13.363019,2024-01-25 04:21:43.931895,2024-01-25,2024-01-31 05:31:22.246531,paid_conversion,5,1,4.2622033041666665,0.1,48.47460779861111,96.68603515583332,208.7475323577778,358.2703786163889
U04278,2024-10-06,paid_search,desktop,free_trial,2024-10-06 03:00:13.836092,,,2024-10-06 03:06:13.836092,2024-10-06,,profile_completed,2,0,3.0038433588888886,0.1,,,,
U04279,2024-09-24,organic,desktop,free_trial,2024-09-24 00:31:35.363890,2024-09-25 19:21:19.231960,,2024-09-24 12:29:51.410568,2024-09-24,,first_feature_used,3,0,0.5264899694444445,11.971124077222221,30.857728164444445,,,
U04280,2024-11-04,paid_search,tablet,free_trial,2024-11-04 00:06:00.000000,,,2024-11-04 06:05:59.947145,2024-11-04,,profile_completed,2,0,0.1,5.999985318055555,,,,
U04281,2024-06-23,organic,desktop,freemium,2024-06-23 00:06:00.000000,,,2024-06-23 16:32:39.798686,2024-06-23,,profile_completed,2,0,0.1,16.44438852388889,,,,
U04282,2024-11-22,organic,desktop,freemium,,,,,2024-11-22,,signup,0,0,,,,,,
U04283,2024-03-02,paid_search,desktop,free_trial,2024-03-02 00:06:00.000000,,,,2024-03-02,,email_verified,1,0,0.1,,,,,
U04284,2024-06-07,organic,mobile,free_trial,2024-06-07 00:06:00.000000,,,,2024-06-07,,email_verified,1,0,0.1,,,,,
U04285,2024-02-14,paid_search,mobile,free_trial,2024-02-14 00:34:54.816836,2024-02-19 18:55:30.948961,,2024-02-14 05:45:05.357911,2024-02-14,2024-02-19 19:01:30.948961,team_invited,4,0,0.5818935655555555,5.169594743055556,133.17377529166666,0.1,,
U04286,2024-10-06,paid_search,desktop,freemium,2024-10-06 02:21:21.252746,2024-10-06 18:32:26.358895,,2024-10-06 18:26:26.358895,2024-10-06,2024-10-11 00:36:50.993673,team_invited,4,0,2.3559035405555555,16.084751708055556,0.1,102.07350966055556,,
U04287,2024-09-17,paid_search,mobile,free_trial,2024-09-17 01:00:36.674419,,,,2024-09-17,,email_verified,1,0,1.010187338611111,,,,,
U04288,2024-10-21,paid_search,desktop,free_trial,2024-10-21 03:41:48.174713,,,2024-10-21 19:13:30.830888,2024-10-21,,profile_completed,2,0,3.6967151980555557,15.528515604166666,,,,
U04289,2024-10-05,paid_search,mobile,freemium,,,,,2024-10-05,,signup,0,0,,,,,,
U04290,2024-04-22,referral,desktop,free_trial,2024-04-22 01:41:34.682847,2024-04-23 18:19:17.434435,,2024-04-22 11:26:00.269487,2024-04-22,,first_feature_used,3,0,1.6929674575,9.740440733333333,30.888101374444446,,,
U04291,2024-01-25,organic,mobile,freemium,,,,,2024-01-25,,signup,0,0,,,,,,
U04292,2024-12-05,organic,mobile,freemium,2024-12-05 00:06:00.000000,,,,2024-12-05,,email_verified,1,0,0.1,,,,,
U04293,2024-06-28,paid_search,mobile,free_trial,,,,,2024-06-28,,signup,0,0,,,,,,
U04294,2024-02-04,paid_search,desktop,freemium,,,,,2024-02-04,,signup,0,0,,,,,,
U04295,2024-12-04,paid_search,mobile,freemium,,,,,2024-12-04,,signup,0,0,,,,,,
U04296,2024-12-28,paid_search,mobile,freemium,2024-12-28 02:05:04.061523,2024-12-31 02:18:39.792957,,2024-12-29 02:33:29.114255,2024-12-28,2024-12-31 02:24:39.792957,team_invited,4,0,2.0844615341666666,24.473625758888886,47.75296630611111,0.1,,
U04297,2024-06-11,paid_search,desktop,freemium,,,,,2024-06-11,,signup,0,0,,,,,,
U04298,2024-10-08,organic,desktop,free_trial,2024-10-08 00:06:00.000000,,,2024-10-09 00:05:22.162789,2024-10-08,,profile_completed,2,0,0.1,23.98948966361111,,,,
U04299,2024-01-14,paid_search,desktop,free_trial,2024-01-14 02:59:04.928575,2024-01-15 10:08:46.342424,,2024-01-14 03:05:04.928575,2024-01-14,,first_feature_used,3,0,2.9847023819444445,0.1,31.061503846944447,,,
U04300,2024-02-04,organic,desktop,free_trial,2024-02-04 00:06:00.000000,2024-02-04 02:54:26.726247,,2024-02-04 00:12:00.000000,2024-02-04,,first_feature_used,3,0,0.1,0.1,2.7074239575,,,
U04301,2024-04-10,organic,mobile,free_trial,2024-04-10 03:56:25.258771,,,,2024-04-10,,email_verified,1,0,3.9403496586111113,,,,,
U04302,2024-08-27,paid_search,desktop,free_trial,2024-08-27 00:06:00.000000,,,2024-08-27 02:56:11.044217,2024-08-27,,profile_completed,2,0,0.1,2.8364011713888893,,,,
U04303,2024-02-18,paid_search,mobile,free_trial,2024-02-18 00:06:00.000000,,,2024-02-18 01:34:44.661264,2024-02-18,,profile_completed,2,0,0.1,1.4790725733333334,,,,
U04304,2024-01-13,organic,mobile,freemium,2024-01-13 00:49:09.440638,,,,2024-01-13,,email_verified,1,0,0.8192890661111111,,,,,
U04305,2024-09-01,referral,mobile,free_trial,2024-09-01 00:06:00.000000,2024-09-02 08:48:18.923071,,2024-09-01 01:38:07.050035,2024-09-01,,first_feature_used,3,0,0.1,1.5352916763888889,31.169964732222223,,,
U04306,2024-10-08,paid_search,mobile,freemium,,,,,2024-10-08,,signup,0,0,,,,,,
U04307,2024-09-26,paid_search,mobile,freemium,2024-09-26 03:28:44.883053,,,2024-09-27 00:08:33.380974,2024-09-26,,profile_completed,2,0,3.479134181388889,20.66347164472222,,,,
U04308,2024-10-18,referral,desktop,free_trial,2024-10-18 03:24:06.148507,2024-10-21 01:02:17.100759,,2024-10-18 03:30:06.148507,2024-10-18,,first_feature_used,3,0,3.401707918611111,0.1,69.53637562555555,,,
U04309,2024-10-20,organic,desktop,freemium,,,,,2024-10-20,,signup,0,0,,,,,,
U04310,2024-08-07,paid_search,mobile,free_trial,,,,,2024-08-07,,signup,0,0,,,,,,
U04311,2024-07-08,organic,tablet,freemium,2024-07-08 00:29:36.361901,,,2024-07-08 15:47:59.580730,2024-07-08,,profile_completed,2,0,0.4934338613888889,15.306449674722222,,,,
U04312,2024-11-08,organic,desktop,freemium,2024-11-08 00:06:00.000000,,,,2024-11-08,,email_verified,1,0,0.1,,,,,
U04313,2024-05-07,organic,tablet,freemium,,,,,2024-05-07,,signup,0,0,,,,,,
U04314,2024-02-05,organic,tablet,freemium,,,,,2024-02-05,,signup,0,0,,,,,,
U04315,2024-10-01,paid_search,desktop,freemium,2024-10-01 00:06:00.000000,2024-10-02 07:52:10.186130,,2024-10-01 00:12:00.000000,2024-10-01,2024-10-02 07:58:10.186130,team_invited,4,0,0.1,0.1,31.669496147222223,0.1,,
U04316,2024-04-10,organic,mobile,freemium,2024-04-10 02:04:20.261390,,,,2024-04-10,,email_verified,1,0,2.0722948305555553,,,,,
U04317,2024-12-23,paid_search,mobile,freemium,,,,,2024-12-23,,signup,0,0,,,,,,
U04318,2024-05-31,organic,desktop,free_trial,2024-05-31 00:50:35.926643,2024-06-01 01:34:37.182465,,2024-05-31 00:56:35.926643,2024-05-31,,first_feature_used,3,0,0.8433129563888888,0.1,24.633682172777778,,,
U04319,2024-11-06,organic,desktop,freemium,2024-11-06 01:32:51.584914,,,2024-11-06 01:38:51.584914,2024-11-06,,profile_completed,2,0,1.547662476111111,0.1,,,,
U04320,2024-01-16,referral,desktop,freemium,2024-01-16 00:37:26.217443,,,2024-01-16 00:43:26.217443,2024-01-16,,profile_completed,2,0,0.6239492897222222,0.1,,,,
U04321,2024-08-28,paid_search,mobile,free_trial,2024-08-28 02:24:18.417652,,,2024-08-28 02:30:18.417652,2024-08-28,,profile_completed,2,0,2.4051160144444443,0.1,,,,
U04322,2024-06-12,referral,desktop,freemium,2024-06-12 00:06:00.000000,,,,2024-06-12,,email_verified,1,0,0.1,,,,,
U04323,2024-06-17,paid_search,mobile,freemium,,,,,2024-06-17,,signup,0,0,,,,,,
U04324,2024-04-06,organic,mobile,freemium,2024-04-06 00:06:00.000000,,,,2024-04-06,,email_verified,1,0,0.1,,,,,
U04325,2024-12-20,paid_search,mobile,free_trial,2024-12-20 02:33:24.389857,,,2024-12-20 02:39:24.389857,2024-12-20,,profile_completed,2,0,2.5567749602777776,0.1,,,,
U04326,2024-05-23,paid_search,desktop,freemium,2024-05-23 00:06:00.000000,,,2024-05-23 00:12:00.000000,2024-05-23,,profile_completed,2,0,0.1,0.1,,,,
U04327,2024-11-06,organic,desktop,freemium,2024-11-06 00:10:03.415809,,,,2024-11-06,,email_verified,1,0,0.16761550249999999,,,,,
U04328,2024-06-04,referral,desktop,free_trial,2024-06-04 07:23:26.193578,2024-06-06 14:02:54.645200,,2024-06-04 16:38:31.726742,2024-06-04,,first_feature_used,3,0,7.390609327222222,9.25153699,45.406366238333334,,,
U04329,2024-01-18,paid_search,desktop,freemium,,,,,2024-01-18,,signup,0,0,,,,,,
U04330,2024-11-16,paid_search,desktop,freemium,2024-11-16 00:06:00.000000,2024-11-16 05:51:37.094209,,2024-11-16 05:45:37.094209,2024-11-16,2024-11-24 13:45:40.978240,team_invited,4,0,0.1,5.6603039469444445,0.1,199.90107889749999,,
U04331,2024-03-08,paid_search,desktop,free_trial,2024-03-08 02:00:00.562559,2024-03-11 14:30:25.487773,,2024-03-08 12:47:35.281143,2024-03-08,,first_feature_used,3,0,2.0001562663888888,10.792977384444445,73.71394628611111,,,
U04332,2024-04-08,paid_search,desktop,freemium,2024-04-08 01:51:20.183207,2024-04-08 02:03:20.183207,2024-04-23 16:06:05.982843,2024-04-08 01:57:20.183207,2024-04-08,2024-04-11 18:02:39.747361,paid_conversion,5,1,1.8556064463888888,0.1,0.1,87.98876782055557,286.0572876338889,376.10166190083334
U04333,2024-11-10,organic,desktop,free_trial,2024-11-10 02:56:24.272416,,,2024-11-10 03:02:24.272416,2024-11-10,,profile_completed,2,0,2.940075671111111,0.1,,,,
U04334,2024-11-22,referral,desktop,freemium,2024-11-22 00:06:00.000000,2024-11-25 11:07:53.222961,,2024-11-22 21:17:05.581788,2024-11-22,,first_feature_used,3,0,0.1,21.18488383,61.8465669925,,,
U04335,2024-11-30,organic,desktop,freemium,2024-11-30 00:06:00.000000,,,,2024-11-30,,email_verified,1,0,0.1,,,,,
U04336,2024-06-04,organic,mobile,free_trial,2024-06-04 02:31:39.960051,,,,2024-06-04,,email_verified,1,0,2.5277666808333334,,,,,
U04337,2024-10-03,organic,desktop,free_trial,2024-10-03 02:02:33.043048,2024-10-04 01:18:48.417759,,2024-10-03 02:08:33.043048,2024-10-03,2024-10-08 14:59:57.606128,team_invited,4,0,2.0425119577777777,0.1,23.17093741972222,109.68588565805555,,
U04338,2024-04-29,paid_search,tablet,free_trial,2024-04-29 00:06:00.000000,,,2024-04-29 00:12:00.000000,2024-04-29,,profile_completed,2,0,0.1,0.1,,,,
U04339,2024-09-27,referral,mobile,free_trial,2024-09-27 00:35:30.576667,,,2024-09-27 03:11:30.311160,2024-09-27,,profile_completed,2,0,0.5918268519444444,2.5999262480555556,,,,
U04340,2024-07-02,referral,desktop,freemium,2024-07-02 00:06:00.000000,2024-07-04 00:44:59.361479,,2024-07-02 00:12:00.000000,2024-07-02,,first_feature_used,3,0,0.1,0.1,48.54982263305556,,,
U04341,2024-01-19,paid_search,tablet,free_trial,2024-01-19 00:32:43.116839,2024-01-21 17:39:49.012994,,2024-01-19 03:15:17.606725,2024-01-19,,first_feature_used,3,0,0.5453102330555556,2.7095805238888886,62.40872396361111,,,
U04342,2024-06-01,referral,mobile,free_trial,,,,,2024-06-01,,signup,0,0,,,,,,
U04343,2024-06-19,paid_search,mobile,free_trial,2024-06-19 01:52:12.838643,,,,2024-06-19,,email_verified,1,0,1.8702329563888889,,,,,
U04344,2024-04-03,organic,desktop,freemium,2024-04-03 02:53:13.897079,,,2024-04-03 11:33:39.318660,2024-04-03,,profile_completed,2,0,2.8871936330555554,8.673728216944443,,,,
U04345,2024-05-16,paid_search,desktop,freemium,2024-05-16 01:42:03.832186,2024-05-18 17:26:24.032904,,2024-05-16 10:52:38.254483,2024-05-16,,first_feature_used,3,0,1.701064496111111,9.176228415833332,54.56271622805556,,,
U04346,2024-07-02,organic,desktop,free_trial,2024-07-02 00:13:13.822797,2024-07-08 02:02:47.673957,,2024-07-02 00:19:13.822797,2024-07-02,2024-07-15 14:18:33.571246,team_invited,4,0,0.2205063325,0.1,145.72606976666665,180.26274924694445,,
U04347,2024-01-19,organic,mobile,free_trial,,,,,2024-01-19,,signup,0,0,,,,,,
U04348,2024-02-25,organic,desktop,free_trial,2024-02-25 00:06:00.000000,2024-02-25 07:24:12.979816,,2024-02-25 07:18:12.979816,2024-02-25,,first_feature_used,3,0,0.1,7.203605504444444,0.1,,,
U04349,2024-10-06,organic,desktop,free_trial,2024-10-06 00:06:00.000000,,,2024-10-06 00:12:00.000000,2024-10-06,,profile_completed,2,0,0.1,0.1,,,,
U04350,2024-05-08,referral,desktop,free_trial,2024-05-08 00:06:00.000000,2024-05-08 00:18:00.000000,2024-05-14 02:21:34.355335,2024-05-08 00:12:00.000000,2024-05-08,2024-05-12 12:02:49.562185,paid_conversion,5,1,0.1,0.1,0.1,107.74710060694444,38.31244254166667,146.3595431486111
U04351,2024-08-10,referral,desktop,freemium,2024-08-10 00:06:00.000000,,,,2024-08-10,,email_verified,1,0,0.1,,,,,
U04352,2024-07-25,organic,desktop,free_trial,2024-07-25 00:06:00.000000,2024-07-25 01:26:43.269459,,2024-07-25 01:20:43.269459,2024-07-25,,first_feature_used,3,0,0.1,1.2453526275,0.1,,,
U04353,2024-07-20,paid_search,desktop,free_trial,2024-07-20 01:12:18.084375,2024-07-22 04:00:47.307602,,2024-07-20 01:18:18.084375,2024-07-20,,first_feature_used,3,0,1.2050234375000002,0.1,50.70811756305556,,,
U04354,2024-05-30,organic,mobile,freemium,,,,,2024-05-30,,signup,0,0,,,,,,
U04355,2024-06-25,organic,desktop,freemium,,,,,2024-06-25,,signup,0,0,,,,,,
U04356,2024-10-27,organic,desktop,free_trial,2024-10-27 01:04:22.218158,,,2024-10-27 04:20:47.170659,2024-10-27,,profile_completed,2,0,1.0728383772222223,3.2735979169444445,,,,
U04357,2024-12-18,organic,desktop,free_trial,2024-12-18 00:06:00.000000,,,,2024-12-18,,email_verified,1,0,0.1,,,,,
U04358,2024-04-03,organic,desktop,freemium,2024-04-03 00:06:00.000000,,,,2024-04-03,,email_verified,1,0,0.1,,,,,
U04359,2024-09-01,organic,mobile,free_trial,2024-09-01 00:06:00.000000,,,,2024-09-01,,email_verified,1,0,0.1,,,,,
U04360,2024-12-19,organic,desktop,freemium,,,,,2024-12-19,,signup,0,0,,,,,,
U04361,2024-01-03,organic,tablet,freemium,,,,,2024-01-03,,signup,0,0,,,,,,
U04362,2024-10-13,referral,tablet,freemium,2024-10-13 00:06:00.000000,2024-10-16 04:41:31.859409,,2024-10-13 00:12:00.000000,2024-10-13,2024-10-18 23:41:23.963507,team_invited,4,0,0.1,0.1,76.49218316916668,66.99780669388889,,
U04363,2024-06-30,organic,mobile,free_trial,2024-06-30 00:27:46.456983,2024-06-30 13:29:14.227692,,2024-06-30 13:23:14.227692,2024-06-30,2024-07-10 14:52:49.241865,team_invited,4,0,0.4629047175,12.9243807525,0.1,241.39305949250002,,
U04364,2024-12-19,organic,mobile,free_trial,,,,,2024-12-19,,signup,0,0,,,,,,
U04365,2024-07-30,paid_search,desktop,freemium,,,,,2024-07-30,,signup,0,0,,,,,,
U04366,2024-11-01,organic,desktop,free_trial,2024-11-01 00:34:12.576278,,,,2024-11-01,,email_verified,1,0,0.5701600772222222,,,,,
U04367,2024-03-01,paid_search,desktop,free_trial,2024-03-01 00:06:00.000000,2024-03-02 18:18:31.828983,,2024-03-01 00:12:00.000000,2024-03-01,,first_feature_used,3,0,0.1,0.1,42.10884138416667,,,
U04368,2024-02-21,organic,mobile,freemium,,,,,2024-02-21,,signup,0,0,,,,,,
U04369,2024-12-04,paid_search,desktop,free_trial,2024-12-04 05:49:29.085695,,,2024-12-05 09:31:05.894722,2024-12-04,,profile_completed,2,0,5.8247460263888895,27.693558063055555,,,,
U04370,2024-07-11,paid_search,desktop,freemium,,,,,2024-07-11,,signup,0,0,,,,,,
U04371,2024-07-22,paid_search,desktop,freemium,2024-07-22 03:54:11.994804,,,,2024-07-22,,email_verified,1,0,3.90333189,,,,,
U04372,2024-03-03,paid_search,mobile,freemium,2024-03-03 01:49:58.592573,,,,2024-03-03,,email_verified,1,0,1.8329423813888888,,,,,
U04373,2024-03-23,organic,mobile,free_trial,,,,,2024-03-23,,signup,0,0,,,,,,
U04374,2024-10-25,organic,desktop,freemium,,,,,2024-10-25,,signup,0,0,,,,,,
U04375,2024-04-20,organic,desktop,freemium,2024-04-20 00:06:00.000000,,,,2024-04-20,,email_verified,1,0,0.1,,,,,
U04376,2024-08-01,paid_search,desktop,free_trial,2024-08-01 00:29:41.471562,2024-08-01 15:27:04.692466,,2024-08-01 00:35:41.471562,2024-08-01,,first_feature_used,3,0,0.4948532116666666,0.1,14.856450251111111,,,
U04377,2024-04-25,organic,mobile,freemium,2024-04-25 00:06:00.000000,,,,2024-04-25,,email_verified,1,0,0.1,,,,,
U04378,2024-04-06,organic,desktop,free_trial,,,,,2024-04-06,,signup,0,0,,,,,,
U04379,2024-03-01,paid_search,desktop,free_trial,2024-03-01 00:55:27.495072,,,2024-03-01 03:29:45.594666,2024-03-01,,profile_completed,2,0,0.9243041866666667,2.5716943316666665,,,,
U04380,2024-12-05,organic,mobile,freemium,2024-12-05 00:06:00.000000,2024-12-05 03:38:59.528394,,2024-12-05 03:32:59.528394,2024-12-05,,first_feature_used,3,0,0.1,3.4498689983333337,0.1,,,
U04381,2024-12-09,organic,desktop,free_trial,,,,,2024-12-09,,signup,0,0,,,,,,
U04382,2024-02-12,paid_search,mobile,free_trial,,,,,2024-02-12,,signup,0,0,,,,,,
U04383,2024-05-08,organic,desktop,freemium,2024-05-08 00:49:28.815712,,,,2024-05-08,,email_verified,1,0,0.8246710311111112,,,,,
U04384,2024-07-24,referral,tablet,free_trial,2024-07-24 00:06:00.000000,2024-07-27 13:16:35.399481,,2024-07-24 03:34:48.380441,2024-07-24,2024-08-02 14:27:12.900518,team_invited,4,0,0.1,3.4801056780555553,81.69639417777778,145.17708362138887,,
U04385,2024-05-19,referral,desktop,free_trial,2024-05-19 00:30:13.601328,2024-05-19 17:22:31.210267,,2024-05-19 17:16:31.210267,2024-05-19,2024-05-21 11:42:44.588568,team_invited,4,0,0.5037781466666666,16.77155803861111,0.1,42.33704952805555,,
U04386,2024-09-20,referral,desktop,free_trial,2024-09-20 02:57:38.680386,,,,2024-09-20,,email_verified,1,0,2.9607445516666666,,,,,
U04387,2024-04-04,organic,tablet,freemium,2024-04-04 01:44:59.162951,,,2024-04-04 01:50:59.162951,2024-04-04,,profile_completed,2,0,1.749767486388889,0.1,,,,
U04388,2024-01-22,organic,desktop,freemium,2024-01-22 00:06:00.000000,,,,2024-01-22,,email_verified,1,0,0.1,,,,,
U04389,2024-05-02,paid_search,mobile,free_trial,2024-05-02 01:58:31.102064,,,2024-05-02 19:57:51.017029,2024-05-02,,profile_completed,2,0,1.975306128888889,17.988865268055555,,,,
U04390,2024-08-06,paid_search,desktop,freemium,2024-08-06 01:50:46.015029,2024-08-06 14:24:39.391369,,2024-08-06 14:18:39.391369,2024-08-06,,first_feature_used,3,0,1.8461152858333334,12.464826761111112,0.1,,,
U04391,2024-03-06,paid_search,desktop,free_trial,2024-03-06 00:06:00.000000,2024-03-08 15:02:24.676067,,2024-03-06 00:12:00.000000,2024-03-06,,first_feature_used,3,0,0.1,0.1,62.84018779638889,,,
U04392,2024-10-24,organic,desktop,free_trial,2024-10-24 00:06:00.000000,,,2024-10-24 04:28:09.887342,2024-10-24,,profile_completed,2,0,0.1,4.369413150555555,,,,
U04393,2024-01-05,organic,desktop,free_trial,2024-01-05 01:51:02.031918,,,2024-01-05 01:57:02.031918,2024-01-05,,profile_completed,2,0,1.8505644216666666,0.1,,,,
U04394,2024-01-25,organic,mobile,free_trial,,,,,2024-01-25,,signup,0,0,,,,,,
U04395,2024-07-04,organic,desktop,free_trial,2024-07-04 00:06:00.000000,,,,2024-07-04,,email_verified,1,0,0.1,,,,,
U04396,2024-07-05,organic,desktop,freemium,2024-07-05 01:09:21.756915,2024-07-09 09:47:37.081840,,2024-07-05 01:15:21.756915,2024-07-05,,first_feature_used,3,0,1.1560435875,0.1,104.53759025694445,,,
U04397,2024-04-17,referral,desktop,freemium,2024-04-17 04:27:23.228334,2024-04-17 21:45:53.231151,,2024-04-17 04:33:23.228334,2024-04-17,2024-04-21 13:53:17.679784,team_invited,4,0,4.456452315,0.1,17.208334115833335,88.12345795361112,,
U04398,2024-04-04,organic,desktop,freemium,2024-04-04 02:35:07.760257,,,,2024-04-04,,email_verified,1,0,2.585488960277778,,,,,
U04399,2024-01-26,paid_search,desktop,freemium,2024-01-26 00:06:00.000000,2024-01-28 21:45:02.922107,,2024-01-26 18:15:05.127433,2024-01-26,,first_feature_used,3,0,0.1,18.151424286944444,51.499387409444445,,,
U04400,2024-08-29,referral,tablet,free_trial,2024-08-29 02:52:48.284925,,,,2024-08-29,,email_verified,1,0,2.8800791458333332,,,,,
U04401,2024-05-18,organic,desktop,free_trial,,,,,2024-05-18,,signup,0,0,,,,,,
U04402,2024-02-13,paid_search,desktop,free_trial,2024-02-13 02:32:42.357099,2024-02-14 10:19:13.722468,,2024-02-13 02:38:42.357099,2024-02-13,,first_feature_used,3,0,2.5450991941666667,0.1,31.67537926916667,,,
U04403,2024-05-25,paid_search,desktop,free_trial,,,,,2024-05-25,,signup,0,0,,,,,,
U04404,2024-12-08,organic,desktop,freemium,2024-12-08 00:36:21.331553,2024-12-09 06:06:17.389035,,2024-12-08 00:42:21.331553,2024-12-08,2024-12-09 06:12:17.389035,team_invited,4,0,0.6059254313888889,0.1,29.398904856111113,0.1,,
U04405,2024-04-05,paid_search,desktop,free_trial,2024-04-05 00:06:00.000000,2024-04-08 00:39:47.910333,,2024-04-05 04:22:19.756960,2024-04-05,,first_feature_used,3,0,0.1,4.272154711111111,68.29115371472223,,,
U04406,2024-11-22,referral,mobile,free_trial,,,,,2024-11-22,,signup,0,0,,,,,,
U04407,2024-04-04,paid_search,mobile,free_trial,2024-04-04 00:06:00.000000,,,,2024-04-04,,email_verified,1,0,0.1,,,,,
U04408,2024-03-08,referral,mobile,freemium,,,,,2024-03-08,,signup,0,0,,,,,,
U04409,2024-04-05,referral,desktop,free_trial,2024-04-05 00:06:00.000000,2024-04-06 02:43:59.349366,,2024-04-05 13:21:33.132222,2024-04-05,,first_feature_used,3,0,0.1,13.259203395,13.373949206666667,,,
U04410,2024-04-27,organic,mobile,freemium,2024-04-27 00:06:00.000000,,,,2024-04-27,,email_verified,1,0,0.1,,,,,
U04411,2024-02-14,paid_search,mobile,free_trial,2024-02-14 00:06:00.000000,2024-02-16 04:18:28.878218,,2024-02-14 03:01:25.173431,2024-02-14,,first_feature_used,3,0,0.1,2.923659286388889,49.284362440833334,,,
U04412,2024-08-02,paid_search,mobile,free_trial,2024-08-02 00:34:20.013636,,,,2024-08-02,,email_verified,1,0,0.5722260100000001,,,,,
U04413,2024-05-01,paid_search,tablet,free_trial,2024-05-01 00:30:49.052234,,,2024-05-01 11:49:58.138527,2024-05-01,,profile_completed,2,0,0.5136256205555556,11.319190636944445,,,,
U04414,2024-09-19,paid_search,desktop,freemium,2024-09-19 00:06:00.000000,2024-09-22 01:33:00.387680,,2024-09-19 00:12:00.000000,2024-09-19,2024-09-24 03:05:11.391014,team_invited,4,0,0.1,0.1,73.35010768888888,49.536389815,,
U04415,2024-06-28,paid_search,tablet,freemium,,,,,2024-06-28,,signup,0,0,,,,,,
U04416,2024-06-10,referral,mobile,free_trial,,,,,2024-06-10,,signup,0,0,,,,,,
U04417,2024-06-20,organic,mobile,free_trial,2024-06-20 01:48:39.344349,2024-06-20 14:12:49.975326,,2024-06-20 14:06:49.975326,2024-06-20,,first_feature_used,3,0,1.8109289858333333,12.302953049166668,0.1,,,
U04418,2024-02-27,paid_search,mobile,free_trial,,,,,2024-02-27,,signup,0,0,,,,,,
U04419,2024-09-17,organic,tablet,free_trial,2024-09-17 00:14:04.581391,,,,2024-09-17,,email_verified,1,0,0.23460594194444445,,,,,
U04420,2024-02-08,paid_search,desktop,free_trial,2024-02-08 01:03:43.453604,,,2024-02-08 10:24:50.420132,2024-02-08,,profile_completed,2,0,1.0620704455555554,9.351935146666666,,,,
U04421,2024-09-20,paid_search,mobile,free_trial,2024-09-20 00:06:41.508213,2024-09-23 04:09:36.237955,2024-09-24 05:44:15.610089,2024-09-20 00:12:41.508213,2024-09-20,2024-09-23 04:15:36.237955,paid_conversion,5,1,0.11153005916666667,0.1,75.94853603944445,0.1,25.477603370555556,101.73766946916668
U04422,2024-12-30,paid_search,mobile,freemium,2024-12-30 00:06:00.000000,,,,2024-12-30,,email_verified,1,0,0.1,,,,,
U04423,2024-10-05,organic,mobile,freemium,,,,,2024-10-05,,signup,0,0,,,,,,
U04424,2024-06-15,paid_search,mobile,freemium,,,,,2024-06-15,,signup,0,0,,,,,,
U04425,2024-04-24,organic,desktop,freemium,,,,,2024-04-24,,signup,0,0,,,,,,
U04426,2024-11-14,organic,desktop,freemium,,,,,2024-11-14,,signup,0,0,,,,,,
U04427,2024-04-03,organic,desktop,freemium,2024-04-03 00:24:16.251226,,,,2024-04-03,,email_verified,1,0,0.4045142294444445,,,,,
U04428,2024-06-25,referral,mobile,free_trial,2024-06-25 03:15:19.121727,,,2024-06-25 04:12:45.968847,2024-06-25,,profile_completed,2,0,3.255311590833333,0.9574575333333333,,,,
U04429,2024-10-08,organic,mobile,free_trial,2024-10-08 00:45:00.669855,,,2024-10-08 00:51:00.669855,2024-10-08,,profile_completed,2,0,0.7501860708333333,0.1,,,,
U04430,2024-12-02,referral,mobile,free_trial,2024-12-02 00:06:00.000000,,,2024-12-02 00:12:00.000000,2024-12-02,,profile_completed,2,0,0.1,0.1,,,,
U04431,2024-12-02,organic,mobile,freemium,,,,,2024-12-02,,signup,0,0,,,,,,
U04432,2024-02-02,paid_search,desktop,free_trial,2024-02-02 02:21:57.624708,2024-02-06 02:41:01.031196,,2024-02-02 16:11:33.252565,2024-02-02,2024-02-06 02:47:01.031196,team_invited,4,0,2.3660068633333333,13.82656329361111,82.49104961972223,0.1,,
U04433,2024-11-23,paid_search,desktop,free_trial,2024-11-23 03:34:07.076165,2024-11-25 17:20:10.466175,,2024-11-23 18:38:02.852417,2024-11-23,2024-11-26 20:51:09.345543,team_invited,4,0,3.5686322680555556,15.065493403333335,46.702114932777775,27.516355379999997,,
U04434,2024-02-11,paid_search,mobile,free_trial,2024-02-11 05:00:59.276102,2024-02-13 17:08:49.415137,,2024-02-12 00:22:01.861396,2024-02-11,,first_feature_used,3,0,5.0164655838888885,19.350718137222223,40.779876039166666,,,
U04435,2024-08-01,paid_search,mobile,freemium,,,,,2024-08-01,,signup,0,0,,,,,,
U04436,2024-12-05,paid_search,mobile,freemium,2024-12-05 02:10:22.960198,,,2024-12-05 19:47:59.211868,2024-12-05,,profile_completed,2,0,2.1730444994444444,17.626736575,,,,
U04437,2024-08-27,referral,mobile,freemium,2024-08-27 01:09:51.847494,2024-08-28 14:11:52.812724,,2024-08-27 07:35:17.449010,2024-08-27,,first_feature_used,3,0,1.1644020816666665,6.423778198888889,30.60982325388889,,,
U04438,2024-12-11,paid_search,tablet,freemium,2024-12-11 00:13:21.067597,2024-12-12 06:03:58.388584,,2024-12-11 07:24:36.073536,2024-12-11,,first_feature_used,3,0,0.22251877694444444,7.187501649722222,22.656198624444446,,,
U04439,2024-05-05,organic,desktop,freemium,2024-05-05 03:40:08.059885,,,2024-05-05 03:46:08.059885,2024-05-05,,profile_completed,2,0,3.6689055236111114,0.1,,,,
U04440,2024-04-24,organic,mobile,free_trial,2024-04-24 01:55:58.368025,,,2024-04-24 02:01:58.368025,2024-04-24,,profile_completed,2,0,1.9328800069444443,0.1,,,,
U04441,2024-04-29,paid_search,desktop,freemium,2024-04-29 03:15:03.479078,2024-05-01 21:20:42.272965,,2024-04-29 15:36:23.684060,2024-04-29,,first_feature_used,3,0,3.250966410555556,12.355612495,53.73849691805556,,,
U04442,2024-05-09,paid_search,desktop,freemium,2024-05-09 00:34:40.362084,2024-05-13 23:17:42.298399,,2024-05-09 00:40:40.362084,2024-05-09,,first_feature_used,3,0,0.5778783566666666,0.1,118.61720453194444,,,
U04443,2024-09-06,paid_search,desktop,free_trial,2024-09-06 00:06:00.000000,2024-09-08 14:13:23.754783,,2024-09-06 12:20:59.954659,2024-09-06,2024-09-08 14:19:23.754783,team_invited,4,0,0.1,12.249987405277778,49.87327781222222,0.1,,
U04444,2024-06-14,paid_search,desktop,freemium,,,,,2024-06-14,,signup,0,0,,,,,,
U04445,2024-09-26,organic,desktop,freemium,2024-09-26 02:53:51.236943,,,,2024-09-26,,email_verified,1,0,2.8975658175,,,,,
U04446,2024-05-31,paid_search,mobile,freemium,2024-05-31 00:06:00.000000,,,2024-05-31 00:16:19.695741,2024-05-31,,profile_completed,2,0,0.1,0.17213770583333332,,,,
U04447,2024-04-22,paid_search,desktop,freemium,2024-04-22 01:49:41.294635,2024-04-23 19:41:56.247557,,2024-04-22 01:55:41.294635,2024-04-22,2024-04-23 19:47:56.247557,team_invited,4,0,1.8281373986111111,0.1,41.77082025611111,0.1,,
U04448,2024-03-10,paid_search,desktop,free_trial,2024-03-10 00:06:00.000000,,,,2024-03-10,,email_verified,1,0,0.1,,,,,
U04449,2024-07-20,paid_search,desktop,free_trial,2024-07-20 00:06:00.000000,,,2024-07-20 04:09:07.597139,2024-07-20,,profile_completed,2,0,0.1,4.052110316388889,,,,
U04450,2024-11-23,referral,desktop,free_trial,2024-11-23 00:58:29.207195,2024-11-23 13:24:35.281926,,2024-11-23 13:18:35.281926,2024-11-23,,first_feature_used,3,0,0.9747797763888889,12.335020758611112,0.1,,,
U04451,2024-11-09,paid_search,mobile,freemium,,,,,2024-11-09,,signup,0,0,,,,,,
U04452,2024-04-02,referral,desktop,freemium,2024-04-02 00:06:00.000000,,,2024-04-02 00:12:00.000000,2024-04-02,,profile_completed,2,0,0.1,0.1,,,,
U04453,2024-06-23,organic,desktop,freemium,,,,,2024-06-23,,signup,0,0,,,,,,
U04454,2024-09-14,paid_search,tablet,freemium,2024-09-14 00:24:25.697310,,,,2024-09-14,,email_verified,1,0,0.4071381416666667,,,,,
U04455,2024-08-11,paid_search,mobile,freemium,2024-08-11 00:11:34.103640,,,,2024-08-11,,email_verified,1,0,0.19280656666666668,,,,,
U04456,2024-01-25,paid_search,mobile,free_trial,,,,,2024-01-25,,signup,0,0,,,,,,
U04457,2024-08-03,organic,mobile,free_trial,2024-08-03 00:06:00.000000,,,2024-08-03 09:21:17.415238,2024-08-03,,profile_completed,2,0,0.1,9.254837566111112,,,,
U04458,2024-01-15,paid_search,desktop,free_trial,2024-01-15 04:07:45.267747,2024-01-15 22:52:42.316505,,2024-01-15 04:13:45.267747,2024-01-15,,first_feature_used,3,0,4.1292410408333335,0.1,18.649180210555556,,,
U04459,2024-02-12,organic,mobile,freemium,2024-02-12 00:44:58.555778,,,,2024-02-12,,email_verified,1,0,0.7495988272222222,,,,,
U04460,2024-08-26,referral,desktop,free_trial,2024-08-26 00:14:21.462472,,,2024-08-26 00:20:21.462472,2024-08-26,,profile_completed,2,0,0.23929513111111111,0.1,,,,
U04461,2024-02-07,organic,desktop,freemium,,,,,2024-02-07,,signup,0,0,,,,,,
U04462,2024-05-03,organic,desktop,freemium,,,,,2024-05-03,,signup,0,0,,,,,,
U04463,2024-08-02,paid_search,mobile,free_trial,,,,,2024-08-02,,signup,0,0,,,,,,
U04464,2024-08-27,organic,desktop,freemium,2024-08-27 00:06:00.000000,2024-08-28 14:43:42.815105,,2024-08-27 17:00:34.218437,2024-08-27,2024-09-02 00:54:58.135125,team_invited,4,0,0.1,16.90950512138889,21.71905463,106.18758889444445,,
U04465,2024-06-11,organic,desktop,freemium,2024-06-11 01:41:40.348103,,,,2024-06-11,,email_verified,1,0,1.6945411397222223,,,,,
U04466,2024-02-04,paid_search,desktop,freemium,2024-02-04 00:19:36.234839,2024-02-05 02:56:28.854292,,2024-02-04 22:12:52.722618,2024-02-04,,first_feature_used,3,0,0.3267318997222222,21.887913271944445,4.726703242777778,,,
U04467,2024-10-18,paid_search,mobile,free_trial,,,,,2024-10-18,,signup,0,0,,,,,,
U04468,2024-12-12,organic,desktop,free_trial,2024-12-12 02:48:43.847311,,,,2024-12-12,,email_verified,1,0,2.812179808611111,,,,,
U04469,2024-11-20,paid_search,desktop,free_trial,2024-11-20 00:53:06.948765,2024-11-20 21:30:53.423557,,2024-11-20 14:24:39.886171,2024-11-20,2024-11-24 09:02:35.850338,team_invited,4,0,0.8852635458333333,13.525815946111111,7.103760385,83.52845188361111,,
U04470,2024-09-30,paid_search,desktop,free_trial,2024-09-30 00:06:00.000000,2024-09-30 00:18:00.000000,2024-10-11 13:26:25.502220,2024-09-30 00:12:00.000000,2024-09-30,2024-10-05 13:47:05.277790,paid_conversion,5,1,0.1,0.1,0.1,133.48479938611112,143.6556178972222,277.4404172833333
U04471,2024-05-26,paid_search,mobile,freemium,,,,,2024-05-26,,signup,0,0,,,,,,
U04472,2024-11-15,organic,desktop,freemium,2024-11-15 00:06:00.000000,2024-11-17 07:34:48.968793,2024-12-07 22:49:42.969794,2024-11-15 00:12:00.000000,2024-11-15,2024-11-24 20:15:41.789837,paid_conversion,5,1,0.1,0.1,55.38026910916667,180.6813391788889,314.5669944325,550.8286027205555
U04473,2024-06-27,organic,tablet,freemium,,,,,2024-06-27,,signup,0,0,,,,,,
U04474,2024-02-19,referral,desktop,free_trial,2024-02-19 00:06:00.000000,2024-02-19 00:18:00.000000,,2024-02-19 00:12:00.000000,2024-02-19,2024-02-19 09:18:45.612012,team_invited,4,0,0.1,0.1,0.1,9.012670003333334,,
U04475,2024-11-06,paid_search,desktop,freemium,2024-11-06 02:09:10.165134,,,,2024-11-06,,email_verified,1,0,2.1528236483333334,,,,,
U04476,2024-04-26,organic,desktop,free_trial,2024-04-26 02:15:30.662442,2024-04-26 02:27:30.662442,,2024-04-26 02:21:30.662442,2024-04-26,,first_feature_used,3,0,2.258517345,0.1,0.1,,,
U04477,2024-12-08,referral,desktop,free_trial,2024-12-08 02:29:32.348679,2024-12-08 09:29:32.968829,,2024-12-08 09:23:32.968829,2024-12-08,,first_feature_used,3,0,2.4923190775000004,6.900172263888889,0.1,,,
U04478,2024-05-14,organic,desktop,freemium,2024-05-14 00:38:19.841592,,,2024-05-14 00:44:19.841592,2024-05-14,,profile_completed,2,0,0.6388448866666667,0.1,,,,
U04479,2024-11-13,paid_search,desktop,freemium,2024-11-13 00:06:00.000000,,,2024-11-13 06:23:23.508611,2024-11-13,,profile_completed,2,0,0.1,6.289863503055556,,,,
U04480,2024-07-15,paid_search,mobile,freemium,2024-07-15 00:06:00.000000,2024-07-15 13:48:16.417679,,2024-07-15 00:12:00.000000,2024-07-15,,first_feature_used,3,0,0.1,0.1,13.604560466388888,,,
U04481,2024-06-19,referral,desktop,freemium,2024-06-19 00:46:24.000859,,,2024-06-19 07:36:34.785022,2024-06-19,,profile_completed,2,0,0.7733335719444445,6.836328934166667,,,,
U04482,2024-04-18,referral,desktop,free_trial,2024-04-18 00:06:00.000000,,,2024-04-18 00:12:00.000000,2024-04-18,,profile_completed,2,0,0.1,0.1,,,,
U04483,2024-11-01,organic,desktop,free_trial,2024-11-01 01:43:36.999955,,,,2024-11-01,,email_verified,1,0,1.7269444319444445,,,,,
U04484,2024-01-23,paid_search,desktop,free_trial,,,,,2024-01-23,,signup,0,0,,,,,,
U04485,2024-06-20,organic,desktop,freemium,2024-06-20 00:06:00.000000,,,2024-06-20 00:12:00.000000,2024-06-20,,profile_completed,2,0,0.1,0.1,,,,
U04486,2024-05-14,paid_search,desktop,free_trial,2024-05-14 02:18:22.243435,2024-05-14 20:49:06.907071,2024-05-27 05:39:56.904048,2024-05-14 16:58:55.550096,2024-05-14,2024-05-23 14:24:11.782655,paid_conversion,5,1,2.3061787319444447,14.675918516944446,3.8364880486111113,209.58468766222222,87.26253372027779,317.66580668
U04487,2024-07-17,paid_search,desktop,free_trial,2024-07-17 00:35:58.035524,2024-07-20 10:11:03.491727,,2024-07-17 07:37:20.023179,2024-07-17,,first_feature_used,3,0,0.5994543122222222,7.022774348611112,74.56207459666666,,,
U04488,2024-04-02,organic,desktop,free_trial,,,,,2024-04-02,,signup,0,0,,,,,,
U04489,2024-08-30,organic,tablet,freemium,2024-08-30 03:16:00.324233,2024-09-02 06:22:41.080617,,2024-08-30 23:57:53.450968,2024-08-30,,first_feature_used,3,0,3.2667567313888886,20.69809075972222,54.41323045805556,,,
U04490,2024-05-20,organic,mobile,freemium,,,,,2024-05-20,,signup,0,0,,,,,,
U04491,2024-03-09,organic,tablet,free_trial,2024-03-09 02:27:17.548134,2024-03-13 01:22:52.850584,,2024-03-09 03:48:00.780434,2024-03-09,2024-03-21 01:53:26.136921,team_invited,4,0,2.4548744816666668,1.3453423055555556,93.58113059722221,192.50924620472222,,
U04492,2024-03-12,organic,desktop,free_trial,2024-03-12 03:04:12.388770,,,2024-03-12 03:10:12.388770,2024-03-12,,profile_completed,2,0,3.0701079916666667,0.1,,,,
U04493,2024-09-11,referral,mobile,freemium,2024-09-11 00:06:00.000000,,,2024-09-11 00:12:00.000000,2024-09-11,,profile_completed,2,0,0.1,0.1,,,,
U04494,2024-04-05,paid_search,desktop,freemium,2024-04-05 00:15:57.379830,,,2024-04-05 00:21:57.379830,2024-04-05,,profile_completed,2,0,0.26593884166666665,0.1,,,,
U04495,2024-04-22,paid_search,desktop,free_trial,2024-04-22 01:31:01.532660,2024-04-23 15:34:59.992726,2024-05-09 18:40:29.903746,2024-04-22 01:37:01.532660,2024-04-22,2024-05-02 07:10:30.050185,paid_conversion,5,1,1.5170924055555555,0.1,37.96623890722222,207.5916826275,179.4999593225,426.67497326277777
U04496,2024-08-16,referral,mobile,free_trial,2024-08-16 00:06:00.000000,2024-08-16 00:18:00.000000,,2024-08-16 00:12:00.000000,2024-08-16,,first_feature_used,3,0,0.1,0.1,0.1,,,
U04497,2024-04-30,paid_search,desktop,freemium,2024-04-30 00:41:09.530480,,,,2024-04-30,,email_verified,1,0,0.6859806888888889,,,,,
U04498,2024-05-21,organic,desktop,freemium,2024-05-21 02:17:41.239635,,,,2024-05-21,,email_verified,1,0,2.2947887875,,,,,
U04499,2024-03-30,referral,mobile,free_trial,,,,,2024-03-30,,signup,0,0,,,,,,
U04500,2024-05-06,paid_search,mobile,freemium,2024-05-06 00:16:03.409162,2024-05-11 13:23:18.472403,,2024-05-06 02:26:33.706187,2024-05-06,,first_feature_used,3,0,0.2676136561111111,2.1750825069444444,130.94576839333334,,,
U04501,2024-09-09,paid_search,desktop,freemium,2024-09-09 00:40:49.383890,,,,2024-09-09,,email_verified,1,0,0.6803844138888889,,,,,
U04502,2024-07-13,referral,desktop,free_trial,2024-07-13 01:27:02.591095,,,2024-07-13 22:38:49.314756,2024-07-13,,profile_completed,2,0,1.450719748611111,21.196312128055556,,,,
U04503,2024-12-30,paid_search,desktop,free_trial,2024-12-30 00:29:03.495302,2025-01-02 08:33:08.699882,,2024-12-30 18:25:38.038214,2024-12-30,,first_feature_used,3,0,0.4843042505555556,17.942928586666667,62.12518379666666,,,
U04504,2024-10-08,paid_search,tablet,freemium,2024-10-08 02:11:06.030350,2024-10-10 06:11:38.262482,,2024-10-08 16:42:21.810263,2024-10-08,,first_feature_used,3,0,2.1850084305555555,14.521049975833334,37.487903394166665,,,
U04505,2024-01-07,referral,desktop,free_trial,2024-01-07 00:30:30.925901,,,,2024-01-07,,email_verified,1,0,0.5085905280555556,,,,,
U04506,2024-05-18,paid_search,desktop,free_trial,2024-05-18 02:56:38.303496,2024-05-19 17:21:09.155616,2024-05-30 06:43:55.005321,2024-05-18 03:02:38.303496,2024-05-18,2024-05-20 20:43:34.794675,paid_conversion,5,1,2.9439731933333335,0.1,38.30857003333333,27.373788627499998,226.00561406833333,294.7319459225
U04507,2024-04-15,referral,desktop,freemium,2024-04-15 00:06:00.000000,2024-04-17 17:07:02.126281,,2024-04-15 00:12:00.000000,2024-04-15,,first_feature_used,3,0,0.1,0.1,64.91725730027778,,,
U04508,2024-08-02,organic,tablet,free_trial,2024-08-02 02:06:56.304827,,,2024-08-02 12:39:18.758397,2024-08-02,,profile_completed,2,0,2.115640229722222,10.539570436111111,,,,
U04509,2024-04-06,organic,mobile,freemium,2024-04-06 00:06:00.000000,,,2024-04-07 05:50:17.846020,2024-04-06,,profile_completed,2,0,0.1,29.73829056111111,,,,
U04510,2024-12-18,paid_search,desktop,free_trial,2024-12-18 00:06:00.000000,,,,2024-12-18,,email_verified,1,0,0.1,,,,,
U04511,2024-04-19,organic,tablet,free_trial,,,,,2024-04-19,,signup,0,0,,,,,,
U04512,2024-07-09,referral,desktop,free_trial,2024-07-09 03:09:14.196263,2024-07-09 15:31:49.542440,,2024-07-09 15:25:49.542440,2024-07-09,2024-07-09 15:37:49.542440,team_invited,4,0,3.1539434063888887,12.276485049166666,0.1,0.1,,
U04513,2024-02-14,organic,mobile,freemium,2024-02-14 00:24:25.558324,,,,2024-02-14,,email_verified,1,0,0.40709953444444447,,,,,
U04514,2024-11-28,paid_search,desktop,freemium,,,,,2024-11-28,,signup,0,0,,,,,,
U04515,2024-11-28,organic,desktop,freemium,,,,,2024-11-28,,signup,0,0,,,,,,
U04516,2024-10-16,referral,desktop,free_trial,2024-10-16 00:06:00.000000,,,,2024-10-16,,email_verified,1,0,0.1,,,,,
U04517,2024-05-08,organic,tablet,freemium,,,,,2024-05-08,,signup,0,0,,,,,,
U04518,2024-01-22,organic,tablet,free_trial,2024-01-22 04:18:33.005917,,,2024-01-22 04:24:33.005917,2024-01-22,,profile_completed,2,0,4.309168310277778,0.1,,,,
U04519,2024-09-16,organic,desktop,freemium,,,,,2024-09-16,,signup,0,0,,,,,,
U04520,2024-06-05,paid_search,desktop,free_trial,,,,,2024-06-05,,signup,0,0,,,,,,
U04521,2024-12-27,referral,desktop,freemium,2024-12-27 00:42:42.521210,,,,2024-12-27,,email_verified,1,0,0.7118114472222222,,,,,
U04522,2024-09-11,referral,desktop,free_trial,2024-09-11 00:06:00.000000,2024-09-13 15:11:30.203898,,2024-09-11 00:12:00.000000,2024-09-11,2024-09-19 08:57:45.582969,team_invited,4,0,0.1,0.1,62.991723305,137.7709386308333,,
U04523,2024-07-15,organic,desktop,free_trial,2024-07-15 00:06:00.000000,,,,2024-07-15,,email_verified,1,0,0.1,,,,,
U04524,2024-12-26,paid_search,desktop,freemium,2024-12-26 00:56:42.175805,,,2024-12-26 06:56:28.353327,2024-12-26,,profile_completed,2,0,0.9450488347222222,5.996160422777778,,,,
U04525,2024-10-19,organic,mobile,free_trial,,,,,2024-10-19,,signup,0,0,,,,,,
U04526,2024-06-16,paid_search,mobile,free_trial,2024-06-16 02:07:23.421569,2024-06-16 05:12:32.995477,2024-06-21 23:30:21.169226,2024-06-16 05:06:32.995477,2024-06-16,2024-06-16 05:18:32.995477,paid_conversion,5,1,2.1231726580555557,2.9859927522222223,0.1,0.1,138.19671493027778,143.50588034055556
U04527,2024-01-07,paid_search,tablet,freemium,2024-01-07 01:39:46.175876,2024-01-10 09:11:10.624220,,2024-01-07 14:56:23.627013,2024-01-07,,first_feature_used,3,0,1.6628266322222223,13.277069760277778,66.24638811305556,,,
U04528,2024-02-03,organic,desktop,free_trial,2024-02-03 02:02:12.596773,,,2024-02-03 07:47:03.726875,2024-02-03,,profile_completed,2,0,2.0368324369444446,5.747536139444445,,,,
U04529,2024-06-10,paid_search,desktop,freemium,2024-06-10 00:56:22.003526,,,,2024-06-10,,email_verified,1,0,0.9394454238888889,,,,,
U04530,2024-07-24,referral,desktop,freemium,2024-07-24 02:57:54.833071,2024-07-24 03:09:54.833071,2024-08-07 03:42:53.118939,2024-07-24 03:03:54.833071,2024-07-24,2024-07-31 06:30:40.330703,paid_conversion,5,1,2.965231408611111,0.1,0.1,171.34597156444445,165.20355228777777,339.71475526083333
U04531,2024-01-12,organic,desktop,freemium,2024-01-12 00:06:00.000000,,,,2024-01-12,,email_verified,1,0,0.1,,,,,
U04532,2024-02-16,organic,mobile,free_trial,,,,,2024-02-16,,signup,0,0,,,,,,
U04533,2024-09-14,organic,mobile,freemium,2024-09-14 01:02:59.983210,,,2024-09-14 12:58:59.530726,2024-09-14,,profile_completed,2,0,1.0499953361111112,11.933207643333333,,,,
U04534,2024-10-01,organic,desktop,free_trial,2024-10-01 01:17:31.637653,,,,2024-10-01,,email_verified,1,0,1.2921215702777777,,,,,
U04535,2024-01-11,organic,desktop,free_trial,2024-01-11 01:10:01.190343,2024-01-11 01:22:01.190343,,2024-01-11 01:16:01.190343,2024-01-11,,first_feature_used,3,0,1.1669973175000001,0.1,0.1,,,
U04536,2024-07-04,paid_search,mobile,freemium,2024-07-04 01:09:18.721708,,,,2024-07-04,,email_verified,1,0,1.1552004744444444,,,,,
U04537,2024-01-30,organic,desktop,freemium,2024-01-30 00:59:14.769617,,,,2024-01-30,,email_verified,1,0,0.9874360047222221,,,,,
U04538,2024-09-21,paid_search,desktop,free_trial,2024-09-21 00:06:00.000000,2024-09-25 12:19:27.699019,,2024-09-21 00:12:00.000000,2024-09-21,,first_feature_used,3,0,0.1,0.1,108.12436083861111,,,
U04539,2024-10-31,referral,mobile,free_trial,2024-10-31 00:56:47.930946,,,2024-10-31 01:02:47.930946,2024-10-31,,profile_completed,2,0,0.946647485,0.1,,,,
U04540,2024-11-13,referral,desktop,freemium,2024-11-13 00:06:00.000000,,,,2024-11-13,,email_verified,1,0,0.1,,,,,
U04541,2024-08-06,paid_search,desktop,free_trial,2024-08-06 00:06:00.000000,,,2024-08-06 00:12:00.000000,2024-08-06,,profile_completed,2,0,0.1,0.1,,,,
U04542,2024-08-17,organic,mobile,freemium,2024-08-17 00:06:00.000000,,,,2024-08-17,,email_verified,1,0,0.1,,,,,
U04543,2024-12-04,organic,tablet,free_trial,2024-12-04 00:10:00.580109,2024-12-06 12:35:58.454755,,2024-12-04 00:16:00.580109,2024-12-04,,first_feature_used,3,0,0.16682780805555555,0.1,60.33274295722222,,,
U04544,2024-08-11,organic,desktop,free_trial,2024-08-11 00:06:00.000000,,,2024-08-11 14:01:11.294418,2024-08-11,,profile_completed,2,0,0.1,13.919804005,,,,
U04545,2024-06-11,referral,desktop,freemium,2024-06-11 00:06:00.000000,,,,2024-06-11,,email_verified,1,0,0.1,,,,,
U04546,2024-10-02,referral,mobile,freemium,2024-10-02 00:06:00.000000,2024-10-04 18:27:08.536417,,2024-10-02 00:12:00.000000,2024-10-02,2024-10-06 00:28:24.964196,team_invited,4,0,0.1,0.1,66.25237122694445,30.021229938611114,,
U04547,2024-08-03,organic,mobile,free_trial,,,,,2024-08-03,,signup,0,0,,,,,,
U04548,2024-11-03,organic,desktop,freemium,,,,,2024-11-03,,signup,0,0,,,,,,
U04549,2024-07-10,paid_search,desktop,free_trial,2024-07-10 00:06:00.000000,,,,2024-07-10,,email_verified,1,0,0.1,,,,,
U04550,2024-11-13,organic,mobile,free_trial,,,,,2024-11-13,,signup,0,0,,,,,,
U04551,2024-01-17,referral,desktop,free_trial,2024-01-17 00:06:00.000000,2024-01-20 19:02:03.611191,,2024-01-17 02:41:09.482752,2024-01-17,,first_feature_used,3,0,0.1,2.585967431111111,88.34836901083334,,,
U04552,2024-01-14,organic,desktop,free_trial,2024-01-14 00:14:45.264580,2024-01-14 00:26:45.264580,2024-01-25 02:48:12.612017,2024-01-14 00:20:45.264580,2024-01-14,2024-01-14 06:47:05.989770,paid_conversion,5,1,0.24590682777777778,0.1,0.1,6.339090330555556,260.01850617972224,266.8035033380556
U04553,2024-02-06,organic,desktop,freemium,2024-02-06 03:21:53.453254,,,,2024-02-06,,email_verified,1,0,3.364848126111111,,,,,
U04554,2024-07-22,organic,desktop,free_trial,2024-07-22 00:06:00.000000,,,,2024-07-22,,email_verified,1,0,0.1,,,,,
U04555,2024-09-15,organic,tablet,free_trial,2024-09-15 00:06:00.000000,2024-09-16 23:42:50.070116,,2024-09-15 00:12:00.000000,2024-09-15,,first_feature_used,3,0,0.1,0.1,47.51390836555555,,,
U04556,2024-03-19,organic,desktop,free_trial,2024-03-19 00:48:21.629552,,,,2024-03-19,,email_verified,1,0,0.8060082088888888,,,,,
U04557,2024-02-26,referral,desktop,freemium,2024-02-26 01:44:54.206523,2024-02-27 01:15:10.273512,,2024-02-26 01:50:54.206523,2024-02-26,2024-03-02 02:04:13.115023,team_invited,4,0,1.7483907008333333,0.1,23.4044630525,96.81745597527778,,
U04558,2024-11-10,organic,tablet,freemium,,,,,2024-11-10,,signup,0,0,,,,,,
U04559,2024-09-30,paid_search,desktop,free_trial,2024-09-30 02:41:01.363826,,,,2024-09-30,,email_verified,1,0,2.683712173888889,,,,,
U04560,2024-08-24,organic,desktop,free_trial,2024-08-24 02:02:31.210995,,,2024-08-24 06:03:14.224241,2024-08-24,,profile_completed,2,0,2.042003054166667,4.011948123888889,,,,
U04561,2024-06-27,organic,desktop,freemium,2024-06-27 01:37:13.921268,,,,2024-06-27,,email_verified,1,0,1.6205336855555557,,,,,
U04562,2024-06-02,organic,mobile,free_trial,2024-06-02 00:06:00.000000,,,,2024-06-02,,email_verified,1,0,0.1,,,,,
U04563,2024-01-08,organic,mobile,freemium,,,,,2024-01-08,,signup,0,0,,,,,,
U04564,2024-03-09,organic,mobile,freemium,2024-03-09 05:00:26.144720,,,,2024-03-09,,email_verified,1,0,5.007262422222222,,,,,
U04565,2024-11-23,organic,desktop,freemium,2024-11-23 01:33:24.450993,,,,2024-11-23,,email_verified,1,0,1.5567919425,,,,,
U04566,2024-05-03,referral,desktop,free_trial,2024-05-03 00:06:00.000000,2024-05-03 00:18:00.000000,2024-05-12 02:09:17.917890,2024-05-03 00:12:00.000000,2024-05-03,2024-05-06 17:25:49.200121,paid_conversion,5,1,0.1,0.1,0.1,89.13033336694444,128.72464382472222,218.1549771916667
U04567,2024-09-14,paid_search,desktop,free_trial,2024-09-14 01:30:03.769478,,,2024-09-14 12:33:09.536367,2024-09-14,,profile_completed,2,0,1.5010470772222222,11.05160191361111,,,,
U04568,2024-09-13,referral,tablet,free_trial,2024-09-13 00:39:22.191320,,,2024-09-13 05:59:46.519828,2024-09-13,,profile_completed,2,0,0.6561642555555556,5.340091252222222,,,,
U04569,2024-04-22,organic,desktop,free_trial,2024-04-22 01:11:18.859758,,,2024-04-22 10:35:19.364859,2024-04-22,,profile_completed,2,0,1.188572155,9.400140305833334,,,,
U04570,2024-03-15,paid_search,mobile,free_trial,2024-03-15 00:06:00.000000,,,,2024-03-15,,email_verified,1,0,0.1,,,,,
U04571,2024-09-09,paid_search,mobile,freemium,,,,,2024-09-09,,signup,0,0,,,,,,
U04572,2024-02-04,organic,desktop,free_trial,2024-02-04 00:26:13.356439,,,2024-02-04 07:34:58.887548,2024-02-04,,profile_completed,2,0,0.43704345527777777,7.145980863611111,,,,
U04573,2024-06-29,organic,desktop,free_trial,2024-06-29 00:42:47.734872,,,,2024-06-29,,email_verified,1,0,0.7132596866666666,,,,,
U04574,2024-11-20,paid_search,desktop,free_trial,2024-11-20 04:23:25.468840,,,2024-11-20 04:29:25.468840,2024-11-20,,profile_completed,2,0,4.390408011111111,0.1,,,,
U04575,2024-09-16,paid_search,desktop,free_trial,,,,,2024-09-16,,signup,0,0,,,,,,
U04576,2024-10-05,paid_search,tablet,free_trial,2024-10-05 00:06:00.000000,,,,2024-10-05,,email_verified,1,0,0.1,,,,,
U04577,2024-01-31,organic,desktop,free_trial,2024-01-31 03:57:49.483612,,,2024-01-31 04:03:49.483612,2024-01-31,,profile_completed,2,0,3.963745447777778,0.1,,,,
U04578,2024-03-13,referral,tablet,freemium,,,,,2024-03-13,,signup,0,0,,,,,,
U04579,2024-04-10,organic,desktop,freemium,,,,,2024-04-10,,signup,0,0,,,,,,
U04580,2024-04-16,referral,desktop,free_trial,2024-04-16 00:06:00.000000,2024-04-17 07:45:38.476721,,2024-04-16 02:23:17.710472,2024-04-16,2024-04-18 07:38:43.990655,team_invited,4,0,0.1,2.288252908888889,29.372435069166666,23.884864981666666,,
U04581,2024-03-11,referral,tablet,freemium,,,,,2024-03-11,,signup,0,0,,,,,,
U04582,2024-12-20,referral,mobile,free_trial,2024-12-20 00:24:35.438323,,,2024-12-20 00:30:35.438323,2024-12-20,,profile_completed,2,0,0.40984397861111116,0.1,,,,
U04583,2024-03-01,paid_search,desktop,free_trial,2024-03-01 00:06:00.000000,2024-03-03 02:49:53.431981,,2024-03-01 00:12:00.000000,2024-03-01,,first_feature_used,3,0,0.1,0.1,50.63150888361111,,,
U04584,2024-09-15,organic,mobile,freemium,,,,,2024-09-15,,signup,0,0,,,,,,
U04585,2024-08-02,paid_search,mobile,freemium,,,,,2024-08-02,,signup,0,0,,,,,,
U04586,2024-08-10,paid_search,mobile,free_trial,2024-08-10 00:06:00.000000,2024-08-15 08:16:58.479368,,2024-08-10 23:20:09.354232,2024-08-10,,first_feature_used,3,0,0.1,23.235931731111112,104.94697920444445,,,
U04587,2024-03-19,paid_search,mobile,free_trial,2024-03-19 02:13:33.197078,,,2024-03-19 02:19:33.197078,2024-03-19,,profile_completed,2,0,2.2258880772222223,0.1,,,,
U04588,2024-04-22,organic,desktop,free_trial,2024-04-22 00:06:00.000000,,,2024-04-22 03:17:23.350809,2024-04-22,,profile_completed,2,0,0.1,3.1898196691666665,,,,
U04589,2024-08-09,organic,desktop,free_trial,2024-08-09 00:06:00.000000,,,,2024-08-09,,email_verified,1,0,0.1,,,,,
U04590,2024-04-19,organic,mobile,freemium,,,,,2024-04-19,,signup,0,0,,,,,,
U04591,2024-09-10,paid_search,desktop,free_trial,2024-09-10 01:51:47.976019,,,,2024-09-10,,email_verified,1,0,1.8633266719444443,,,,,
U04592,2024-01-15,paid_search,desktop,freemium,2024-01-15 00:06:00.000000,,,,2024-01-15,,email_verified,1,0,0.1,,,,,
U04593,2024-01-27,referral,desktop,freemium,2024-01-27 01:00:39.427966,,,2024-01-27 01:06:39.427966,2024-01-27,,profile_completed,2,0,1.010952212777778,0.1,,,,
U04594,2024-09-22,paid_search,desktop,free_trial,2024-09-22 00:06:00.000000,2024-09-26 13:11:21.211678,,2024-09-22 09:35:21.004056,2024-09-22,2024-10-08 00:42:49.777788,team_invited,4,0,0.1,9.489167793333333,99.60005767277778,275.52460169722224,,
U04595,2024-08-13,paid_search,desktop,freemium,,,,,2024-08-13,,signup,0,0,,,,,,
U04596,2024-01-16,organic,desktop,freemium,2024-01-16 02:32:18.128118,2024-01-17 23:10:01.388583,,2024-01-16 19:36:23.835559,2024-01-16,2024-01-20 22:34:07.928220,team_invited,4,0,2.5383689216666667,17.068252066944446,27.560431395555554,71.40181656583333,,
U04597,2024-11-24,paid_search,desktop,free_trial,2024-11-24 00:19:27.288028,2024-11-28 10:10:53.633068,,2024-11-24 00:25:27.288028,2024-11-24,,first_feature_used,3,0,0.32424667444444444,0.1,105.75731806666666,,,
U04598,2024-01-02,organic,desktop,free_trial,2024-01-02 00:54:00.886806,,,,2024-01-02,,email_verified,1,0,0.900246335,,,,,
U04599,2024-12-14,organic,mobile,freemium,2024-12-14 01:24:07.796602,,,,2024-12-14,,email_verified,1,0,1.402165722777778,,,,,
U04600,2024-09-23,organic,mobile,freemium,2024-09-23 02:06:54.449708,2024-09-23 06:27:20.168977,,2024-09-23 06:21:20.168977,2024-09-23,,first_feature_used,3,0,2.1151249188888888,4.240477574722222,0.1,,,
U04601,2024-12-26,organic,desktop,free_trial,2024-12-26 03:55:44.770919,,,2024-12-26 07:56:33.678634,2024-12-26,,profile_completed,2,0,3.9291030330555556,4.013585476388888,,,,
U04602,2024-12-12,organic,desktop,freemium,,,,,2024-12-12,,signup,0,0,,,,,,
U04603,2024-04-24,paid_search,desktop,freemium,2024-04-24 00:20:58.122450,2024-04-27 00:30:34.978297,,2024-04-24 03:45:57.478507,2024-04-24,,first_feature_used,3,0,0.34947845833333335,3.4164877936111115,68.74374994166666,,,
U04604,2024-10-03,organic,mobile,freemium,,,,,2024-10-03,,signup,0,0,,,,,,
U04605,2024-03-17,organic,mobile,free_trial,2024-03-17 00:06:00.000000,,,2024-03-17 15:59:34.327560,2024-03-17,,profile_completed,2,0,0.1,15.892868766666666,,,,
U04606,2024-06-21,organic,mobile,free_trial,,,,,2024-06-21,,signup,0,0,,,,,,
U04607,2024-03-28,paid_search,mobile,freemium,,,,,2024-03-28,,signup,0,0,,,,,,
U04608,2024-06-26,paid_search,desktop,free_trial,2024-06-26 00:06:00.000000,,,2024-06-26 00:12:00.000000,2024-06-26,,profile_completed,2,0,0.1,0.1,,,,
U04609,2024-11-14,organic,desktop,free_trial,2024-11-14 00:06:00.000000,,,2024-11-14 00:12:00.000000,2024-11-14,,profile_completed,2,0,0.1,0.1,,,,
U04610,2024-06-08,organic,desktop,freemium,2024-06-08 00:06:00.000000,,,2024-06-08 01:39:02.440849,2024-06-08,,profile_completed,2,0,0.1,1.550678013611111,,,,
U04611,2024-02-03,referral,desktop,free_trial,,,,,2024-02-03,,signup,0,0,,,,,,
U04612,2024-04-28,paid_search,desktop,freemium,2024-04-28 00:29:26.009331,,,,2024-04-28,,email_verified,1,0,0.4905581475,,,,,
U04613,2024-10-14,paid_search,mobile,free_trial,2024-10-14 00:28:12.000530,,,2024-10-14 20:15:25.213312,2024-10-14,,profile_completed,2,0,0.4700001472222222,19.787003550555557,,,,
U04614,2024-07-09,paid_search,desktop,freemium,2024-07-09 00:59:49.764034,,,,2024-07-09,,email_verified,1,0,0.997156676111111,,,,,
U04615,2024-07-23,referral,mobile,free_trial,2024-07-23 01:55:10.052569,2024-07-24 09:30:21.996072,,2024-07-23 07:38:16.483057,2024-07-23,,first_feature_used,3,0,1.9194590469444446,5.7184529133333335,25.868198059722225,,,
U04616,2024-06-06,referral,desktop,freemium,2024-06-06 01:42:39.128308,,,2024-06-06 01:48:39.128308,2024-06-06,,profile_completed,2,0,1.7108689744444445,0.1,,,,
U04617,2024-04-16,organic,desktop,free_trial,2024-04-16 02:21:38.510107,2024-04-16 02:33:38.510107,,2024-04-16 02:27:38.510107,2024-04-16,,first_feature_used,3,0,2.3606972519444445,0.1,0.1,,,
U04618,2024-08-06,paid_search,mobile,free_trial,2024-08-06 00:06:00.000000,,,2024-08-06 03:24:07.897342,2024-08-06,,profile_completed,2,0,0.1,3.3021937061111113,,,,
U04619,2024-08-19,organic,desktop,freemium,2024-08-19 00:06:00.000000,,,,2024-08-19,,email_verified,1,0,0.1,,,,,
U04620,2024-11-23,paid_search,desktop,freemium,2024-11-23 03:48:41.489118,,,2024-11-23 09:13:37.471126,2024-11-23,,profile_completed,2,0,3.8115247549999998,5.415550557777777,,,,
U04621,2024-08-13,organic,desktop,free_trial,,,,,2024-08-13,,signup,0,0,,,,,,
U04622,2024-12-29,organic,mobile,free_trial,2024-12-29 00:06:00.000000,,,,2024-12-29,,email_verified,1,0,0.1,,,,,
U04623,2024-10-28,referral,desktop,freemium,2024-10-28 01:11:12.705967,,,2024-10-28 01:17:12.705967,2024-10-28,,profile_completed,2,0,1.186862768611111,0.1,,,,
U04624,2024-01-29,referral,tablet,freemium,2024-01-29 01:18:02.804976,,,2024-01-29 01:24:02.804976,2024-01-29,,profile_completed,2,0,1.30077916,0.1,,,,
U04625,2024-05-23,organic,tablet,free_trial,2024-05-23 01:21:06.620342,2024-05-23 01:33:06.620342,,2024-05-23 01:27:06.620342,2024-05-23,,first_feature_used,3,0,1.351838983888889,0.1,0.1,,,
U04626,2024-05-20,referral,mobile,freemium,2024-05-20 00:47:37.102104,,,,2024-05-20,,email_verified,1,0,0.7936394733333334,,,,,
U04627,2024-01-02,organic,desktop,free_trial,2024-01-02 02:04:35.014778,2024-01-02 14:59:28.351986,,2024-01-02 02:10:35.014778,2024-01-02,,first_feature_used,3,0,2.0763929938888888,0.1,12.81481589111111,,,
U04628,2024-03-06,paid_search,mobile,freemium,,,,,2024-03-06,,signup,0,0,,,,,,
U04629,2024-10-05,referral,desktop,free_trial,2024-10-05 00:06:00.000000,2024-10-08 04:20:43.545244,,2024-10-05 07:11:35.529664,2024-10-05,,first_feature_used,3,0,0.1,7.093202684444445,69.15222655000001,,,
U04630,2024-05-08,organic,mobile,free_trial,2024-05-08 00:57:49.775176,2024-05-12 04:35:32.911178,,2024-05-08 08:24:30.520136,2024-05-08,2024-05-13 00:17:26.575086,team_invited,4,0,0.9638264377777778,7.444651377777777,92.18399751166666,19.698239974444444,,
U04631,2024-02-23,paid_search,desktop,freemium,,,,,2024-02-23,,signup,0,0,,,,,,
U04632,2024-04-14,paid_search,desktop,free_trial,2024-04-14 03:41:43.060874,2024-04-16 04:07:53.325081,,2024-04-14 22:55:11.333857,2024-04-14,,first_feature_used,3,0,3.6952946872222223,19.224520273055557,29.21166422888889,,,
U04633,2024-04-10,organic,desktop,freemium,2024-04-10 01:35:40.989711,,,2024-04-10 06:47:26.027032,2024-04-10,,profile_completed,2,0,1.5947193641666668,5.195843700277778,,,,
U04634,2024-03-04,organic,mobile,free_trial,2024-03-04 02:37:35.940601,,,2024-03-04 13:51:55.447977,2024-03-04,,profile_completed,2,0,2.6266501669444446,11.23875204888889,,,,
U04635,2024-02-06,organic,mobile,free_trial,,,,,2024-02-06,,signup,0,0,,,,,,
U04636,2024-10-05,paid_search,desktop,freemium,2024-10-05 00:06:00.000000,,,2024-10-05 10:11:11.995509,2024-10-05,,profile_completed,2,0,0.1,10.086665419166668,,,,
U04637,2024-10-27,organic,desktop,freemium,2024-10-27 00:06:00.000000,,,,2024-10-27,,email_verified,1,0,0.1,,,,,
U04638,2024-06-30,organic,mobile,free_trial,2024-06-30 01:16:06.783480,,,,2024-06-30,,email_verified,1,0,1.2685509666666668,,,,,
U04639,2024-08-12,paid_search,mobile,freemium,,,,,2024-08-12,,signup,0,0,,,,,,
U04640,2024-12-01,organic,mobile,free_trial,2024-12-01 00:17:40.114991,,,,2024-12-01,,email_verified,1,0,0.29447638638888884,,,,,
U04641,2024-11-03,organic,desktop,freemium,2024-11-03 00:06:00.000000,,,2024-11-03 08:55:00.987302,2024-11-03,,profile_completed,2,0,0.1,8.816940917222222,,,,
U04642,2024-01-12,paid_search,mobile,free_trial,2024-01-12 02:03:55.809552,,,,2024-01-12,,email_verified,1,0,2.065502653333333,,,,,
U04643,2024-12-13,paid_search,mobile,free_trial,,,,,2024-12-13,,signup,0,0,,,,,,
U04644,2024-01-25,organic,desktop,free_trial,2024-01-25 02:18:03.287127,,,,2024-01-25,,email_verified,1,0,2.3009130908333333,,,,,
U04645,2024-01-10,referral,desktop,freemium,2024-01-10 00:06:00.000000,2024-01-13 17:07:31.860185,,2024-01-10 00:12:00.000000,2024-01-10,2024-01-13 17:13:31.860185,team_invited,4,0,0.1,0.1,88.92551671805556,0.1,,
U04646,2024-05-27,paid_search,desktop,freemium,,,,,2024-05-27,,signup,0,0,,,,,,
U04647,2024-09-29,organic,desktop,freemium,2024-09-29 00:06:00.000000,,,2024-09-29 00:12:00.000000,2024-09-29,,profile_completed,2,0,0.1,0.1,,,,
U04648,2024-01-30,paid_search,mobile,free_trial,2024-01-30 01:24:40.345280,,,,2024-01-30,,email_verified,1,0,1.4112070222222222,,,,,
U04649,2024-04-16,paid_search,desktop,free_trial,2024-04-16 00:06:00.000000,2024-04-17 07:36:15.423156,,2024-04-16 15:14:30.934190,2024-04-16,,first_feature_used,3,0,0.1,15.141926163888888,16.36235804611111,,,
U04650,2024-04-05,paid_search,desktop,free_trial,2024-04-05 01:47:59.333104,,,2024-04-05 15:36:33.839580,2024-04-05,,profile_completed,2,0,1.799814751111111,13.809585132222223,,,,
U04651,2024-05-25,paid_search,desktop,freemium,2024-05-25 00:06:00.000000,2024-05-25 13:58:58.711838,,2024-05-25 13:52:58.711838,2024-05-25,,first_feature_used,3,0,0.1,13.782975510555556,0.1,,,
U04652,2024-12-25,paid_search,mobile,free_trial,2024-12-25 02:05:30.281763,,,2024-12-25 11:00:46.840250,2024-12-25,,profile_completed,2,0,2.0917449341666665,8.921266246388889,,,,
U04653,2024-04-30,referral,mobile,freemium,,,,,2024-04-30,,signup,0,0,,,,,,
U04654,2024-03-17,paid_search,desktop,free_trial,2024-03-17 03:57:44.359477,2024-03-17 16:09:21.166917,,2024-03-17 16:03:21.166917,2024-03-17,2024-03-17 16:15:21.166917,team_invited,4,0,3.9623220769444445,12.093557622222221,0.1,0.1,,
U04655,2024-02-14,referral,mobile,freemium,,,,,2024-02-14,,signup,0,0,,,,,,
U04656,2024-03-13,paid_search,desktop,free_trial,2024-03-13 00:06:00.000000,2024-03-13 14:27:52.766712,,2024-03-13 14:21:52.766712,2024-03-13,,first_feature_used,3,0,0.1,14.264657419999999,0.1,,,
U04657,2024-02-18,referral,mobile,free_trial,,,,,2024-02-18,,signup,0,0,,,,,,
U04658,2024-07-28,referral,mobile,freemium,,,,,2024-07-28,,signup,0,0,,,,,,
U04659,2024-06-02,organic,desktop,freemium,2024-06-02 02:26:38.345253,2024-06-02 02:38:38.345253,,2024-06-02 02:32:38.345253,2024-06-02,,first_feature_used,3,0,2.4439847925,0.1,0.1,,,
U04660,2024-06-30,organic,tablet,freemium,2024-06-30 00:06:00.000000,,,2024-06-30 00:12:00.000000,2024-06-30,,profile_completed,2,0,0.1,0.1,,,,
U04661,2024-10-30,paid_search,desktop,freemium,,,,,2024-10-30,,signup,0,0,,,,,,
U04662,2024-07-30,organic,mobile,freemium,,,,,2024-07-30,,signup,0,0,,,,,,
U04663,2024-02-26,paid_search,desktop,free_trial,2024-02-26 00:06:00.000000,,,,2024-02-26,,email_verified,1,0,0.1,,,,,
U04664,2024-05-17,paid_search,mobile,free_trial,2024-05-17 03:08:05.326171,2024-05-18 23:46:38.462141,,2024-05-17 03:14:05.326171,2024-05-17,,first_feature_used,3,0,3.134812825277778,0.1,44.54253776944444,,,
U04665,2024-04-24,referral,desktop,freemium,2024-04-24 01:16:20.905826,,,,2024-04-24,,email_verified,1,0,1.2724738405555556,,,,,
U04666,2024-10-28,organic,desktop,freemium,,,,,2024-10-28,,signup,0,0,,,,,,
U04667,2024-04-22,paid_search,desktop,free_trial,,,,,2024-04-22,,signup,0,0,,,,,,
U04668,2024-02-20,organic,tablet,free_trial,2024-02-20 00:06:00.000000,,,2024-02-20 15:27:47.621069,2024-02-20,,profile_completed,2,0,0.1,15.363228074722223,,,,
U04669,2024-09-25,paid_search,desktop,freemium,2024-09-25 00:17:52.551232,,,,2024-09-25,,email_verified,1,0,0.29793089777777776,,,,,
U04670,2024-06-05,organic,mobile,free_trial,2024-06-05 00:38:21.159417,,,,2024-06-05,,email_verified,1,0,0.6392109491666667,,,,,
U04671,2024-02-04,paid_search,desktop,freemium,2024-02-04 01:50:25.714668,2024-02-06 23:50:51.648077,,2024-02-04 01:56:25.714668,2024-02-04,,first_feature_used,3,0,1.8404762966666666,0.1,69.90720372472222,,,
U04672,2024-09-08,paid_search,mobile,freemium,2024-09-08 00:06:00.000000,,,2024-09-08 11:11:16.364857,2024-09-08,,profile_completed,2,0,0.1,11.087879126944445,,,,
U04673,2024-03-17,paid_search,desktop,free_trial,2024-03-17 00:33:57.406011,2024-03-17 02:13:27.161800,,2024-03-17 00:39:57.406011,2024-03-17,2024-03-18 21:19:43.104294,team_invited,4,0,0.5659461141666666,0.1,1.5582654969444445,43.104428470555554,,
U04674,2024-11-12,paid_search,desktop,free_trial,2024-11-12 01:48:38.014910,2024-11-13 17:12:07.545651,,2024-11-12 01:54:38.014910,2024-11-12,,first_feature_used,3,0,1.8105596972222222,0.1,39.291536316944445,,,
U04675,2024-10-30,organic,tablet,free_trial,,,,,2024-10-30,,signup,0,0,,,,,,
U04676,2024-05-14,organic,desktop,free_trial,2024-05-14 04:11:42.459103,,,,2024-05-14,,email_verified,1,0,4.195127528611111,,,,,
U04677,2024-07-21,organic,desktop,freemium,2024-07-21 02:42:19.058136,2024-07-21 02:54:19.058136,,2024-07-21 02:48:19.058136,2024-07-21,,first_feature_used,3,0,2.7052939266666667,0.1,0.1,,,
U04678,2024-07-26,referral,mobile,freemium,2024-07-26 01:09:39.916318,,,,2024-07-26,,email_verified,1,0,1.161087866111111,,,,,
U04679,2024-08-26,referral,desktop,freemium,2024-08-26 00:32:08.440081,2024-08-27 18:47:45.494627,,2024-08-26 07:25:03.984357,2024-08-26,,first_feature_used,3,0,0.5356778002777778,6.882095632222223,35.37819729722222,,,
U04680,2024-01-26,organic,desktop,free_trial,2024-01-26 00:06:00.000000,2024-01-26 22:44:02.827951,,2024-01-26 00:12:00.000000,2024-01-26,,first_feature_used,3,0,0.1,0.1,22.534118875277777,,,
U04681,2024-04-28,organic,desktop,freemium,2024-04-28 04:17:54.748173,,,2024-04-28 15:59:28.921366,2024-04-28,,profile_completed,2,0,4.298541159166667,11.692825886944446,,,,
U04682,2024-03-03,organic,mobile,free_trial,,,,,2024-03-03,,signup,0,0,,,,,,
U04683,2024-09-11,paid_search,tablet,freemium,,,,,2024-09-11,,signup,0,0,,,,,,
U04684,2024-01-26,organic,mobile,free_trial,2024-01-26 00:33:08.940810,,,,2024-01-26,,email_verified,1,0,0.5524835583333334,,,,,
U04685,2024-07-07,organic,mobile,freemium,2024-07-07 00:54:12.950465,2024-07-07 01:06:12.950465,,2024-07-07 01:00:12.950465,2024-07-07,,first_feature_used,3,0,0.9035973513888889,0.1,0.1,,,
U04686,2024-09-22,organic,desktop,free_trial,2024-09-22 00:06:00.000000,2024-09-23 14:16:35.176069,,2024-09-23 00:07:59.941696,2024-09-22,,first_feature_used,3,0,0.1,24.033317137777775,14.143120659166666,,,
U04687,2024-12-12,organic,desktop,free_trial,2024-12-12 00:06:00.000000,2024-12-12 17:26:43.548363,,2024-12-12 15:30:21.468239,2024-12-12,,first_feature_used,3,0,0.1,15.405963399722223,1.939466701111111,,,
U04688,2024-04-15,organic,desktop,freemium,,,,,2024-04-15,,signup,0,0,,,,,,
U04689,2024-01-03,organic,desktop,free_trial,2024-01-03 02:41:26.926108,2024-01-03 19:10:37.367927,,2024-01-03 19:04:37.367927,2024-01-03,,first_feature_used,3,0,2.6908128077777778,16.386233838611112,0.1,,,
U04690,2024-09-21,paid_search,desktop,free_trial,2024-09-21 02:33:43.894496,2024-09-22 06:01:59.565543,,2024-09-22 05:55:59.565543,2024-09-21,2024-09-26 12:14:41.391750,team_invited,4,0,2.562192915555556,27.371019735277777,0.1,102.21161839083334,,
U04691,2024-01-01,paid_search,mobile,freemium,2024-01-01 00:06:00.000000,,,,2024-01-01,,email_verified,1,0,0.1,,,,,
U04692,2024-01-25,organic,desktop,free_trial,2024-01-25 00:06:00.000000,,,2024-01-25 00:12:00.000000,2024-01-25,,profile_completed,2,0,0.1,0.1,,,,
U04693,2024-12-27,paid_search,desktop,free_trial,2024-12-27 00:06:00.000000,2024-12-27 00:18:00.000000,,2024-12-27 00:12:00.000000,2024-12-27,2024-12-28 20:25:13.754483,team_invited,4,0,0.1,0.1,0.1,44.120487356388885,,
U04694,2024-11-10,paid_search,desktop,free_trial,2024-11-10 01:38:45.407538,,,2024-11-10 20:24:01.832244,2024-11-10,,profile_completed,2,0,1.6459465383333334,18.754562418333336,,,,
U04695,2024-09-15,paid_search,desktop,free_trial,2024-09-15 00:06:00.000000,2024-09-16 02:39:22.099983,,2024-09-15 00:12:00.000000,2024-09-15,,first_feature_used,3,0,0.1,0.1,26.456138884166666,,,
U04696,2024-10-31,referral,desktop,freemium,2024-10-31 00:06:00.000000,,,2024-10-31 00:16:08.643603,2024-10-31,,profile_completed,2,0,0.1,0.1690676675,,,,
U04697,2024-01-28,organic,desktop,freemium,2024-01-28 01:34:28.504648,,,,2024-01-28,,email_verified,1,0,1.5745846244444444,,,,,
U04698,2024-02-02,referral,desktop,free_trial,2024-02-02 00:06:00.000000,2024-02-03 13:16:44.395922,,2024-02-02 00:12:00.000000,2024-02-02,,first_feature_used,3,0,0.1,0.1,37.07899886722222,,,
U04699,2024-04-19,paid_search,desktop,free_trial,,,,,2024-04-19,,signup,0,0,,,,,,
U04700,2024-01-09,paid_search,mobile,freemium,2024-01-09 00:06:00.000000,,,,2024-01-09,,email_verified,1,0,0.1,,,,,
U04701,2024-11-20,organic,mobile,freemium,2024-11-20 00:06:00.000000,,,,2024-11-20,,email_verified,1,0,0.1,,,,,
U04702,2024-01-21,organic,mobile,free_trial,2024-01-21 00:06:00.000000,,,,2024-01-21,,email_verified,1,0,0.1,,,,,
U04703,2024-07-17,organic,mobile,freemium,,,,,2024-07-17,,signup,0,0,,,,,,
U04704,2024-11-07,referral,tablet,free_trial,2024-11-07 03:27:25.548531,2024-11-07 10:25:14.983453,,2024-11-07 03:33:25.548531,2024-11-07,,first_feature_used,3,0,3.457096814166667,0.1,6.863731922777778,,,
U04705,2024-09-25,paid_search,desktop,free_trial,2024-09-25 00:06:00.000000,2024-09-28 19:06:11.117192,,2024-09-25 00:12:00.000000,2024-09-25,,first_feature_used,3,0,0.1,0.1,90.90308810888888,,,
U04706,2024-03-26,organic,mobile,freemium,2024-03-26 02:18:09.313713,,,,2024-03-26,,email_verified,1,0,2.3025871424999997,,,,,
U04707,2024-06-20,paid_search,desktop,freemium,,,,,2024-06-20,,signup,0,0,,,,,,
U04708,2024-07-19,organic,desktop,free_trial,2024-07-19 00:06:00.000000,2024-07-20 06:26:41.090210,,2024-07-19 19:08:21.466196,2024-07-19,2024-07-25 12:29:55.386905,team_invited,4,0,0.1,19.039296165555555,11.305451115,126.05397130416668,,
U04709,2024-10-07,organic,desktop,freemium,2024-10-07 00:24:30.544261,,,2024-10-07 10:55:39.625733,2024-10-07,,profile_completed,2,0,0.40848451694444443,10.519189297777777,,,,
U04710,2024-06-04,paid_search,desktop,freemium,2024-06-04 00:06:00.000000,2024-06-07 04:01:47.891866,,2024-06-04 21:33:09.230856,2024-06-04,,first_feature_used,3,0,0.1,21.452564126666665,54.47740583611112,,,
U04711,2024-04-14,paid_search,mobile,freemium,2024-04-14 00:06:00.000000,,,,2024-04-14,,email_verified,1,0,0.1,,,,,
U04712,2024-10-17,paid_search,desktop,freemium,2024-10-17 00:06:00.000000,,,,2024-10-17,,email_verified,1,0,0.1,,,,,
U04713,2024-11-19,paid_search,mobile,free_trial,,,,,2024-11-19,,signup,0,0,,,,,,
U04714,2024-06-27,paid_search,mobile,freemium,2024-06-27 00:06:00.000000,,,,2024-06-27,,email_verified,1,0,0.1,,,,,
U04715,2024-01-11,referral,desktop,free_trial,2024-01-11 02:08:56.181351,,,2024-01-11 02:14:56.181351,2024-01-11,,profile_completed,2,0,2.1489392641666667,0.1,,,,
U04716,2024-07-01,organic,desktop,free_trial,2024-07-01 00:51:42.454002,2024-07-04 07:57:33.064253,,2024-07-01 16:30:44.412939,2024-07-01,,first_feature_used,3,0,0.8617927783333333,15.650544149166668,63.446847587222216,,,
U04717,2024-11-20,paid_search,desktop,free_trial,2024-11-20 00:06:00.000000,2024-11-20 00:18:00.000000,,2024-11-20 00:12:00.000000,2024-11-20,,first_feature_used,3,0,0.1,0.1,0.1,,,
U04718,2024-12-27,paid_search,desktop,freemium,2024-12-27 01:49:46.568185,,,2024-12-27 17:59:00.552766,2024-12-27,,profile_completed,2,0,1.829602273611111,16.153884605833333,,,,
U04719,2024-05-26,organic,tablet,free_trial,,,,,2024-05-26,,signup,0,0,,,,,,
U04720,2024-02-24,organic,mobile,free_trial,,,,,2024-02-24,,signup,0,0,,,,,,
U04721,2024-07-27,organic,mobile,freemium,2024-07-27 01:44:12.932612,,,,2024-07-27,,email_verified,1,0,1.7369257255555555,,,,,
U04722,2024-10-30,organic,desktop,free_trial,2024-10-30 05:26:52.945179,2024-10-31 11:07:08.063294,,2024-10-31 11:01:08.063294,2024-10-30,,first_feature_used,3,0,5.448040327499999,29.570866143055557,0.1,,,
U04723,2024-12-10,paid_search,mobile,free_trial,2024-12-10 03:55:27.796887,2024-12-10 04:07:27.796887,2024-12-14 18:41:09.324625,2024-12-10 04:01:27.796887,2024-12-10,2024-12-11 23:42:26.974950,paid_conversion,5,1,3.924388024166667,0.1,0.1,43.5831050175,66.97843046527778,114.68592350694445
U04724,2024-01-19,organic,mobile,free_trial,2024-01-19 03:03:16.776662,,,2024-01-19 03:09:16.776662,2024-01-19,,profile_completed,2,0,3.054660183888889,0.1,,,,
U04725,2024-04-16,paid_search,desktop,freemium,2024-04-16 00:50:05.052469,,,,2024-04-16,,email_verified,1,0,0.8347367969444445,,,,,
U04726,2024-06-23,organic,desktop,free_trial,2024-06-23 00:06:00.000000,,,,2024-06-23,,email_verified,1,0,0.1,,,,,
U04727,2024-02-05,organic,desktop,free_trial,2024-02-05 04:35:17.909047,2024-02-06 14:00:50.194703,,2024-02-05 13:27:10.591286,2024-02-05,2024-02-06 14:06:50.194703,team_invited,4,0,4.588308068611111,8.864633955277778,24.56100094916667,0.1,,
U04728,2024-11-19,organic,desktop,free_trial,2024-11-19 00:46:26.611605,,,2024-11-19 00:52:26.611605,2024-11-19,,profile_completed,2,0,0.7740587791666667,0.1,,,,
U04729,2024-02-10,organic,mobile,freemium,2024-02-10 00:06:00.000000,,,,2024-02-10,,email_verified,1,0,0.1,,,,,
U04730,2024-08-30,referral,mobile,freemium,2024-08-30 04:49:45.308057,2024-08-31 12:26:46.232050,,2024-08-30 04:55:45.308057,2024-08-30,,first_feature_used,3,0,4.829252238055555,0.1,31.51692333138889,,,
U04731,2024-12-01,organic,desktop,free_trial,2024-12-01 02:49:34.670786,2024-12-01 03:01:34.670786,,2024-12-01 02:55:34.670786,2024-12-01,,first_feature_used,3,0,2.826297440555556,0.1,0.1,,,
U04732,2024-09-07,organic,tablet,freemium,,,,,2024-09-07,,signup,0,0,,,,,,
U04733,2024-10-05,organic,desktop,freemium,2024-10-05 00:06:00.000000,,,2024-10-05 00:12:00.000000,2024-10-05,,profile_completed,2,0,0.1,0.1,,,,
U04734,2024-04-06,organic,desktop,freemium,,,,,2024-04-06,,signup,0,0,,,,,,
U04735,2024-10-29,paid_search,tablet,free_trial,2024-10-29 00:06:00.000000,2024-10-29 23:44:03.946962,,2024-10-29 00:12:00.000000,2024-10-29,2024-10-31 13:50:46.948110,team_invited,4,0,0.1,0.1,23.534429711666668,38.111944763333334,,
U04736,2024-06-01,paid_search,tablet,free_trial,2024-06-01 00:45:39.161914,2024-06-03 20:53:03.300602,,2024-06-01 10:23:06.182393,2024-06-01,,first_feature_used,3,0,0.7608783094444443,9.624172355277777,58.499199502500005,,,
U04737,2024-01-23,organic,mobile,freemium,2024-01-23 00:06:00.000000,,,,2024-01-23,,email_verified,1,0,0.1,,,,,
U04738,2024-05-13,paid_search,desktop,free_trial,2024-05-13 00:06:00.000000,2024-05-16 21:03:24.385648,,2024-05-13 03:02:20.102432,2024-05-13,2024-05-21 17:09:09.427074,team_invited,4,0,0.1,2.938917342222222,90.01785644888889,116.09584484055556,,
U04739,2024-05-07,paid_search,tablet,free_trial,2024-05-07 00:21:37.537576,2024-05-07 01:19:57.542953,,2024-05-07 00:27:37.537576,2024-05-07,,first_feature_used,3,0,0.3604271044444444,0.1,0.8722237158333334,,,
U04740,2024-07-09,referral,mobile,free_trial,2024-07-09 00:06:00.000000,,,,2024-07-09,,email_verified,1,0,0.1,,,,,
U04741,2024-04-06,paid_search,mobile,free_trial,2024-04-06 01:58:53.179219,2024-04-07 20:49:14.691070,,2024-04-06 02:04:53.179219,2024-04-06,,first_feature_used,3,0,1.9814386719444443,0.1,42.7393088475,,,
U04742,2024-06-17,organic,desktop,freemium,,,,,2024-06-17,,signup,0,0,,,,,,
U04743,2024-06-05,paid_search,desktop,free_trial,2024-06-05 02:05:55.678224,2024-06-05 13:54:34.180149,,2024-06-05 02:11:55.678224,2024-06-05,,first_feature_used,3,0,2.098799506666667,0.1,11.710694979166666,,,
U04744,2024-04-29,referral,mobile,freemium,2024-04-29 00:06:00.000000,,,,2024-04-29,,email_verified,1,0,0.1,,,,,
U04745,2024-09-11,paid_search,mobile,freemium,2024-09-11 02:56:39.934188,,,,2024-09-11,,email_verified,1,0,2.944426163333333,,,,,
U04746,2024-04-21,referral,desktop,free_trial,2024-04-21 01:23:46.148528,2024-04-21 06:07:53.366015,2024-05-09 15:50:17.772875,2024-04-21 01:29:46.148528,2024-04-21,2024-04-21 20:39:43.250292,paid_conversion,5,1,1.3961523688888888,0.1,4.635338190833334,14.530523410277777,427.1762562730555,447.83827024305555
U04747,2024-10-06,referral,desktop,free_trial,2024-10-06 03:24:29.405570,,,2024-10-06 17:47:09.581782,2024-10-06,,profile_completed,2,0,3.408168213888889,14.377826725555556,,,,
U04748,2024-04-01,organic,mobile,free_trial,2024-04-01 02:31:24.783530,,,2024-04-01 10:53:53.139249,2024-04-01,,profile_completed,2,0,2.5235509805555556,8.374543255277777,,,,
U04749,2024-11-11,paid_search,desktop,free_trial,2024-11-11 00:48:56.356385,,,,2024-11-11,,email_verified,1,0,0.8156545513888889,,,,,
U04750,2024-05-13,paid_search,desktop,freemium,2024-05-13 03:00:05.614995,,,,2024-05-13,,email_verified,1,0,3.0015597208333333,,,,,
U04751,2024-01-15,paid_search,desktop,freemium,2024-01-15 00:49:59.970862,2024-01-15 01:01:59.970862,,2024-01-15 00:55:59.970862,2024-01-15,2024-01-19 09:00:18.502966,team_invited,4,0,0.8333252394444445,0.1,0.1,103.97181447333332,,
U04752,2024-02-24,paid_search,desktop,freemium,,,,,2024-02-24,,signup,0,0,,,,,,
U04753,2024-10-21,referral,mobile,freemium,2024-10-21 02:34:03.725466,,,,2024-10-21,,email_verified,1,0,2.567701518333333,,,,,
U04754,2024-11-14,paid_search,desktop,free_trial,2024-11-14 02:40:56.987183,2024-11-14 22:24:27.480877,2024-12-02 11:25:21.866520,2024-11-14 02:46:56.987183,2024-11-14,2024-11-19 04:33:54.737658,paid_conversion,5,1,2.682496439722222,0.1,19.625137137222225,102.15757132805555,318.85753579500005,443.42274069999996
U04755,2024-03-18,paid_search,desktop,freemium,2024-03-18 02:34:30.337179,2024-03-19 10:21:26.886999,,2024-03-18 05:38:44.188309,2024-03-18,,first_feature_used,3,0,2.5750936608333332,3.0705142027777774,28.711860747222225,,,
U04756,2024-08-07,organic,tablet,free_trial,2024-08-07 00:06:00.000000,,,,2024-08-07,,email_verified,1,0,0.1,,,,,
U04757,2024-07-28,organic,mobile,free_trial,,,,,2024-07-28,,signup,0,0,,,,,,
U04758,2024-02-18,referral,desktop,free_trial,2024-02-18 00:06:00.000000,,,2024-02-18 00:12:00.000000,2024-02-18,,profile_completed,2,0,0.1,0.1,,,,
U04759,2024-06-13,paid_search,desktop,free_trial,2024-06-13 00:38:12.473718,,,,2024-06-13,,email_verified,1,0,0.6367982550000001,,,,,
U04760,2024-09-10,organic,mobile,freemium,,,,,2024-09-10,,signup,0,0,,,,,,
U04761,2024-12-19,referral,desktop,freemium,2024-12-19 00:06:00.000000,,,,2024-12-19,,email_verified,1,0,0.1,,,,,
U04762,2024-11-05,referral,desktop,free_trial,2024-11-05 00:06:00.000000,,,,2024-11-05,,email_verified,1,0,0.1,,,,,
U04763,2024-02-05,paid_search,desktop,free_trial,2024-02-05 00:06:00.000000,2024-02-07 04:30:53.815757,,2024-02-05 00:12:00.000000,2024-02-05,,first_feature_used,3,0,0.1,0.1,52.31494882138889,,,
U04764,2024-03-27,organic,desktop,freemium,,,,,2024-03-27,,signup,0,0,,,,,,
U04765,2024-06-08,paid_search,mobile,freemium,2024-06-08 00:26:18.361055,2024-06-08 03:15:54.694089,,2024-06-08 03:09:54.694089,2024-06-08,,first_feature_used,3,0,0.4384336263888889,2.726759176111111,0.1,,,
U04766,2024-02-24,organic,desktop,freemium,2024-02-24 01:56:02.168881,,,,2024-02-24,,email_verified,1,0,1.9339358002777776,,,,,
U04767,2024-07-27,organic,desktop,free_trial,2024-07-27 04:08:52.507178,,,,2024-07-27,,email_verified,1,0,4.147918660555556,,,,,
U04768,2024-01-04,paid_search,desktop,free_trial,2024-01-04 00:06:00.000000,,,2024-01-04 02:15:40.411302,2024-01-04,,profile_completed,2,0,0.1,2.161225361666667,,,,
U04769,2024-02-11,referral,desktop,freemium,2024-02-11 01:38:42.903707,2024-02-12 09:22:41.848429,,2024-02-11 11:28:29.982803,2024-02-11,,first_feature_used,3,0,1.6452510297222223,9.829744193333333,21.90329600722222,,,
U04770,2024-01-18,organic,desktop,freemium,2024-01-18 01:16:28.878630,2024-01-19 22:51:50.252934,,2024-01-18 01:22:28.878630,2024-01-18,,first_feature_used,3,0,1.2746885083333335,0.1,45.48927064,,,
U04771,2024-04-17,referral,mobile,free_trial,2024-04-17 01:32:40.236088,,,2024-04-17 01:38:40.236088,2024-04-17,,profile_completed,2,0,1.5445100244444443,0.1,,,,
U04772,2024-10-05,referral,desktop,free_trial,2024-10-05 02:31:32.381062,2024-10-05 02:43:32.381062,,2024-10-05 02:37:32.381062,2024-10-05,,first_feature_used,3,0,2.5256614061111113,0.1,0.1,,,
U04773,2024-03-05,organic,desktop,free_trial,2024-03-05 00:06:00.000000,,,2024-03-05 11:41:28.102365,2024-03-05,,profile_completed,2,0,0.1,11.591139545833332,,,,
U04774,2024-12-26,organic,desktop,freemium,,,,,2024-12-26,,signup,0,0,,,,,,
U04775,2024-04-08,paid_search,mobile,free_trial,2024-04-08 02:59:25.217488,,,,2024-04-08,,email_verified,1,0,2.9903381911111113,,,,,
U04776,2024-01-17,paid_search,desktop,freemium,2024-01-17 00:06:00.000000,2024-01-18 12:23:42.991448,,2024-01-17 00:12:00.000000,2024-01-17,,first_feature_used,3,0,0.1,0.1,36.19527540222222,,,
U04777,2024-05-02,organic,tablet,freemium,2024-05-02 02:27:51.847654,,,,2024-05-02,,email_verified,1,0,2.464402126111111,,,,,
U04778,2024-09-30,paid_search,mobile,free_trial,2024-09-30 00:06:00.000000,,,,2024-09-30,,email_verified,1,0,0.1,,,,,
U04779,2024-02-08,paid_search,desktop,free_trial,2024-02-08 03:19:34.075002,,,2024-02-08 04:55:14.082858,2024-02-08,,profile_completed,2,0,3.3261319449999998,1.5944466266666668,,,,
U04780,2024-01-27,paid_search,mobile,free_trial,2024-01-27 00:06:00.000000,,,,2024-01-27,,email_verified,1,0,0.1,,,,,
U04781,2024-11-06,paid_search,desktop,free_trial,2024-11-06 00:47:36.957111,2024-11-10 02:28:54.210052,2024-11-20 02:16:35.272185,2024-11-06 18:41:23.549100,2024-11-06,2024-11-14 03:20:50.084265,paid_conversion,5,1,0.7935991975000001,17.8962755525,79.79185026444445,96.86552061472223,142.92921886666667,338.2764644958333
U04782,2024-08-04,organic,tablet,freemium,2024-08-04 00:06:00.000000,,,2024-08-04 15:03:48.370447,2024-08-04,,profile_completed,2,0,0.1,14.963436235277777,,,,
U04783,2024-05-05,organic,tablet,freemium,,,,,2024-05-05,,signup,0,0,,,,,,
U04784,2024-10-02,organic,desktop,free_trial,2024-10-02 02:12:30.846864,2024-10-02 02:24:30.846864,,2024-10-02 02:18:30.846864,2024-10-02,,first_feature_used,3,0,2.2085685733333333,0.1,0.1,,,
U04785,2024-11-04,referral,mobile,freemium,2024-11-04 01:14:53.874185,,,,2024-11-04,,email_verified,1,0,1.2482983847222222,,,,,
U04786,2024-05-11,referral,desktop,free_trial,2024-05-11 00:06:00.000000,,,,2024-05-11,,email_verified,1,0,0.1,,,,,
U04787,2024-07-23,paid_search,desktop,freemium,,,,,2024-07-23,,signup,0,0,,,,,,
U04788,2024-01-04,organic,mobile,freemium,,,,,2024-01-04,,signup,0,0,,,,,,
U04789,2024-04-21,paid_search,tablet,free_trial,2024-04-21 01:00:48.354256,2024-04-21 17:17:00.938094,,2024-04-21 01:06:48.354256,2024-04-21,2024-04-25 11:27:15.347628,team_invited,4,0,1.0134317377777777,0.1,16.17016217722222,90.170669315,,
U04790,2024-08-05,organic,desktop,free_trial,2024-08-05 01:55:17.486580,,,,2024-08-05,,email_verified,1,0,1.92152405,,,,,
U04791,2024-03-12,organic,mobile,freemium,,,,,2024-03-12,,signup,0,0,,,,,,
U04792,2024-12-27,organic,mobile,free_trial,2024-12-27 00:06:00.000000,2024-12-27 21:40:24.528578,,2024-12-27 06:32:28.190979,2024-12-27,,first_feature_used,3,0,0.1,6.441164160833333,15.132315999722222,,,
U04793,2024-12-20,referral,desktop,freemium,2024-12-20 00:06:00.000000,,,2024-12-20 00:12:00.000000,2024-12-20,,profile_completed,2,0,0.1,0.1,,,,
U04794,2024-04-04,organic,mobile,free_trial,2024-04-04 01:57:40.047805,,,2024-04-04 03:14:20.997668,2024-04-04,,profile_completed,2,0,1.9611243902777777,1.2780416286111111,,,,
U04795,2024-05-24,paid_search,mobile,free_trial,2024-05-24 00:06:00.000000,2024-05-24 00:26:11.048995,,2024-05-24 00:12:00.000000,2024-05-24,2024-05-24 00:32:11.048995,team_invited,4,0,0.1,0.1,0.2364024986111111,0.1,,
U04796,2024-03-10,referral,mobile,freemium,2024-03-10 02:14:03.996130,,,2024-03-10 02:20:03.996130,2024-03-10,,profile_completed,2,0,2.2344433694444445,0.1,,,,
U04797,2024-07-02,paid_search,tablet,free_trial,2024-07-02 00:06:00.000000,,,2024-07-02 13:50:00.774984,2024-07-02,,profile_completed,2,0,0.1,13.733548606666668,,,,
U04798,2024-02-15,organic,desktop,free_trial,,,,,2024-02-15,,signup,0,0,,,,,,
U04799,2024-05-22,referral,desktop,free_trial,2024-05-22 00:40:26.314560,2024-05-28 06:50:52.847047,,2024-05-22 14:34:36.926024,2024-05-22,2024-05-28 06:56:52.847047,team_invited,4,0,0.6739762666666667,13.902947628888889,136.27108917305554,0.1,,
U04800,2024-07-21,paid_search,desktop,free_trial,2024-07-21 00:23:11.188272,2024-07-21 00:35:11.188272,,2024-07-21 00:29:11.188272,2024-07-21,,first_feature_used,3,0,0.3864411866666667,0.1,0.1,,,
U04801,2024-08-11,paid_search,desktop,free_trial,2024-08-11 01:30:19.241877,,,2024-08-11 01:36:19.241877,2024-08-11,,profile_completed,2,0,1.5053449658333335,0.1,,,,
U04802,2024-08-05,paid_search,desktop,free_trial,2024-08-05 03:30:50.819551,2024-08-05 03:42:50.819551,,2024-08-05 03:36:50.819551,2024-08-05,,first_feature_used,3,0,3.5141165419444444,0.1,0.1,,,
U04803,2024-03-21,referral,mobile,free_trial,2024-03-21 03:27:11.724730,,,2024-03-21 12:30:22.599939,2024-03-21,,profile_completed,2,0,3.4532568694444445,9.05302089138889,,,,
U04804,2024-10-16,paid_search,desktop,free_trial,2024-10-16 01:09:50.847536,2024-10-18 17:43:55.501987,,2024-10-16 05:05:12.783640,2024-10-16,,first_feature_used,3,0,1.1641243155555556,3.922760028888889,60.64519954083333,,,
U04805,2024-09-09,paid_search,mobile,freemium,2024-09-09 02:31:32.502763,,,,2024-09-09,,email_verified,1,0,2.5256952119444445,,,,,
U04806,2024-10-01,paid_search,desktop,freemium,,,,,2024-10-01,,signup,0,0,,,,,,
U04807,2024-06-19,organic,desktop,free_trial,2024-06-19 00:06:00.000000,,,,2024-06-19,,email_verified,1,0,0.1,,,,,
U04808,2024-11-21,paid_search,mobile,freemium,,,,,2024-11-21,,signup,0,0,,,,,,
U04809,2024-05-22,organic,mobile,freemium,2024-05-22 01:34:37.329032,,,,2024-05-22,,email_verified,1,0,1.5770358422222222,,,,,
U04810,2024-10-21,organic,desktop,freemium,2024-10-21 00:06:00.000000,2024-10-23 19:52:05.297811,,2024-10-21 00:12:00.000000,2024-10-21,2024-11-01 11:04:23.922021,team_invited,4,0,0.1,0.1,67.66813828083333,207.20517339166668,,
U04811,2024-03-15,organic,tablet,freemium,2024-03-15 00:06:00.000000,,,,2024-03-15,,email_verified,1,0,0.1,,,,,
U04812,2024-03-31,organic,desktop,free_trial,2024-03-31 03:49:05.202827,,,2024-03-31 19:59:15.641305,2024-03-31,,profile_completed,2,0,3.8181118963888885,16.169566243888887,,,,
U04813,2024-07-11,organic,desktop,free_trial,2024-07-11 04:49:38.647157,2024-07-13 02:25:32.789374,,2024-07-11 06:11:26.282156,2024-07-11,,first_feature_used,3,0,4.827401988055556,1.3632319441666667,44.23514089388889,,,
U04814,2024-07-21,paid_search,desktop,freemium,2024-07-21 02:12:39.293103,,,,2024-07-21,,email_verified,1,0,2.210914750833333,,,,,
U04815,2024-09-29,organic,mobile,free_trial,,,,,2024-09-29,,signup,0,0,,,,,,
U04816,2024-04-18,organic,desktop,freemium,2024-04-18 02:31:39.971828,,,,2024-04-18,,email_verified,1,0,2.527769952222222,,,,,
U04817,2024-11-14,referral,mobile,freemium,,,,,2024-11-14,,signup,0,0,,,,,,
U04818,2024-04-30,referral,desktop,free_trial,2024-04-30 06:48:22.514016,2024-05-01 02:17:54.079967,,2024-04-30 06:54:22.514016,2024-04-30,,first_feature_used,3,0,6.806253893333333,0.1,19.392101653055555,,,
U04819,2024-07-13,paid_search,desktop,free_trial,2024-07-13 02:59:07.840804,2024-07-15 13:34:36.650806,,2024-07-13 05:28:18.375242,2024-07-13,,first_feature_used,3,0,2.9855113344444444,2.4862595661111113,56.10507654555556,,,
U04820,2024-12-06,organic,mobile,freemium,2024-12-06 00:06:00.000000,,,,2024-12-06,,email_verified,1,0,0.1,,,,,
U04821,2024-07-15,organic,desktop,free_trial,2024-07-15 00:06:00.000000,2024-07-17 01:40:25.663126,,2024-07-15 00:15:14.103836,2024-07-15,,first_feature_used,3,0,0.1,0.15391773222222221,49.41987758055556,,,
U04822,2024-09-05,organic,desktop,freemium,,,,,2024-09-05,,signup,0,0,,,,,,
U04823,2024-11-27,organic,desktop,freemium,,,,,2024-11-27,,signup,0,0,,,,,,
U04824,2024-12-21,referral,desktop,free_trial,2024-12-21 00:06:00.000000,2024-12-21 16:21:59.433496,,2024-12-21 08:00:47.610472,2024-12-21,2024-12-25 00:00:01.471569,team_invited,4,0,0.1,7.913225131111111,8.353284173333334,79.63389946472222,,
U04825,2024-07-01,paid_search,desktop,free_trial,2024-07-01 00:06:00.000000,2024-07-06 20:58:40.582452,,2024-07-01 00:12:00.000000,2024-07-01,,first_feature_used,3,0,0.1,0.1,140.77793957,,,
U04826,2024-06-01,organic,desktop,free_trial,2024-06-01 01:55:13.824036,2024-06-01 21:55:47.831313,,2024-06-01 02:01:13.824036,2024-06-01,2024-06-01 22:01:47.831313,team_invited,4,0,1.9205066766666667,0.1,19.909446465833334,0.1,,
U04827,2024-03-12,referral,desktop,freemium,2024-03-12 01:47:58.976551,,,2024-03-12 02:24:51.236848,2024-03-12,,profile_completed,2,0,1.799715708611111,0.6145167491666667,,,,
U04828,2024-07-15,organic,desktop,free_trial,2024-07-15 00:21:12.590148,,,,2024-07-15,,email_verified,1,0,0.3534972633333333,,,,,
U04829,2024-12-01,organic,desktop,free_trial,,,,,2024-12-01,,signup,0,0,,,,,,
U04830,2024-06-26,organic,desktop,free_trial,2024-06-26 00:33:38.011945,,,2024-06-26 00:39:38.011945,2024-06-26,,profile_completed,2,0,0.5605588736111111,0.1,,,,
U04831,2024-05-07,organic,desktop,free_trial,2024-05-07 00:06:00.000000,2024-05-08 09:26:18.436402,,2024-05-07 03:29:54.652124,2024-05-07,,first_feature_used,3,0,0.1,3.398514478888889,29.939940077222225,,,
U04832,2024-02-09,referral,mobile,free_trial,2024-02-09 02:20:08.075297,,,,2024-02-09,,email_verified,1,0,2.335576471388889,,,,,
U04833,2024-05-22,organic,mobile,free_trial,,,,,2024-05-22,,signup,0,0,,,,,,
U04834,2024-03-27,paid_search,desktop,freemium,2024-03-27 00:06:00.000000,,,2024-03-27 00:12:00.000000,2024-03-27,,profile_completed,2,0,0.1,0.1,,,,
U04835,2024-12-22,organic,desktop,free_trial,2024-12-22 00:06:00.000000,2024-12-22 00:39:46.472993,,2024-12-22 00:33:46.472993,2024-12-22,,first_feature_used,3,0,0.1,0.46290916472222227,0.1,,,
U04836,2024-07-11,referral,desktop,freemium,2024-07-11 02:28:38.252245,2024-07-12 08:01:56.588970,,2024-07-11 02:34:38.252245,2024-07-11,,first_feature_used,3,0,2.4772922902777776,0.1,29.455093534722224,,,
U04837,2024-02-20,paid_search,desktop,freemium,,,,,2024-02-20,,signup,0,0,,,,,,
U04838,2024-01-25,paid_search,desktop,freemium,,,,,2024-01-25,,signup,0,0,,,,,,
U04839,2024-11-06,organic,mobile,freemium,2024-11-06 00:06:00.000000,,,,2024-11-06,,email_verified,1,0,0.1,,,,,
U04840,2024-12-05,referral,mobile,free_trial,,,,,2024-12-05,,signup,0,0,,,,,,
U04841,2024-10-05,paid_search,desktop,freemium,2024-10-05 00:25:34.043560,,,2024-10-05 08:30:05.421747,2024-10-05,,profile_completed,2,0,0.4261232111111111,8.075382829722221,,,,
U04842,2024-02-15,organic,tablet,free_trial,2024-02-15 04:06:52.418876,,,,2024-02-15,,email_verified,1,0,4.114560798888888,,,,,
U04843,2024-02-05,referral,desktop,free_trial,2024-02-05 00:06:00.000000,2024-02-05 00:18:00.000000,,2024-02-05 00:12:00.000000,2024-02-05,2024-02-05 00:24:00.000000,team_invited,4,0,0.1,0.1,0.1,0.1,,
U04844,2024-03-13,organic,mobile,freemium,2024-03-13 02:08:50.296144,,,2024-03-13 02:14:50.296144,2024-03-13,,profile_completed,2,0,2.147304484444444,0.1,,,,
U04845,2024-10-01,organic,mobile,free_trial,2024-10-01 00:48:08.855155,,,,2024-10-01,,email_verified,1,0,0.8024597652777778,,,,,
U04846,2024-10-06,paid_search,desktop,free_trial,2024-10-06 05:06:59.677403,2024-10-08 09:52:49.625324,,2024-10-06 05:12:59.677403,2024-10-06,2024-10-09 14:47:52.859618,team_invited,4,0,5.1165770563888895,0.1,52.6638744225,28.917565081666666,,
U04847,2024-11-01,organic,desktop,freemium,2024-11-01 02:04:35.064025,2024-11-03 00:39:21.035132,,2024-11-01 02:30:00.854625,2024-11-01,2024-11-07 09:08:39.586077,team_invited,4,0,2.076406673611111,0.42383072222222223,46.15560569638889,104.48848637361112,,
U04848,2024-02-05,paid_search,desktop,free_trial,2024-02-05 02:42:40.702044,,,,2024-02-05,,email_verified,1,0,2.7113061233333333,,,,,
U04849,2024-02-25,organic,tablet,free_trial,,,,,2024-02-25,,signup,0,0,,,,,,
U04850,2024-11-24,organic,desktop,free_trial,2024-11-24 00:06:00.000000,,,2024-11-24 01:06:02.079319,2024-11-24,,profile_completed,2,0,0.1,1.000577588611111,,,,
U04851,2024-12-04,organic,mobile,free_trial,2024-12-04 03:32:24.330282,,,2024-12-04 15:15:55.094644,2024-12-04,,profile_completed,2,0,3.5400917450000002,11.725212322777779,,,,
U04852,2024-09-21,organic,desktop,free_trial,,,,,2024-09-21,,signup,0,0,,,,,,
U04853,2024-02-08,referral,desktop,free_trial,2024-02-08 00:06:00.000000,,,2024-02-08 03:49:54.135608,2024-02-08,,profile_completed,2,0,0.1,3.7317043355555555,,,,
U04854,2024-01-26,paid_search,mobile,free_trial,,,,,2024-01-26,,signup,0,0,,,,,,
U04855,2024-01-21,paid_search,desktop,freemium,,,,,2024-01-21,,signup,0,0,,,,,,
U04856,2024-09-09,organic,desktop,freemium,2024-09-09 00:06:00.000000,2024-09-13 02:43:06.049370,,2024-09-09 19:25:16.334184,2024-09-09,,first_feature_used,3,0,0.1,19.32120394,79.29714310722221,,,
U04857,2024-11-04,paid_search,tablet,freemium,2024-11-04 01:54:18.469246,,,,2024-11-04,,email_verified,1,0,1.905130346111111,,,,,
U04858,2024-08-18,organic,desktop,free_trial,,,,,2024-08-18,,signup,0,0,,,,,,
U04859,2024-04-05,organic,tablet,freemium,2024-04-05 00:06:00.000000,,,,2024-04-05,,email_verified,1,0,0.1,,,,,
U04860,2024-10-03,paid_search,tablet,freemium,,,,,2024-10-03,,signup,0,0,,,,,,
U04861,2024-01-22,paid_search,desktop,freemium,2024-01-22 00:06:00.000000,2024-01-22 23:18:44.689089,,2024-01-22 23:12:44.689089,2024-01-22,,first_feature_used,3,0,0.1,23.112413635833335,0.1,,,
U04862,2024-10-29,paid_search,desktop,free_trial,2024-10-29 00:06:00.000000,,,2024-10-29 14:55:09.960967,2024-10-29,,profile_completed,2,0,0.1,14.819433601944445,,,,
U04863,2024-11-21,referral,desktop,free_trial,2024-11-21 01:04:05.227418,2024-11-21 01:16:05.227418,2024-12-11 21:40:10.484994,2024-11-21 01:10:05.227418,2024-11-21,2024-12-01 05:47:43.925405,paid_conversion,5,1,1.0681187272222221,0.1,0.1,244.5274161075,255.87404433027777,501.669579165
U04864,2024-09-19,referral,mobile,free_trial,,,,,2024-09-19,,signup,0,0,,,,,,
U04865,2024-11-16,organic,tablet,freemium,,,,,2024-11-16,,signup,0,0,,,,,,
U04866,2024-08-01,organic,mobile,free_trial,2024-08-01 01:50:07.556465,2024-08-03 10:04:56.036431,,2024-08-01 06:37:39.378853,2024-08-01,,first_feature_used,3,0,1.8354323513888888,4.792172885555556,51.454627105,,,
U04867,2024-06-19,organic,tablet,freemium,2024-06-19 00:06:00.000000,,,2024-06-19 00:12:00.000000,2024-06-19,,profile_completed,2,0,0.1,0.1,,,,
U04868,2024-04-27,paid_search,desktop,free_trial,2024-04-27 03:02:38.144891,2024-04-28 23:44:15.217798,,2024-04-27 22:29:23.491291,2024-04-27,,first_feature_used,3,0,3.043929136388889,19.445929555555555,25.2477018075,,,
U04869,2024-12-02,referral,desktop,freemium,2024-12-02 03:10:08.809558,,,2024-12-02 11:02:46.947545,2024-12-02,,profile_completed,2,0,3.1691137661111113,7.877260551944444,,,,
U04870,2024-09-11,referral,desktop,free_trial,2024-09-11 01:48:50.779742,,,,2024-09-11,,email_verified,1,0,1.8141054838888888,,,,,
U04871,2024-03-10,organic,mobile,free_trial,2024-03-10 01:24:02.513399,,,,2024-03-10,,email_verified,1,0,1.4006981663888889,,,,,
U04872,2024-12-15,referral,desktop,free_trial,2024-12-15 00:06:00.000000,2024-12-16 19:34:58.874447,,2024-12-15 09:07:17.038371,2024-12-15,2024-12-16 19:40:58.874447,team_invited,4,0,0.1,9.0213995475,34.46162113222223,0.1,,
U04873,2024-01-22,paid_search,desktop,freemium,2024-01-22 02:20:17.381952,,,,2024-01-22,,email_verified,1,0,2.338161653333333,,,,,
U04874,2024-08-02,referral,desktop,free_trial,2024-08-02 01:43:55.119562,2024-08-10 21:27:56.697099,,2024-08-02 10:17:31.033423,2024-08-02,,first_feature_used,3,0,1.731977656111111,8.5599760725,203.17379546555554,,,
U04875,2024-03-10,paid_search,desktop,free_trial,2024-03-10 01:50:54.393972,,,2024-03-10 11:20:43.188034,2024-03-10,,profile_completed,2,0,1.84844277,9.496887239444444,,,,
U04876,2024-08-30,organic,desktop,freemium,,,,,2024-08-30,,signup,0,0,,,,,,
U04877,2024-05-30,organic,desktop,freemium,2024-05-30 02:13:26.197008,2024-05-31 23:03:57.352658,,2024-05-30 11:08:08.953646,2024-05-30,,first_feature_used,3,0,2.2239436133333332,8.911876843888889,35.930110836666664,,,
U04878,2024-06-08,referral,mobile,freemium,,,,,2024-06-08,,signup,0,0,,,,,,
U04879,2024-09-02,organic,mobile,freemium,2024-09-02 00:06:00.000000,2024-09-02 06:05:34.412355,,2024-09-02 05:59:34.412355,2024-09-02,,first_feature_used,3,0,0.1,5.892892320833333,0.1,,,
U04880,2024-10-02,organic,desktop,free_trial,2024-10-02 02:01:12.825526,2024-10-03 16:03:18.978087,,2024-10-02 02:07:12.825526,2024-10-02,,first_feature_used,3,0,2.0202293127777775,0.1,37.935042378055556,,,
U04881,2024-05-18,organic,mobile,freemium,2024-05-18 00:06:00.000000,,,2024-05-18 06:03:19.322722,2024-05-18,,profile_completed,2,0,0.1,5.955367422777778,,,,
U04882,2024-12-30,organic,desktop,free_trial,2024-12-30 01:18:41.680593,2024-12-30 09:27:35.715020,,2024-12-30 08:32:31.078752,2024-12-30,2025-01-03 09:07:09.017924,team_invited,4,0,1.3115779425,7.2303883775,0.9179545188888889,95.65925080666666,,
U04883,2024-06-30,referral,mobile,freemium,2024-06-30 00:06:00.000000,2024-06-30 13:26:22.066619,,2024-06-30 13:20:22.066619,2024-06-30,,first_feature_used,3,0,0.1,13.239462949722222,0.1,,,
U04884,2024-02-28,organic,desktop,freemium,2024-02-28 00:06:00.000000,,,2024-02-28 06:46:34.614808,2024-02-28,,profile_completed,2,0,0.1,6.676281891111111,,,,
U04885,2024-01-03,organic,desktop,free_trial,,,,,2024-01-03,,signup,0,0,,,,,,
U04886,2024-03-14,paid_search,desktop,free_trial,2024-03-14 00:06:00.000000,2024-03-14 08:49:40.083550,,2024-03-14 08:43:40.083550,2024-03-14,,first_feature_used,3,0,0.1,8.627800986111112,0.1,,,
U04887,2024-09-09,paid_search,desktop,freemium,2024-09-09 00:23:16.673832,2024-09-09 00:37:56.267696,,2024-09-09 00:29:16.673832,2024-09-09,,first_feature_used,3,0,0.3879649533333333,0.1,0.1443316288888889,,,
U04888,2024-07-15,organic,desktop,freemium,,,,,2024-07-15,,signup,0,0,,,,,,
U04889,2024-05-03,organic,mobile,freemium,,,,,2024-05-03,,signup,0,0,,,,,,
U04890,2024-06-24,organic,mobile,freemium,2024-06-24 03:10:20.244550,,,,2024-06-24,,email_verified,1,0,3.172290152777778,,,,,
U04891,2024-11-01,organic,desktop,free_trial,2024-11-01 00:06:00.000000,2024-11-03 11:53:20.975036,,2024-11-01 00:12:00.000000,2024-11-01,,first_feature_used,3,0,0.1,0.1,59.68915973222222,,,
U04892,2024-07-27,organic,desktop,free_trial,2024-07-27 02:20:38.154126,,,,2024-07-27,,email_verified,1,0,2.3439317016666665,,,,,
U04893,2024-01-22,organic,mobile,freemium,,,,,2024-01-22,,signup,0,0,,,,,,
U04894,2024-01-18,paid_search,desktop,free_trial,2024-01-18 00:06:00.000000,2024-01-18 00:18:00.000000,,2024-01-18 00:12:00.000000,2024-01-18,2024-01-18 00:24:00.000000,team_invited,4,0,0.1,0.1,0.1,0.1,,
U04895,2024-06-24,referral,desktop,freemium,2024-06-24 01:11:41.686074,2024-06-27 11:43:27.647465,,2024-06-24 01:17:41.686074,2024-06-24,,first_feature_used,3,0,1.1949127983333334,0.1,82.42943371972223,,,
U04896,2024-05-27,referral,desktop,freemium,,,,,2024-05-27,,signup,0,0,,,,,,
U04897,2024-11-06,organic,desktop,free_trial,2024-11-06 00:06:00.000000,,,2024-11-06 16:49:45.002492,2024-11-06,,profile_completed,2,0,0.1,16.72916735888889,,,,
U04898,2024-07-31,organic,desktop,freemium,,,,,2024-07-31,,signup,0,0,,,,,,
U04899,2024-10-03,referral,desktop,freemium,2024-10-03 00:06:00.000000,2024-10-05 02:17:24.114319,,2024-10-03 00:59:43.465909,2024-10-03,,first_feature_used,3,0,0.1,0.8954071969444445,49.29462455833333,,,
U04900,2024-08-01,paid_search,desktop,free_trial,2024-08-01 00:06:00.000000,2024-08-01 08:45:34.312221,,2024-08-01 08:39:34.312221,2024-08-01,,first_feature_used,3,0,0.1,8.5595311725,0.1,,,
U04901,2024-05-06,paid_search,mobile,freemium,2024-05-06 00:06:00.000000,,,,2024-05-06,,email_verified,1,0,0.1,,,,,
U04902,2024-08-27,organic,mobile,freemium,2024-08-27 00:06:00.000000,,,,2024-08-27,,email_verified,1,0,0.1,,,,,
U04903,2024-08-14,organic,mobile,free_trial,2024-08-14 00:08:17.313519,2024-08-17 00:03:27.597156,,2024-08-14 06:27:10.316603,2024-08-14,,first_feature_used,3,0,0.13814264416666666,6.314723078888889,65.60480015361111,,,
U04904,2024-09-19,paid_search,desktop,free_trial,2024-09-19 00:06:00.000000,,,2024-09-19 00:12:00.000000,2024-09-19,,profile_completed,2,0,0.1,0.1,,,,
U04905,2024-03-10,paid_search,tablet,free_trial,2024-03-10 00:12:36.884507,,,,2024-03-10,,email_verified,1,0,0.21024569638888888,,,,,
U04906,2024-08-22,organic,mobile,freemium,,,,,2024-08-22,,signup,0,0,,,,,,
U04907,2024-04-14,referral,desktop,free_trial,2024-04-14 04:41:32.994157,,,,2024-04-14,,email_verified,1,0,4.692498376944445,,,,,
U04908,2024-10-15,paid_search,desktop,free_trial,2024-10-15 03:37:41.444752,2024-10-15 16:08:08.500235,,2024-10-15 15:23:44.515088,2024-10-15,,first_feature_used,3,0,3.6281790977777777,11.767519537777776,0.7399958741666667,,,
U04909,2024-10-18,paid_search,mobile,freemium,,,,,2024-10-18,,signup,0,0,,,,,,
U04910,2024-08-16,organic,desktop,freemium,2024-08-16 00:06:00.000000,,,,2024-08-16,,email_verified,1,0,0.1,,,,,
U04911,2024-12-11,paid_search,mobile,freemium,2024-12-11 00:06:00.000000,,,2024-12-11 04:42:39.234404,2024-12-11,,profile_completed,2,0,0.1,4.610898445555555,,,,
U04912,2024-07-15,paid_search,mobile,freemium,,,,,2024-07-15,,signup,0,0,,,,,,
U04913,2024-01-10,organic,tablet,free_trial,2024-01-10 03:19:59.815050,,,2024-01-10 03:25:59.815050,2024-01-10,,profile_completed,2,0,3.333281958333333,0.1,,,,
U04914,2024-08-09,paid_search,tablet,free_trial,2024-08-09 01:20:12.583931,,,2024-08-09 09:04:20.060003,2024-08-09,,profile_completed,2,0,1.3368288697222221,7.735410020000001,,,,
U04915,2024-10-10,paid_search,mobile,freemium,,,,,2024-10-10,,signup,0,0,,,,,,
U04916,2024-02-06,referral,tablet,free_trial,2024-02-06 00:06:00.000000,2024-02-08 16:05:06.627234,,2024-02-06 00:12:00.000000,2024-02-06,2024-02-08 16:11:06.627234,team_invited,4,0,0.1,0.1,63.88517423166667,0.1,,
U04917,2024-02-08,organic,tablet,free_trial,,,,,2024-02-08,,signup,0,0,,,,,,
U04918,2024-04-09,referral,desktop,freemium,2024-04-09 00:45:13.733132,,,,2024-04-09,,email_verified,1,0,0.7538147588888888,,,,,
U04919,2024-11-04,paid_search,mobile,free_trial,,,,,2024-11-04,,signup,0,0,,,,,,
U04920,2024-07-11,organic,desktop,free_trial,2024-07-11 00:06:00.000000,2024-07-13 17:53:50.867007,,2024-07-11 16:55:56.024606,2024-07-11,,first_feature_used,3,0,0.1,16.83222905722222,48.965234000277775,,,
U04921,2024-12-22,organic,desktop,freemium,2024-12-22 00:06:00.000000,,,,2024-12-22,,email_verified,1,0,0.1,,,,,
U04922,2024-11-14,organic,desktop,freemium,,,,,2024-11-14,,signup,0,0,,,,,,
U04923,2024-07-21,organic,desktop,free_trial,2024-07-21 00:06:00.000000,2024-07-23 14:37:59.590456,,2024-07-21 04:33:16.562919,2024-07-21,,first_feature_used,3,0,0.1,4.454600810833333,58.07861876027778,,,
U04924,2024-09-04,paid_search,desktop,free_trial,2024-09-04 00:06:00.000000,2024-09-04 00:18:00.000000,,2024-09-04 00:12:00.000000,2024-09-04,2024-09-06 06:11:28.829941,team_invited,4,0,0.1,0.1,0.1,53.89134165027778,,
U04925,2024-04-30,paid_search,desktop,freemium,2024-04-30 00:06:00.000000,2024-05-02 17:04:21.080592,,2024-04-30 00:12:00.000000,2024-04-30,,first_feature_used,3,0,0.1,0.1,64.87252238666667,,,
U04926,2024-02-02,organic,desktop,freemium,2024-02-02 00:06:00.000000,,,,2024-02-02,,email_verified,1,0,0.1,,,,,
U04927,2024-05-25,referral,mobile,free_trial,2024-05-25 00:06:00.000000,,,,2024-05-25,,email_verified,1,0,0.1,,,,,
U04928,2024-08-04,organic,mobile,free_trial,2024-08-04 00:06:00.000000,2024-08-04 07:37:45.626810,,2024-08-04 07:31:45.626810,2024-08-04,,first_feature_used,3,0,0.1,7.429340780555556,0.1,,,
U04929,2024-03-07,paid_search,tablet,freemium,2024-03-07 01:39:18.347033,2024-03-07 01:51:18.347033,,2024-03-07 01:45:18.347033,2024-03-07,2024-03-11 02:48:00.211323,team_invited,4,0,1.6550963980555555,0.1,0.1,96.94496230277778,,
U04930,2024-03-21,referral,desktop,free_trial,2024-03-21 00:06:00.000000,,,,2024-03-21,,email_verified,1,0,0.1,,,,,
U04931,2024-01-06,referral,desktop,free_trial,2024-01-06 00:06:00.000000,2024-01-07 22:40:03.376850,,2024-01-06 00:12:00.000000,2024-01-06,2024-01-10 06:11:44.663211,team_invited,4,0,0.1,0.1,46.46760468055555,55.52813510027778,,
U04932,2024-09-24,paid_search,mobile,free_trial,2024-09-24 00:06:00.000000,,,,2024-09-24,,email_verified,1,0,0.1,,,,,
U04933,2024-11-24,paid_search,desktop,free_trial,2024-11-24 00:06:00.000000,,,2024-11-24 12:56:16.625310,2024-11-24,,profile_completed,2,0,0.1,12.837951475,,,,
U04934,2024-10-29,organic,tablet,free_trial,2024-10-29 01:40:44.085273,2024-10-29 01:52:44.085273,,2024-10-29 01:46:44.085273,2024-10-29,,first_feature_used,3,0,1.6789125758333332,0.1,0.1,,,
U04935,2024-05-18,organic,mobile,free_trial,2024-05-18 00:47:41.017014,,,,2024-05-18,,email_verified,1,0,0.7947269483333333,,,,,
U04936,2024-08-04,organic,desktop,freemium,,,,,2024-08-04,,signup,0,0,,,,,,
U04937,2024-12-16,organic,desktop,free_trial,,,,,2024-12-16,,signup,0,0,,,,,,
U04938,2024-08-03,organic,desktop,free_trial,,,,,2024-08-03,,signup,0,0,,,,,,
U04939,2024-04-17,organic,desktop,free_trial,,,,,2024-04-17,,signup,0,0,,,,,,
U04940,2024-05-03,referral,desktop,freemium,2024-05-03 00:06:00.000000,,,2024-05-03 00:12:00.000000,2024-05-03,,profile_completed,2,0,0.1,0.1,,,,
U04941,2024-09-22,referral,mobile,free_trial,2024-09-22 01:04:14.423553,,,,2024-09-22,,email_verified,1,0,1.0706732091666666,,,,,
U04942,2024-06-11,referral,mobile,free_trial,2024-06-11 00:06:00.000000,,,2024-06-11 00:12:00.000000,2024-06-11,,profile_completed,2,0,0.1,0.1,,,,
U04943,2024-11-01,paid_search,desktop,freemium,2024-11-01 02:45:05.058922,2024-11-03 17:27:27.761431,,2024-11-01 02:51:05.058922,2024-11-01,,first_feature_used,3,0,2.751405256111111,0.1,62.6063062525,,,
U04944,2024-11-11,organic,desktop,freemium,,,,,2024-11-11,,signup,0,0,,,,,,
U04945,2024-01-14,organic,desktop,freemium,2024-01-14 00:06:00.000000,,,2024-01-14 10:58:07.760145,2024-01-14,,profile_completed,2,0,0.1,10.8688222625,,,,
U04946,2024-09-21,paid_search,desktop,free_trial,2024-09-21 02:03:00.025216,2024-09-21 02:15:00.025216,,2024-09-21 02:09:00.025216,2024-09-21,,first_feature_used,3,0,2.0500070044444443,0.1,0.1,,,
U04947,2024-05-15,paid_search,mobile,free_trial,2024-05-15 00:06:00.000000,,,2024-05-15 17:41:41.197005,2024-05-15,,profile_completed,2,0,0.1,17.594776945833335,,,,
U04948,2024-07-08,organic,mobile,free_trial,,,,,2024-07-08,,signup,0,0,,,,,,
U04949,2024-04-06,paid_search,mobile,freemium,2024-04-06 00:06:00.000000,,,,2024-04-06,,email_verified,1,0,0.1,,,,,
U04950,2024-05-14,paid_search,desktop,free_trial,2024-05-14 00:36:28.504854,2024-05-20 02:21:49.462781,,2024-05-14 13:24:04.625880,2024-05-14,,first_feature_used,3,0,0.607918015,12.793366951666666,132.96245469472223,,,
U04951,2024-04-30,organic,desktop,free_trial,2024-04-30 00:06:00.000000,,,,2024-04-30,,email_verified,1,0,0.1,,,,,
U04952,2024-01-19,organic,mobile,free_trial,2024-01-19 00:06:39.838499,2024-01-24 03:15:22.833034,,2024-01-19 03:25:45.800855,2024-01-19,2024-01-26 22:20:12.076453,team_invited,4,0,0.11106624972222223,3.3183228766666666,119.82695338305555,67.08034539416667,,
U04953,2024-10-12,organic,mobile,freemium,2024-10-12 01:31:27.017202,2024-10-12 04:13:39.321577,,2024-10-12 04:07:39.321577,2024-10-12,,first_feature_used,3,0,1.524171445,2.6034178819444445,0.1,,,
U04954,2024-02-22,paid_search,mobile,free_trial,,,,,2024-02-22,,signup,0,0,,,,,,
U04955,2024-05-17,referral,desktop,free_trial,,,,,2024-05-17,,signup,0,0,,,,,,
U04956,2024-03-11,paid_search,mobile,freemium,2024-03-11 00:06:00.000000,,,,2024-03-11,,email_verified,1,0,0.1,,,,,
U04957,2024-02-28,paid_search,desktop,freemium,2024-02-28 00:06:00.000000,,,,2024-02-28,,email_verified,1,0,0.1,,,,,
U04958,2024-05-16,referral,desktop,freemium,2024-05-16 02:35:30.780340,,,,2024-05-16,,email_verified,1,0,2.591883427777778,,,,,
U04959,2024-12-01,organic,mobile,freemium,,,,,2024-12-01,,signup,0,0,,,,,,
U04960,2024-12-10,paid_search,desktop,free_trial,2024-12-10 01:12:49.401214,,,2024-12-10 20:16:32.694351,2024-12-10,,profile_completed,2,0,1.2137225594444445,19.06202587138889,,,,
U04961,2024-05-19,paid_search,mobile,freemium,2024-05-19 03:44:08.082769,,,,2024-05-19,,email_verified,1,0,3.7355785469444447,,,,,
U04962,2024-07-03,paid_search,desktop,free_trial,2024-07-03 00:18:13.874066,,,2024-07-03 10:42:16.298163,2024-07-03,,profile_completed,2,0,0.3038539072222222,10.400673360277779,,,,
U04963,2024-12-25,organic,desktop,freemium,2024-12-25 00:06:00.000000,,,2024-12-25 00:12:00.000000,2024-12-25,,profile_completed,2,0,0.1,0.1,,,,
U04964,2024-03-26,referral,desktop,free_trial,2024-03-26 00:42:52.311532,,,,2024-03-26,,email_verified,1,0,0.7145309811111111,,,,,
U04965,2024-12-10,referral,mobile,freemium,2024-12-10 01:02:58.159036,,,2024-12-10 01:08:58.159036,2024-12-10,,profile_completed,2,0,1.0494886211111112,0.1,,,,
U04966,2024-02-08,organic,mobile,free_trial,2024-02-08 00:06:00.000000,,,,2024-02-08,,email_verified,1,0,0.1,,,,,
U04967,2024-03-23,organic,desktop,free_trial,2024-03-23 01:01:02.229061,,,,2024-03-23,,email_verified,1,0,1.0172858502777777,,,,,
U04968,2024-05-03,organic,desktop,free_trial,2024-05-03 00:06:00.000000,2024-05-03 19:13:20.584267,,2024-05-03 19:07:20.584267,2024-05-03,,first_feature_used,3,0,0.1,19.022384518611112,0.1,,,
U04969,2024-01-14,paid_search,desktop,freemium,,,,,2024-01-14,,signup,0,0,,,,,,
U04970,2024-10-24,paid_search,desktop,free_trial,2024-10-24 02:17:41.375997,2024-10-27 04:39:34.523835,,2024-10-24 02:23:41.375997,2024-10-24,,first_feature_used,3,0,2.294826665833333,0.1,74.26476328833333,,,
U04971,2024-11-08,organic,mobile,freemium,,,,,2024-11-08,,signup,0,0,,,,,,
U04972,2024-05-19,referral,desktop,free_trial,2024-05-19 06:11:18.637635,2024-05-22 15:09:55.526776,2024-05-28 13:11:56.766957,2024-05-20 11:04:22.544140,2024-05-19,2024-05-22 15:15:55.526776,paid_conversion,5,1,6.188510454166666,28.884418473611113,52.09249517666667,0.1,141.93367782805555,229.1991019325
U04973,2024-11-01,organic,desktop,freemium,2024-11-01 00:06:00.000000,,,,2024-11-01,,email_verified,1,0,0.1,,,,,
U04974,2024-10-08,paid_search,desktop,freemium,,,,,2024-10-08,,signup,0,0,,,,,,
U04975,2024-10-19,organic,desktop,free_trial,2024-10-19 01:13:17.197787,2024-10-19 01:25:17.197787,,2024-10-19 01:19:17.197787,2024-10-19,,first_feature_used,3,0,1.2214438297222223,0.1,0.1,,,
U04976,2024-10-19,paid_search,mobile,freemium,2024-10-19 02:08:22.873598,,,,2024-10-19,,email_verified,1,0,2.1396871105555557,,,,,
U04977,2024-07-28,paid_search,mobile,freemium,2024-07-28 04:15:44.652946,2024-07-30 21:12:53.857202,2024-08-21 19:12:02.505454,2024-07-28 04:21:44.652946,2024-07-28,2024-08-05 18:51:20.420855,paid_conversion,5,1,4.2624035961111115,0.1,64.85255673777777,141.64071212583332,384.34502349972223,595.2006959594445
U04978,2024-02-10,organic,desktop,freemium,2024-02-10 00:06:00.000000,,,2024-02-10 01:28:32.322211,2024-02-10,,profile_completed,2,0,0.1,1.375645058611111,,,,
U04979,2024-12-03,organic,tablet,freemium,2024-12-03 01:39:25.320412,,,,2024-12-03,,email_verified,1,0,1.6570334477777777,,,,,
U04980,2024-08-10,referral,desktop,freemium,2024-08-10 02:11:57.577212,,,2024-08-10 16:18:37.348734,2024-08-10,,profile_completed,2,0,2.1993270033333334,14.111047645000001,,,,
U04981,2024-11-24,paid_search,mobile,free_trial,2024-11-24 00:06:00.000000,,,2024-11-24 08:47:50.124080,2024-11-24,,profile_completed,2,0,0.1,8.697256688888888,,,,
U04982,2024-12-16,referral,mobile,free_trial,2024-12-16 01:07:07.041357,,,2024-12-16 08:14:07.249009,2024-12-16,,profile_completed,2,0,1.1186225991666667,7.116724347777778,,,,
U04983,2024-03-09,paid_search,desktop,free_trial,2024-03-09 01:45:41.168769,2024-03-09 18:17:59.340302,,2024-03-09 18:11:59.340302,2024-03-09,,first_feature_used,3,0,1.7614357691666667,16.43838098138889,0.1,,,
U04984,2024-05-26,paid_search,mobile,freemium,2024-05-26 00:41:20.887128,2024-05-26 19:49:17.001640,,2024-05-26 19:19:14.200478,2024-05-26,,first_feature_used,3,0,0.6891353133333333,18.631475930555556,0.5007781005555555,,,
U04985,2024-03-11,organic,desktop,freemium,2024-03-11 00:06:00.000000,,,,2024-03-11,,email_verified,1,0,0.1,,,,,
U04986,2024-01-19,paid_search,mobile,free_trial,2024-01-19 01:13:23.411381,2024-01-19 06:21:28.563228,,2024-01-19 06:15:28.563228,2024-01-19,,first_feature_used,3,0,1.2231698280555556,5.034764401944445,0.1,,,
U04987,2024-12-18,organic,desktop,free_trial,2024-12-18 00:06:00.000000,,,,2024-12-18,,email_verified,1,0,0.1,,,,,
U04988,2024-12-03,organic,desktop,free_trial,2024-12-03 00:11:26.474305,2024-12-04 21:17:57.106405,,2024-12-03 02:47:22.225339,2024-12-03,,first_feature_used,3,0,0.19068730694444444,2.598819731666667,42.509689185,,,
U04989,2024-12-06,organic,mobile,freemium,,,,,2024-12-06,,signup,0,0,,,,,,
U04990,2024-11-18,organic,desktop,freemium,,,,,2024-11-18,,signup,0,0,,,,,,
U04991,2024-08-24,referral,desktop,freemium,2024-08-24 03:25:57.191260,2024-08-24 03:37:57.191260,,2024-08-24 03:31:57.191260,2024-08-24,,first_feature_used,3,0,3.4325531277777777,0.1,0.1,,,
U04992,2024-07-09,referral,desktop,freemium,2024-07-09 00:51:19.363509,,,2024-07-09 00:57:19.363509,2024-07-09,,profile_completed,2,0,0.8553787525,0.1,,,,
U04993,2024-12-27,paid_search,desktop,freemium,2024-12-27 00:27:33.365415,,,2024-12-27 00:33:33.365415,2024-12-27,,profile_completed,2,0,0.4592681708333333,0.1,,,,
U04994,2024-07-20,organic,mobile,free_trial,2024-07-20 00:08:38.422453,2024-07-20 05:36:44.756782,,2024-07-20 05:30:44.756782,2024-07-20,,first_feature_used,3,0,0.14400623694444445,5.3684262025,0.1,,,
U04995,2024-08-22,referral,mobile,free_trial,2024-08-22 02:37:01.929707,2024-08-24 19:53:38.473777,,2024-08-22 02:43:01.929707,2024-08-22,,first_feature_used,3,0,2.6172026963888886,0.1,65.17681779722223,,,
U04996,2024-03-18,paid_search,tablet,free_trial,2024-03-18 02:22:13.629614,,,2024-03-18 02:28:13.629614,2024-03-18,,profile_completed,2,0,2.3704526705555553,0.1,,,,
U04997,2024-09-29,organic,desktop,freemium,2024-09-29 00:06:00.000000,,,2024-09-29 00:12:00.000000,2024-09-29,,profile_completed,2,0,0.1,0.1,,,,
U04998,2024-10-26,paid_search,desktop,freemium,2024-10-26 00:06:00.000000,2024-10-28 04:31:44.660469,,2024-10-26 04:32:19.269776,2024-10-26,,first_feature_used,3,0,0.1,4.438686048888889,47.99038630361111,,,
U04999,2024-09-04,paid_search,desktop,free_trial,2024-09-04 00:06:00.000000,,,2024-09-04 09:29:41.911708,2024-09-04,,profile_completed,2,0,0.1,9.394975474444445,,,,
U05000,2024-06-30,organic,desktop,free_trial,2024-06-30 00:06:00.000000,2024-06-30 14:45:06.649334,2024-07-18 19:45:51.433806,2024-06-30 00:12:00.000000,2024-06-30,2024-07-06 11:08:31.111118,paid_conversion,5,1,0.1,0.1,14.551847037222222,140.39012827333332,296.6223118577778,451.76428716833334
